host_since,host_location,host_response_time,host_response_rate,host_acceptance_rate,host_is_superhost,host_listings_count,host_has_profile_pic,host_identity_verified,neighbourhood_cleansed,latitude,longitude,room_type,accommodates,bathrooms,bathrooms_text,bedrooms,beds,minimum_nights,maximum_nights,minimum_minimum_nights,minimum_maximum_nights,availability_30,availability_365,number_of_reviews,instant_bookable,calculated_host_listings_count,calculated_host_listings_count_private_rooms
2022-06-30,,within an hour,100%,100%,f,54.0,t,t,St George West,51.46002580878734,-2.5520843556540096,Entire home/apt,4.0,1.0,1 bath,1.0,2.0,1.0,90.0,2.0,90.0,0.0,61.0,0.0,t,32.0,0.0
2015-09-01,"Bristol, United Kingdom",within a day,83%,42%,f,2.0,t,t,Ashley,51.47116,-2.58976,Private room,2.0,1.0,1 bath,1.0,1.0,1.0,365.0,1.0,365.0,27.0,259.0,53.0,f,2.0,1.0
2015-01-23,"Bristol, United Kingdom",,,100%,f,1.0,t,t,Cotham,51.4639,-2.59297,Entire home/apt,2.0,1.0,1 bath,1.0,1.0,14.0,365.0,2.0,365.0,7.0,18.0,3.0,f,1.0,0.0
2021-10-12,,within a few hours,100%,43%,t,1.0,f,t,Westbury-on-Trym & Henleaze,51.4859133,-2.6053593,Private room,1.0,1.0,1 private bath,1.0,1.0,1.0,30.0,1.0,30.0,17.0,167.0,43.0,f,1.0,1.0
2014-04-18,"Bristol, United Kingdom",within a day,100%,61%,f,1.0,t,t,Lawrence Hill,51.45279,-2.58266,Entire home/apt,2.0,1.0,1 bath,1.0,1.0,3.0,365.0,3.0,365.0,2.0,21.0,19.0,f,1.0,0.0
2017-04-13,"Bristol, United Kingdom",within an hour,99%,97%,f,100.0,t,t,Southville,51.44416,-2.59994,Entire home/apt,2.0,1.0,1 bath,1.0,1.0,1.0,1125.0,2.0,1125.0,23.0,357.0,51.0,f,67.0,0.0
2014-11-09,"Bristol, United Kingdom",within an hour,100%,77%,t,5.0,t,f,Brislington West,51.4351,-2.55306,Entire home/apt,4.0,1.0,1 bath,1.0,1.0,14.0,365.0,14.0,365.0,30.0,313.0,0.0,f,4.0,3.0
2024-04-16,"Bristol, United Kingdom",within an hour,100%,98%,t,1.0,t,t,Central,51.46211,-2.59136,Private room,1.0,1.0,1 shared bath,1.0,1.0,1.0,30.0,1.0,30.0,20.0,63.0,79.0,f,1.0,1.0
2015-01-25,"Bristol, United Kingdom",within an hour,100%,100%,t,1.0,t,t,Ashley,51.46705,-2.57692,Entire home/apt,3.0,1.0,1 bath,1.0,2.0,2.0,1125.0,2.0,1125.0,21.0,75.0,101.0,t,1.0,0.0
2016-02-03,"Bristol, United Kingdom",within a few hours,100%,99%,f,6.0,t,t,Eastville,51.47364,-2.56017,Private room,1.0,3.0,3 shared baths,1.0,1.0,5.0,1125.0,5.0,1125.0,0.0,16.0,64.0,f,6.0,6.0
2021-07-03,"Cheltenham, United Kingdom",within an hour,83%,100%,f,15.0,t,t,Ashley,51.46001526114597,-2.585203300000003,Entire home/apt,4.0,1.0,1 bath,2.0,2.0,1.0,365.0,2.0,365.0,19.0,325.0,15.0,t,15.0,0.0
2014-11-29,"Bristol, United Kingdom",within an hour,100%,99%,t,3.0,t,t,Cotham,51.46507,-2.60272,Entire home/apt,4.0,1.0,1 bath,2.0,2.0,2.0,90.0,2.0,1125.0,6.0,285.0,91.0,t,2.0,1.0
2019-08-26,"England, United Kingdom",within a few hours,100%,88%,t,3.0,t,t,Cotham,51.47154,-2.60813,Private room,2.0,2.0,2 shared baths,1.0,1.0,4.0,1125.0,4.0,1125.0,18.0,353.0,48.0,f,3.0,3.0
2013-01-30,"Bristol, United Kingdom",within an hour,100%,64%,t,2.0,t,t,Southville,51.44046,-2.61292,Entire home/apt,5.0,2.5,2.5 baths,3.0,2.0,1.0,40.0,1.0,40.0,5.0,5.0,12.0,f,2.0,1.0
2016-03-31,"Bristol, United Kingdom",within an hour,100%,100%,f,210.0,t,t,Central,51.460604,-2.5931229,Entire home/apt,2.0,1.0,1 bath,1.0,1.0,1.0,365.0,1.0,1125.0,11.0,345.0,14.0,t,148.0,3.0
2017-06-12,"Manchester, United Kingdom",within an hour,100%,98%,f,8.0,t,t,Central,51.46126,-2.59338,Entire home/apt,4.0,1.0,1 bath,1.0,3.0,4.0,365.0,2.0,1125.0,16.0,16.0,60.0,t,3.0,0.0
2024-04-02,"Bristol, United Kingdom",within an hour,100%,100%,f,2.0,t,t,Hillfields,51.47485738502999,-2.5284216965841293,Entire home/apt,7.0,1.0,1 bath,4.0,5.0,2.0,28.0,1.0,28.0,28.0,213.0,7.0,t,2.0,0.0
2016-07-17,"Bristol, United Kingdom",within an hour,100%,100%,f,1.0,t,t,Easton,51.46394,-2.55327,Entire home/apt,4.0,1.0,1 bath,2.0,2.0,2.0,21.0,1.0,21.0,2.0,39.0,4.0,t,1.0,0.0
2021-07-02,"England, United Kingdom",within a few hours,100%,75%,f,1.0,t,t,Clifton Down,51.46964090842283,-2.613615168971335,Entire home/apt,4.0,1.0,1 bath,1.0,2.0,4.0,365.0,4.0,365.0,0.0,249.0,16.0,t,1.0,0.0
2019-02-20,"Topsham, United Kingdom",within an hour,100%,100%,f,1.0,t,t,Lawrence Hill,51.45588,-2.58315,Entire home/apt,3.0,1.0,1 bath,2.0,2.0,3.0,28.0,3.0,1125.0,5.0,74.0,168.0,f,1.0,0.0
2013-03-21,"Bristol, United Kingdom",within an hour,100%,99%,f,14.0,t,t,Horfield,51.493627182914224,-2.593849266550329,Private room,1.0,0.5,Shared half-bath,1.0,1.0,5.0,365.0,5.0,365.0,14.0,345.0,3.0,t,11.0,7.0
2018-08-28,"England, United Kingdom",within an hour,100%,100%,f,1.0,t,t,Stockwood,51.42748,-2.56146,Entire home/apt,4.0,1.0,1 bath,2.0,2.0,1.0,1125.0,1.0,1125.0,26.0,300.0,23.0,f,1.0,0.0
2014-12-28,"Bristol, United Kingdom",within an hour,100%,91%,t,1.0,t,t,Hotwells & Harbourside,51.45013,-2.607,Entire home/apt,2.0,1.5,1.5 baths,1.0,2.0,3.0,18.0,3.0,18.0,28.0,144.0,51.0,f,1.0,0.0
2019-01-14,"Bristol, United Kingdom",within an hour,100%,100%,t,60.0,t,t,Lawrence Hill,51.45277,-2.57641,Entire home/apt,6.0,1.5,1.5 baths,2.0,3.0,2.0,1125.0,2.0,2.0,18.0,344.0,43.0,t,47.0,0.0
2015-05-07,"Bristol, United Kingdom",within an hour,100%,100%,t,14.0,t,t,Eastville,51.47353,-2.55143,Entire home/apt,12.0,2.0,2 baths,5.0,9.0,2.0,730.0,2.0,90.0,26.0,95.0,73.0,f,11.0,5.0
2016-02-29,"Bristol, United Kingdom",a few days or more,0%,0%,f,1.0,t,t,Southville,51.44338,-2.6105,Private room,1.0,1.5,1.5 shared baths,1.0,1.0,30.0,150.0,30.0,150.0,28.0,88.0,7.0,f,1.0,1.0
2014-12-21,"Bristol, United Kingdom",within an hour,100%,100%,t,5.0,t,t,Avonmouth & Lawrence Weston,51.49455,-2.65096,Private room,1.0,1.0,1 shared bath,1.0,1.0,1.0,365.0,1.0,365.0,30.0,365.0,15.0,f,4.0,4.0
2015-06-06,"Bristol, United Kingdom",within an hour,100%,100%,t,3.0,t,t,Easton,51.46144,-2.55936,Entire home/apt,4.0,1.0,1 bath,2.0,2.0,2.0,30.0,2.0,30.0,11.0,332.0,3.0,f,3.0,1.0
2016-11-13,"Bristol, United Kingdom",,,86%,t,2.0,t,t,Windmill Hill,51.43741,-2.59685,Private room,2.0,1.0,1 private bath,1.0,1.0,2.0,30.0,2.0,30.0,10.0,10.0,7.0,f,2.0,1.0
2019-08-26,"England, United Kingdom",within a few hours,100%,88%,t,3.0,t,t,Cotham,51.46981,-2.60611,Private room,2.0,2.0,2 baths,1.0,2.0,4.0,1125.0,4.0,1125.0,0.0,136.0,52.0,f,3.0,3.0
2017-08-11,"Bristol, United Kingdom",within an hour,100%,92%,f,37.0,t,t,Clifton Down,51.46021,-2.61062,Entire home/apt,2.0,1.0,1 bath,1.0,1.0,1.0,365.0,1.0,999.0,24.0,356.0,22.0,t,25.0,0.0
2017-04-13,"Bristol, United Kingdom",within an hour,99%,97%,f,100.0,t,t,Cotham,51.46277,-2.60039,Entire home/apt,6.0,2.0,2 baths,2.0,3.0,1.0,1125.0,1.0,1125.0,28.0,359.0,25.0,f,67.0,0.0
2022-05-23,,within a few hours,100%,33%,t,1.0,t,t,Brislington West,51.44588,-2.55387,Entire home/apt,6.0,2.0,2 baths,4.0,6.0,7.0,90.0,7.0,90.0,17.0,352.0,24.0,f,1.0,0.0
2015-05-07,"Bristol, United Kingdom",within an hour,100%,100%,t,14.0,t,t,Central,51.4545525,-2.5928588,Entire home/apt,4.0,1.0,1 bath,2.0,3.0,2.0,90.0,1.0,90.0,14.0,276.0,3.0,t,11.0,5.0
2016-03-31,"Bristol, United Kingdom",within an hour,100%,100%,f,210.0,t,t,Central,51.449959,-2.596754,Entire home/apt,2.0,1.0,1 bath,1.0,0.0,1.0,365.0,1.0,1125.0,20.0,337.0,50.0,f,148.0,3.0
2016-05-30,"Bristol, United Kingdom",within a few hours,100%,70%,f,1.0,t,t,Bedminster,51.43947548034818,-2.6095102386230384,Entire home/apt,4.0,1.0,1 bath,2.0,2.0,2.0,14.0,2.0,14.0,1.0,12.0,22.0,f,1.0,0.0
2020-02-03,"Bristol, United Kingdom",within an hour,100%,95%,t,1.0,t,t,Brislington West,51.44381,-2.56417,Entire home/apt,6.0,2.0,2 baths,2.0,3.0,3.0,730.0,3.0,730.0,30.0,168.0,66.0,f,1.0,0.0
2017-08-11,"Bristol, United Kingdom",within an hour,100%,92%,f,37.0,t,t,Clifton Down,51.459,-2.61021,Entire home/apt,2.0,1.0,1 bath,1.0,1.0,1.0,365.0,1.0,999.0,18.0,349.0,1.0,t,25.0,0.0
2019-02-10,"Bristol, United Kingdom",,,,f,1.0,t,t,Southmead,51.5,-2.600976254473996,Private room,1.0,3.0,3 baths,1.0,1.0,1.0,365.0,1.0,365.0,30.0,365.0,0.0,f,1.0,1.0
2012-10-01,"Bristol, United Kingdom",within a few hours,100%,40%,f,1.0,t,t,Clifton Down,51.4578,-2.61244,Entire home/apt,4.0,1.0,1 bath,2.0,2.0,4.0,90.0,3.0,90.0,4.0,9.0,23.0,f,1.0,0.0
2019-11-02,,,,,f,2.0,t,t,Avonmouth & Lawrence Weston,51.49725,-2.64678,Entire home/apt,5.0,1.5,1.5 baths,3.0,0.0,4.0,1125.0,7.0,1125.0,30.0,90.0,0.0,f,2.0,0.0
2022-01-06,,within an hour,100%,91%,f,112.0,t,t,Windmill Hill,51.44006,-2.57427,Entire home/apt,7.0,1.0,1 bath,3.0,6.0,14.0,365.0,14.0,365.0,0.0,313.0,0.0,f,2.0,0.0
2012-01-25,"Bristol, United Kingdom",,,67%,f,1.0,t,t,Redland,51.47322,-2.6028,Entire home/apt,9.0,2.5,2.5 baths,5.0,5.0,6.0,50.0,6.0,50.0,0.0,38.0,17.0,f,1.0,0.0
2016-01-02,"Bristol, United Kingdom",within a few hours,86%,58%,t,2.0,t,t,Lockleaze,51.47415542602539,-2.57280707359314,Private room,2.0,1.0,1 shared bath,1.0,1.0,2.0,21.0,2.0,21.0,25.0,81.0,53.0,f,2.0,1.0
2015-10-12,"England, United Kingdom",within an hour,100%,98%,t,17.0,t,t,Lawrence Hill,51.45425849999999,-2.5614908,Entire home/apt,8.0,1.0,1 bath,4.0,4.0,3.0,45.0,1.0,45.0,24.0,136.0,0.0,f,15.0,0.0
2020-01-15,"England, United Kingdom",within an hour,100%,100%,f,2.0,t,t,Ashley,51.47049,-2.58523,Entire home/apt,4.0,1.0,1 bath,1.0,3.0,2.0,1125.0,2.0,1125.0,13.0,215.0,19.0,t,2.0,0.0
2024-12-15,,within an hour,100%,99%,f,27.0,t,t,Lockleaze,51.48416437479626,-2.5707855345480426,Entire home/apt,12.0,1.0,1 bath,3.0,6.0,2.0,365.0,2.0,365.0,13.0,344.0,3.0,t,4.0,0.0
2016-07-04,"Bristol, United Kingdom",within an hour,100%,99%,t,8.0,t,t,Redland,51.47428342822186,-2.611258848750557,Entire home/apt,2.0,1.0,1 bath,1.0,1.0,2.0,28.0,2.0,28.0,0.0,0.0,0.0,t,7.0,0.0
2016-07-08,"England, United Kingdom",within an hour,100%,98%,t,1.0,t,t,Redland,51.47981,-2.59349,Entire home/apt,4.0,1.0,1 bath,,2.0,2.0,1125.0,2.0,1125.0,16.0,192.0,193.0,f,1.0,0.0
2023-07-23,"Bristol, United Kingdom",within a day,71%,38%,f,1.0,f,f,Southville,51.4433964,-2.6036782,Entire home/apt,2.0,1.0,1 bath,1.0,2.0,2.0,365.0,2.0,365.0,25.0,253.0,1.0,f,1.0,0.0
2017-04-13,"Bristol, United Kingdom",within an hour,99%,97%,f,100.0,t,t,Central,51.45991119724002,-2.6069757423910547,Entire home/apt,2.0,1.0,1 bath,1.0,1.0,1.0,365.0,2.0,365.0,17.0,352.0,7.0,t,67.0,0.0
2017-04-03,"Bristol, United Kingdom",within an hour,100%,70%,f,1.0,t,t,Clifton Down,51.46714,-2.60813,Entire home/apt,2.0,1.0,1 bath,1.0,1.0,2.0,14.0,2.0,1125.0,11.0,140.0,288.0,t,1.0,0.0
2015-03-24,"Bristol, United Kingdom",within a day,50%,0%,f,1.0,t,t,Ashley,51.47104,-2.58119,Entire home/apt,5.0,1.0,1 bath,2.0,2.0,1.0,1125.0,1.0,1125.0,0.0,46.0,62.0,f,1.0,0.0
2015-06-26,"Bristol, United Kingdom",within an hour,100%,83%,f,1.0,t,t,Easton,51.46408,-2.55495,Entire home/apt,4.0,1.0,1 bath,2.0,2.0,2.0,60.0,2.0,60.0,1.0,115.0,74.0,f,1.0,0.0
2021-10-09,,,,,f,1.0,t,t,Hengrove & Whitchurch Park,51.40866,-2.58274,Entire home/apt,4.0,1.0,1 bath,1.0,1.0,7.0,365.0,7.0,1125.0,30.0,270.0,0.0,t,1.0,0.0
2017-02-11,,within an hour,100%,100%,f,1.0,t,f,St George Central,51.46264,-2.53432,Entire home/apt,6.0,1.0,1 bath,2.0,4.0,1.0,1125.0,1.0,1.0,20.0,285.0,3.0,t,1.0,0.0
2011-02-21,"Bristol, United Kingdom",within an hour,100%,96%,t,1.0,t,t,Bishopston & Ashley Down,51.47563,-2.57736,Entire home/apt,6.0,1.0,1 bath,3.0,3.0,2.0,10.0,2.0,10.0,5.0,12.0,47.0,f,1.0,0.0
2016-10-23,"Bristol, United Kingdom",within an hour,100%,100%,t,3.0,t,t,Cotham,51.46445,-2.59755,Private room,2.0,1.0,1 shared bath,1.0,2.0,1.0,10.0,1.0,1125.0,9.0,174.0,323.0,f,3.0,3.0
2023-08-16,,within an hour,100%,97%,t,1.0,t,t,Ashley,51.46476,-2.58888,Entire home/apt,6.0,2.5,2.5 baths,3.0,3.0,2.0,1125.0,1.0,365.0,13.0,97.0,45.0,t,1.0,0.0
2021-09-05,"London, United Kingdom",,,0%,f,2.0,t,t,Avonmouth & Lawrence Weston,51.49593,-2.64523,Entire home/apt,5.0,1.0,1 bath,3.0,4.0,1.0,90.0,7.0,90.0,30.0,90.0,0.0,f,1.0,0.0
2018-11-26,"Bristol, United Kingdom",,,0%,f,1.0,t,t,Stoke Bishop,51.47498774357868,-2.628817317195697,Entire home/apt,4.0,2.0,2 baths,2.0,2.0,3.0,365.0,3.0,365.0,16.0,19.0,0.0,t,1.0,0.0
2016-01-25,"Bristol, United Kingdom",within an hour,100%,100%,t,2.0,t,t,Clifton Down,51.46137,-2.61059,Entire home/apt,4.0,1.0,1 bath,1.0,2.0,1.0,120.0,1.0,1125.0,17.0,255.0,404.0,t,2.0,0.0
2018-10-07,"England, United Kingdom",within an hour,100%,100%,t,1.0,t,t,Ashley,51.46849,-2.58297,Private room,2.0,2.0,2 shared baths,1.0,1.0,2.0,1125.0,2.0,1125.0,9.0,89.0,341.0,t,1.0,1.0
2023-03-09,,within a few hours,90%,79%,f,7.0,t,t,Central,51.45268,-2.59219,Entire home/apt,4.0,1.0,1 bath,1.0,1.0,1.0,365.0,1.0,1125.0,20.0,344.0,63.0,t,5.0,0.0
2016-06-12,"Bristol, United Kingdom",within an hour,100%,100%,f,1.0,t,t,Central,51.45283,-2.59599,Entire home/apt,4.0,1.0,1 bath,1.0,2.0,2.0,30.0,1.0,1125.0,7.0,264.0,122.0,f,1.0,0.0
2017-10-01,"Leeds, United Kingdom",within an hour,100%,100%,f,194.0,t,t,Southville,51.445820871813055,-2.6087302438715967,Entire home/apt,7.0,1.0,1 bath,2.0,4.0,2.0,365.0,2.0,365.0,6.0,223.0,4.0,t,22.0,0.0
2013-01-30,"Bristol, United Kingdom",within an hour,100%,64%,t,2.0,t,t,Southville,51.44181,-2.61286,Private room,3.0,1.0,1 private bath,1.0,1.0,1.0,14.0,1.0,14.0,27.0,259.0,38.0,f,2.0,1.0
2017-07-15,"Bristol, United Kingdom",within an hour,100%,100%,t,1.0,t,t,Southville,51.4440336,-2.6000909,Entire home/apt,8.0,2.0,2 baths,4.0,1.0,3.0,365.0,3.0,365.0,13.0,213.0,20.0,t,1.0,0.0
2014-05-27,"Bristol, United Kingdom",,,7%,f,1.0,t,t,St George West,51.46161,-2.54026,Private room,2.0,1.0,1 bath,2.0,0.0,8.0,100.0,8.0,100.0,27.0,87.0,0.0,f,1.0,1.0
2022-01-11,"Bristol, United Kingdom",within an hour,100%,100%,t,1.0,t,t,Clifton,51.45654,-2.61008,Entire home/apt,3.0,1.0,1 bath,1.0,2.0,2.0,1125.0,1.0,365.0,8.0,267.0,66.0,t,1.0,0.0
2016-03-31,"Bristol, United Kingdom",within an hour,100%,100%,f,210.0,t,t,Hotwells & Harbourside,51.44965,-2.61528,Entire home/apt,2.0,1.0,1 bath,1.0,1.0,1.0,365.0,1.0,1125.0,15.0,334.0,32.0,t,148.0,3.0
2020-11-29,"England, United Kingdom",within an hour,100%,94%,t,3.0,t,t,Ashley,51.46969009303158,-2.5836990933929505,Private room,2.0,1.0,1 private bath,1.0,1.0,14.0,365.0,14.0,365.0,16.0,308.0,1.0,f,3.0,3.0
2016-05-05,"Bristol, United Kingdom",within an hour,100%,77%,f,2.0,t,t,Clifton Down,51.46953,-2.6157,Private room,2.0,1.0,1 private bath,1.0,0.0,1.0,1.0,1.0,1.0,0.0,38.0,58.0,f,2.0,1.0
2021-07-03,"Cheltenham, United Kingdom",within an hour,83%,100%,f,15.0,t,t,Ashley,51.45971,-2.58498,Entire home/apt,2.0,1.0,1 bath,1.0,1.0,2.0,28.0,2.0,28.0,20.0,350.0,32.0,t,15.0,0.0
2016-07-24,"Bristol, United Kingdom",within an hour,100%,100%,t,2.0,t,t,Lockleaze,51.490433,-2.577103,Private room,2.0,1.5,1.5 baths,1.0,2.0,1.0,21.0,1.0,1125.0,0.0,280.0,262.0,t,2.0,2.0
2016-11-16,"Bristol, United Kingdom",within an hour,100%,100%,f,6.0,t,t,Central,51.46036,-2.5935,Entire home/apt,2.0,1.0,1 bath,1.0,1.0,1.0,1125.0,2.0,1125.0,0.0,0.0,1.0,t,6.0,0.0
2017-09-03,"Bristol, United Kingdom",,,93%,f,1.0,t,t,St George Central,51.46669,-2.52,Entire home/apt,2.0,1.0,1 bath,1.0,1.0,4.0,180.0,4.0,1125.0,21.0,261.0,53.0,f,1.0,0.0
2017-02-10,"Saltburn-by-the-Sea, United Kingdom",within an hour,100%,100%,f,210.0,t,t,Lockleaze,51.49051,-2.56421,Entire home/apt,8.0,1.0,1 bath,4.0,6.0,3.0,28.0,2.0,1125.0,24.0,352.0,0.0,t,2.0,0.0
2023-01-06,,within a day,80%,23%,f,2.0,t,t,Easton,51.46600907420002,-2.556426677246093,Private room,2.0,1.5,1.5 shared baths,1.0,1.0,2.0,7.0,2.0,7.0,30.0,176.0,10.0,f,2.0,1.0
2023-07-04,"Bristol, United Kingdom",within an hour,99%,100%,f,3.0,t,t,Ashley,51.46176639999999,-2.5845801,Entire home/apt,5.0,1.0,1 bath,2.0,1.0,1.0,365.0,1.0,365.0,0.0,0.0,2.0,t,3.0,0.0
2017-04-21,"Bristol, United Kingdom",within a day,100%,91%,t,4.0,t,t,Hengrove & Whitchurch Park,51.41666,-2.56664,Entire home/apt,1.0,1.0,1 bath,2.0,2.0,2.0,60.0,2.0,60.0,1.0,77.0,13.0,f,2.0,0.0
2015-07-30,"Bristol, United Kingdom",within an hour,100%,98%,t,2.0,t,t,Bishopston & Ashley Down,51.47926,-2.58416,Private room,2.0,1.5,1.5 baths,1.0,1.0,1.0,7.0,1.0,7.0,20.0,79.0,272.0,f,2.0,2.0
2012-10-28,,within an hour,100%,99%,t,2.0,t,t,Clifton Down,51.461591,-2.6104401,Entire home/apt,3.0,1.0,1 bath,1.0,1.0,3.0,365.0,3.0,1125.0,16.0,234.0,17.0,t,2.0,0.0
2016-03-31,"Bristol, United Kingdom",within an hour,100%,100%,f,210.0,t,t,Clifton Down,51.4633429,-2.6099563,Entire home/apt,2.0,1.0,1 bath,0.0,1.0,1.0,365.0,1.0,365.0,0.0,270.0,218.0,f,148.0,3.0
2015-07-08,"London, United Kingdom",,,,f,1.0,t,t,Ashley,51.47058966483681,-2.574448189998128,Entire home/apt,2.0,1.0,1 bath,1.0,1.0,13.0,365.0,14.0,365.0,7.0,24.0,0.0,f,1.0,0.0
2015-12-18,"Bristol, United Kingdom",within an hour,100%,97%,f,33.0,t,t,Cotham,51.46477545575025,-2.6000462405368365,Entire home/apt,1.0,1.0,1 bath,1.0,1.0,7.0,365.0,7.0,1125.0,29.0,89.0,2.0,t,26.0,0.0
2017-10-11,,within an hour,100%,96%,f,39.0,t,t,Clifton Down,51.46516,-2.61111,Entire home/apt,4.0,1.0,1 bath,2.0,3.0,15.0,365.0,15.0,365.0,30.0,365.0,2.0,f,25.0,0.0
2012-03-18,"Bristol, United Kingdom",within an hour,100%,50%,f,1.0,t,f,Hillfields,51.46867,-2.52475,Private room,1.0,1.0,1 shared bath,1.0,0.0,1.0,5.0,1.0,5.0,29.0,89.0,14.0,f,1.0,1.0
2015-12-18,"Bristol, United Kingdom",within an hour,100%,97%,f,33.0,t,t,Clifton Down,51.45874699137135,-2.6114206636756783,Entire home/apt,5.0,1.0,1 bath,2.0,5.0,3.0,365.0,2.0,365.0,9.0,322.0,4.0,t,26.0,0.0
2016-03-31,"Bristol, United Kingdom",within an hour,100%,100%,f,210.0,t,t,Lawrence Hill,51.4628782,-2.5688956,Entire home/apt,6.0,2.5,2.5 baths,3.0,3.0,2.0,365.0,2.0,365.0,30.0,358.0,0.0,t,148.0,3.0
2024-05-30,,within an hour,100%,92%,t,1.0,t,t,Horfield,51.49928,-2.58215,Entire home/apt,7.0,2.5,2.5 baths,4.0,6.0,2.0,120.0,2.0,120.0,21.0,276.0,17.0,f,1.0,0.0
2012-12-28,"Bristol, United Kingdom",within an hour,100%,100%,t,1.0,t,t,Hillfields,51.46708,-2.52491,Entire home/apt,4.0,1.0,1 bath,1.0,2.0,2.0,1125.0,1.0,1125.0,16.0,164.0,166.0,t,1.0,0.0
2019-01-14,"Bristol, United Kingdom",within an hour,100%,100%,t,60.0,t,t,Ashley,51.46534,-2.57868,Entire home/apt,4.0,1.0,1 bath,2.0,2.0,2.0,1125.0,2.0,2.0,18.0,18.0,109.0,t,47.0,0.0
2017-12-30,"Bristol, United Kingdom",within an hour,100%,97%,t,27.0,t,t,Central,51.45443,-2.59599,Entire home/apt,2.0,1.0,1 bath,1.0,1.0,2.0,1125.0,1.0,1125.0,17.0,284.0,62.0,f,21.0,0.0
2018-09-03,"Bristol, United Kingdom",within an hour,100%,98%,t,8.0,t,t,Ashley,51.46443,-2.57792,Private room,1.0,1.0,1 shared bath,1.0,1.0,4.0,365.0,4.0,365.0,13.0,13.0,46.0,t,7.0,7.0
2020-08-26,"Bristol, United Kingdom",within an hour,100%,100%,f,1.0,t,t,Hillfields,51.47042846679688,-2.52,Entire home/apt,4.0,1.0,1 bath,2.0,2.0,2.0,20.0,2.0,20.0,0.0,20.0,30.0,t,1.0,0.0
2017-10-01,"Leeds, United Kingdom",within an hour,100%,100%,f,194.0,t,t,Redland,51.47343,-2.59261,Entire home/apt,12.0,2.5,2.5 baths,4.0,8.0,1.0,365.0,2.0,365.0,6.0,93.0,24.0,t,22.0,0.0
2020-10-08,"Bristol, United Kingdom",within an hour,100%,76%,f,1.0,t,t,Ashley,51.4657405,-2.5893359,Private room,2.0,1.0,1 private bath,1.0,1.0,1.0,365.0,1.0,365.0,14.0,64.0,10.0,f,1.0,1.0
2012-03-31,"Bristol, United Kingdom",within a few hours,100%,0%,f,1.0,t,t,Bedminster,51.43535614013672,-2.610055923461914,Private room,2.0,1.5,1.5 shared baths,1.0,1.0,1.0,1125.0,1.0,1125.0,0.0,76.0,14.0,f,1.0,1.0
2015-09-29,"Bristol, United Kingdom",within a few hours,100%,92%,f,5.0,t,t,Ashley,51.46725,-2.58072,Entire home/apt,2.0,1.0,1 bath,1.0,1.0,3.0,365.0,3.0,365.0,18.0,78.0,36.0,f,5.0,0.0
2016-07-06,"Bristol, United Kingdom",within a few hours,100%,69%,t,2.0,t,t,Stoke Bishop,51.48677460816895,-2.651189938187599,Private room,1.0,3.0,3 shared baths,1.0,1.0,3.0,30.0,3.0,30.0,26.0,266.0,21.0,f,2.0,2.0
2016-03-31,"Bristol, United Kingdom",within an hour,100%,100%,f,210.0,t,t,Southville,51.4460368,-2.6094165,Entire home/apt,2.0,1.0,1 bath,1.0,1.0,1.0,131.0,1.0,131.0,0.0,0.0,7.0,t,148.0,3.0
2013-06-07,"Bristol, United Kingdom",within an hour,100%,100%,t,1.0,t,t,Hotwells & Harbourside,51.44814,-2.61985,Entire home/apt,10.0,1.0,1 bath,4.0,6.0,2.0,60.0,1.0,1125.0,10.0,198.0,323.0,f,1.0,0.0
2017-10-03,"Whitbourne, United Kingdom",within an hour,100%,88%,t,1.0,t,f,Redland,51.47666,-2.60869,Entire home/apt,2.0,1.0,1 bath,1.0,1.0,3.0,365.0,3.0,365.0,24.0,249.0,14.0,f,1.0,0.0
2015-08-20,"Bristol, United Kingdom",within an hour,100%,100%,t,1.0,t,t,Southville,51.44268072584023,-2.6124077465576234,Entire home/apt,2.0,2.0,2 baths,1.0,1.0,2.0,25.0,2.0,25.0,2.0,63.0,14.0,f,1.0,0.0
2023-08-20,,within an hour,100%,70%,t,3.0,f,t,Stoke Bishop,51.4835805,-2.6436019,Private room,1.0,0.5,Half-bath,1.0,1.0,2.0,365.0,2.0,365.0,28.0,268.0,7.0,f,3.0,2.0
2017-05-31,"Bristol, United Kingdom",within a day,100%,93%,t,1.0,t,t,Hengrove & Whitchurch Park,51.42569,-2.56707,Entire home/apt,2.0,1.5,1.5 baths,1.0,1.0,1.0,4.0,1.0,4.0,11.0,243.0,360.0,f,1.0,0.0
2016-02-07,"Bristol, United Kingdom",within an hour,100%,71%,f,1.0,t,t,Westbury-on-Trym & Henleaze,51.491938,-2.6221463,Entire home/apt,8.0,2.5,2.5 baths,4.0,6.0,5.0,1125.0,5.0,1125.0,0.0,15.0,5.0,f,1.0,0.0
2023-03-09,"Bristol, United Kingdom",within an hour,100%,96%,t,1.0,t,t,Redland,51.47911,-2.59937,Private room,4.0,1.0,1 private bath,2.0,3.0,1.0,365.0,1.0,365.0,25.0,255.0,16.0,f,1.0,1.0
2016-01-08,"Bristol, United Kingdom",,,92%,t,2.0,t,t,Windmill Hill,51.43654,-2.59689,Private room,1.0,1.0,1 shared bath,1.0,1.0,1.0,3.0,1.0,3.0,0.0,14.0,176.0,f,2.0,1.0
2016-03-31,"Bristol, United Kingdom",within an hour,100%,100%,f,210.0,t,t,Frome Vale,51.4839073,-2.5209257,Entire home/apt,6.0,1.0,1 bath,6.0,6.0,2.0,365.0,2.0,365.0,0.0,118.0,1.0,f,148.0,3.0
2015-08-16,"Bristol, United Kingdom",a few days or more,0%,0%,f,1.0,t,t,Eastville,51.46828,-2.53295,Private room,2.0,1.0,1 shared bath,1.0,1.0,1.0,365.0,1.0,365.0,17.0,255.0,0.0,f,1.0,1.0
2016-08-18,"England, United Kingdom",within an hour,100%,97%,f,7.0,t,t,Stoke Bishop,51.48245,-2.63319,Entire home/apt,8.0,1.0,1 bath,4.0,6.0,1.0,1125.0,2.0,1125.0,1.0,178.0,4.0,t,3.0,0.0
2016-08-29,"Elche, Spain",a few days or more,0%,0%,f,1.0,t,t,Eastville,51.47381,-2.56046,Private room,2.0,,,1.0,1.0,1.0,365.0,1.0,365.0,29.0,269.0,0.0,f,1.0,1.0
2015-06-06,"Bristol, United Kingdom",within an hour,100%,100%,t,3.0,t,t,Ashley,51.47395678683288,-2.576952105910688,Entire home/apt,4.0,1.0,1 bath,2.0,2.0,2.0,28.0,2.0,1125.0,21.0,30.0,0.0,t,3.0,1.0
2024-07-11,,within an hour,100%,100%,t,1.0,f,t,Windmill Hill,51.44382110000001,-2.579951,Entire home/apt,10.0,2.0,2 baths,4.0,4.0,1.0,1125.0,1.0,1125.0,22.0,327.0,13.0,f,1.0,0.0
2016-03-31,"Bristol, United Kingdom",within an hour,100%,100%,f,210.0,t,t,Clifton Down,51.4633429,-2.6099563,Entire home/apt,2.0,1.0,1 bath,0.0,1.0,1.0,365.0,1.0,365.0,11.0,272.0,77.0,f,148.0,3.0
2023-11-04,"Bristol, United Kingdom",within an hour,100%,98%,t,1.0,t,t,Ashley,51.47107716479259,-2.591833542327888,Entire home/apt,2.0,1.0,1 bath,1.0,1.0,2.0,7.0,2.0,1125.0,21.0,276.0,62.0,f,1.0,0.0
2016-04-26,"Croesyceiliog, United Kingdom",within an hour,100%,97%,f,1.0,t,f,Clifton Down,51.46875,-2.60963,Entire home/apt,2.0,1.0,1 bath,1.0,1.0,2.0,30.0,2.0,1125.0,4.0,5.0,21.0,f,1.0,0.0
2024-04-29,,within an hour,85%,97%,t,1.0,t,f,Knowle,51.43502672553288,-2.5674403086304665,Private room,2.0,1.0,1 shared bath,1.0,1.0,1.0,365.0,1.0,365.0,12.0,108.0,13.0,f,1.0,1.0
2024-06-10,,within an hour,100%,100%,t,1.0,t,t,Hotwells & Harbourside,51.45003172247127,-2.610836438834667,Entire home/apt,4.0,3.0,3 baths,3.0,3.0,2.0,84.0,2.0,1125.0,10.0,96.0,17.0,t,1.0,0.0
2016-03-31,"Bristol, United Kingdom",within an hour,100%,100%,f,210.0,t,t,Clifton,51.461849,-2.621499,Entire home/apt,2.0,1.0,1 bath,0.0,1.0,1.0,365.0,1.0,365.0,0.0,0.0,306.0,t,148.0,3.0
2012-07-11,"Bristol, United Kingdom",within an hour,100%,100%,f,6.0,t,t,Cotham,51.46541,-2.59211,Entire home/apt,2.0,1.5,1.5 baths,1.0,1.0,3.0,90.0,3.0,90.0,0.0,229.0,16.0,f,5.0,0.0
2013-05-19,"Bristol, United Kingdom",within a few hours,100%,100%,t,1.0,t,t,Avonmouth & Lawrence Weston,51.485443,-2.672908,Private room,2.0,1.0,1 shared bath,1.0,2.0,1.0,90.0,1.0,90.0,29.0,169.0,59.0,f,1.0,1.0
2018-09-29,"Bristol, United Kingdom",within an hour,100%,99%,t,2.0,t,t,Frome Vale,51.48305,-2.52,Private room,2.0,1.5,1.5 shared baths,2.0,3.0,1.0,1125.0,1.0,1125.0,23.0,344.0,105.0,f,1.0,1.0
2015-10-10,"Bristol, United Kingdom",within an hour,100%,91%,f,1.0,t,t,Cotham,51.46460702349522,-2.6019033411392245,Private room,1.0,1.0,1 shared bath,1.0,1.0,2.0,28.0,2.0,1125.0,15.0,218.0,50.0,t,1.0,1.0
2016-12-26,"Bristol, United Kingdom",within an hour,100%,82%,t,1.0,t,t,Stoke Bishop,51.48759,-2.64008,Entire home/apt,2.0,1.0,1 bath,1.0,1.0,4.0,365.0,3.0,365.0,0.0,132.0,39.0,f,1.0,0.0
2019-11-13,,within an hour,100%,91%,t,1.0,t,t,Eastville,51.479134,-2.545242,Entire home/apt,2.0,1.5,1.5 baths,0.0,2.0,1.0,1125.0,1.0,1125.0,11.0,328.0,122.0,f,1.0,0.0
2017-03-16,"Salisbury, United Kingdom",within an hour,100%,94%,t,1.0,t,t,Ashley,51.46175,-2.585,Entire home/apt,4.0,2.0,2 baths,2.0,2.0,2.0,21.0,2.0,21.0,20.0,142.0,241.0,f,1.0,0.0
2015-11-18,"London, United Kingdom",,,,f,1.0,t,t,Knowle,51.42990671005023,-2.5690600275993347,Private room,2.0,1.5,1.5 shared baths,1.0,1.0,1.0,1125.0,1.0,1125.0,30.0,365.0,1.0,f,1.0,1.0
2012-01-20,"Bristol, United Kingdom",within an hour,100%,98%,t,3.0,t,t,Filwood,51.42569,-2.58658,Private room,1.0,1.0,1 shared bath,1.0,1.0,2.0,1125.0,2.0,1125.0,0.0,230.0,56.0,t,1.0,1.0
2015-08-23,"Bristol, United Kingdom",within a few hours,100%,71%,t,2.0,t,f,Brislington West,51.43248,-2.54743,Private room,2.0,1.0,1 shared bath,1.0,1.0,2.0,12.0,2.0,12.0,29.0,89.0,66.0,f,2.0,1.0
2017-05-13,"England, United Kingdom",within an hour,100%,97%,t,1.0,t,t,Frome Vale,51.47915,-2.52759,Entire home/apt,2.0,1.0,1 bath,1.0,2.0,2.0,14.0,2.0,14.0,20.0,79.0,361.0,f,1.0,0.0
2017-04-13,"Bristol, United Kingdom",within an hour,99%,97%,f,100.0,t,t,Central,51.44867110641131,-2.593039725743344,Entire home/apt,4.0,1.0,1 bath,1.0,2.0,1.0,365.0,2.0,365.0,12.0,287.0,3.0,t,67.0,0.0
2017-07-31,"Bristol, United Kingdom",,,,f,1.0,t,f,Clifton,51.45664784274145,-2.611526772379875,Entire home/apt,2.0,1.0,1 bath,1.0,1.0,14.0,30.0,14.0,30.0,29.0,269.0,0.0,f,1.0,0.0
2020-01-10,"Bristol, United Kingdom",within an hour,100%,100%,t,1.0,t,t,St George West,51.4611163,-2.5401968,Entire home/apt,2.0,1.0,1 bath,1.0,1.0,3.0,365.0,2.0,365.0,9.0,149.0,26.0,f,1.0,0.0
2015-05-15,"Bristol, United Kingdom",,,,f,2.0,t,t,Lawrence Hill,51.46489,-2.56641,Private room,2.0,1.0,1 shared bath,1.0,1.0,14.0,1125.0,14.0,1125.0,0.0,77.0,8.0,f,1.0,1.0
2022-06-30,,within an hour,100%,100%,f,54.0,t,t,Central,51.45439,-2.59429,Entire home/apt,2.0,1.0,1 bath,0.0,1.0,1.0,365.0,1.0,1.0,29.0,269.0,1.0,t,32.0,0.0
2013-02-05,"Bristol, United Kingdom",,,50%,f,1.0,t,t,Stoke Bishop,51.477508042806726,-2.6219737423278744,Entire home/apt,4.0,1.5,1.5 baths,2.0,2.0,28.0,365.0,28.0,365.0,0.0,77.0,1.0,f,1.0,0.0
2019-01-14,"Bristol, United Kingdom",within an hour,100%,100%,t,60.0,t,t,Lawrence Hill,51.45535,-2.57945,Entire home/apt,4.0,1.0,1 bath,1.0,2.0,2.0,1125.0,2.0,2.0,27.0,262.0,21.0,t,47.0,0.0
2019-01-14,"Bristol, United Kingdom",within an hour,100%,100%,t,60.0,t,t,Ashley,51.46785,-2.572376,Entire home/apt,6.0,3.0,3 baths,3.0,3.0,2.0,1125.0,2.0,1125.0,19.0,313.0,96.0,t,47.0,0.0
2016-05-21,"England, United Kingdom",within a few hours,100%,94%,t,1.0,t,t,Bishopston & Ashley Down,51.47689,-2.58036,Private room,2.0,1.0,1 private bath,1.0,1.0,1.0,13.0,1.0,13.0,29.0,179.0,23.0,f,1.0,1.0
2023-05-04,,within a day,85%,51%,t,1.0,t,t,Cotham,51.46248,-2.59759,Entire home/apt,8.0,1.0,1 bath,4.0,4.0,2.0,365.0,2.0,365.0,0.0,81.0,16.0,f,1.0,0.0
2016-01-04,"Bristol, United Kingdom",,,95%,t,3.0,t,t,Avonmouth & Lawrence Weston,51.49663,-2.64627,Private room,1.0,1.5,1.5 baths,1.0,1.0,1.0,365.0,1.0,365.0,28.0,363.0,1.0,f,3.0,3.0
2023-10-27,"Cardiff, United Kingdom",within an hour,100%,100%,f,1.0,t,t,Brislington West,51.44374,-2.56169,Entire home/apt,6.0,1.0,1 bath,2.0,4.0,2.0,1125.0,1.0,365.0,7.0,313.0,37.0,t,1.0,0.0
2019-01-14,"Bristol, United Kingdom",within an hour,100%,100%,t,60.0,t,t,Hotwells & Harbourside,51.4520823,-2.603859,Entire home/apt,2.0,1.0,1 bath,1.0,2.0,2.0,1125.0,2.0,2.0,2.0,26.0,0.0,t,47.0,0.0
2017-06-04,"England, United Kingdom",within a day,100%,57%,f,1.0,t,t,Clifton Down,51.46486155361937,-2.6131877303123474,Entire home/apt,4.0,1.0,1 bath,2.0,0.0,5.0,365.0,4.0,365.0,0.0,112.0,8.0,f,1.0,0.0
2024-04-23,,within an hour,80%,73%,f,5.0,t,t,Clifton Down,51.458608256813264,-2.610012160891112,Private room,2.0,1.0,1 bath,1.0,1.0,1.0,365.0,1.0,365.0,22.0,263.0,1.0,t,5.0,5.0
2019-02-21,"England, United Kingdom",,,0%,f,1.0,t,f,Clifton Down,51.47002,-2.60979,Private room,2.0,1.0,1 private bath,1.0,1.0,1.0,3.0,1.0,3.0,28.0,177.0,91.0,f,1.0,1.0
2024-07-31,"Bristol, United Kingdom",within an hour,100%,83%,f,6.0,t,t,Horfield,51.4956016,-2.5753515,Private room,2.0,1.0,1 shared bath,1.0,1.0,1.0,1125.0,1.0,1125.0,27.0,112.0,4.0,f,6.0,6.0
2016-07-07,"Bristol, United Kingdom",,,43%,f,3.0,t,t,Redland,51.47553,-2.59102,Private room,4.0,2.5,2.5 baths,2.0,2.0,2.0,7.0,2.0,7.0,30.0,180.0,16.0,f,3.0,3.0
2013-07-31,"England, United Kingdom",within a few hours,100%,79%,t,2.0,t,t,Windmill Hill,51.44431,-2.58044,Private room,2.0,1.5,1.5 baths,1.0,1.0,2.0,1125.0,2.0,1125.0,1.0,228.0,130.0,f,2.0,2.0
2018-09-10,"England, United Kingdom",within an hour,100%,100%,f,3.0,t,t,Frome Vale,51.480083095767405,-2.5298980996012688,Entire home/apt,4.0,1.0,1 bath,1.0,3.0,2.0,1125.0,2.0,1125.0,22.0,163.0,48.0,t,3.0,0.0
2023-04-28,"Bristol, United Kingdom",within a few hours,85%,100%,t,3.0,t,t,Clifton,51.4610527,-2.6161601,Entire home/apt,8.0,2.0,2 baths,4.0,4.0,2.0,45.0,2.0,1125.0,26.0,334.0,0.0,t,1.0,0.0
2016-03-31,"Bristol, United Kingdom",within an hour,100%,100%,f,210.0,t,t,Central,51.4539596,-2.6000161,Entire home/apt,2.0,1.0,1 bath,0.0,1.0,1.0,45.0,1.0,45.0,21.0,336.0,11.0,t,148.0,3.0
2016-03-31,"Bristol, United Kingdom",within an hour,100%,100%,f,210.0,t,t,Easton,51.466076,-2.563031,Entire home/apt,4.0,1.0,1 bath,1.0,1.0,1.0,365.0,1.0,365.0,18.0,350.0,18.0,f,148.0,3.0
2016-03-31,"Bristol, United Kingdom",within an hour,100%,100%,f,210.0,t,t,Easton,51.466076,-2.563031,Entire home/apt,3.0,1.0,1 bath,1.0,1.0,1.0,365.0,1.0,365.0,15.0,346.0,22.0,f,148.0,3.0
2011-11-29,"Bristol, United Kingdom",within an hour,100%,99%,t,2.0,t,t,Central,51.44773,-2.59281,Private room,2.0,1.5,1.5 baths,1.0,1.0,2.0,31.0,1.0,1125.0,13.0,109.0,435.0,t,2.0,2.0
2015-05-21,"London, United Kingdom",within a day,100%,92%,f,1.0,t,t,Horfield,51.49505380000001,-2.5793203,Entire home/apt,4.0,1.0,1 bath,2.0,2.0,3.0,365.0,3.0,1125.0,0.0,104.0,7.0,f,1.0,0.0
2012-06-24,"Bristol, United Kingdom",,,,f,1.0,t,t,Ashley,51.4714,-2.58787,Private room,2.0,1.0,1 shared bath,1.0,1.0,2.0,7.0,2.0,7.0,17.0,352.0,45.0,f,1.0,1.0
2016-06-13,"England, United Kingdom",within an hour,86%,100%,t,1.0,t,t,Horfield,51.49083,-2.5852,Private room,2.0,1.5,1.5 shared baths,1.0,1.0,1.0,14.0,1.0,14.0,13.0,216.0,148.0,t,1.0,1.0
2021-12-22,,within a few hours,100%,0%,f,2.0,t,t,Frome Vale,51.4881697,-2.5363985,Entire home/apt,8.0,1.0,1 bath,4.0,8.0,30.0,365.0,30.0,365.0,29.0,269.0,0.0,f,2.0,0.0
2016-10-26,United Kingdom,within an hour,100%,100%,t,2.0,t,t,Hotwells & Harbourside,51.45349,-2.60457,Entire home/apt,2.0,1.0,1 bath,1.0,2.0,7.0,1125.0,7.0,1125.0,0.0,244.0,49.0,t,1.0,0.0
2016-07-07,"Bristol, United Kingdom",,,43%,f,3.0,t,t,Redland,51.47592,-2.59112,Private room,2.0,1.5,1.5 shared baths,1.0,1.0,2.0,10.0,2.0,10.0,29.0,179.0,45.0,f,3.0,3.0
2016-03-31,"Bristol, United Kingdom",within an hour,100%,100%,f,210.0,t,t,Cotham,51.4688561,-2.6044982,Entire home/apt,4.0,1.0,1 bath,2.0,2.0,1.0,365.0,1.0,365.0,23.0,330.0,0.0,t,148.0,3.0
2015-05-11,"Bristol, United Kingdom",within an hour,100%,90%,t,1.0,t,f,St George West,51.45882,-2.54662,Entire home/apt,3.0,1.0,1 bath,2.0,1.0,3.0,49.0,3.0,49.0,19.0,19.0,11.0,f,1.0,0.0
2019-09-18,"Bristol, United Kingdom",within an hour,100%,83%,f,1.0,t,t,Clifton,51.45232,-2.62218,Entire home/apt,3.0,1.0,1 bath,1.0,3.0,5.0,90.0,5.0,90.0,29.0,85.0,19.0,f,1.0,0.0
2016-03-31,"Bristol, United Kingdom",within an hour,100%,100%,f,210.0,t,t,Lawrence Hill,51.4568807,-2.5816885,Entire home/apt,2.0,0.0,0 baths,,1.0,1.0,365.0,1.0,365.0,1.0,310.0,4.0,t,148.0,3.0
2023-12-14,,a few days or more,0%,40%,f,1.0,t,f,Bishopsworth,51.42475339471447,-2.6207600061899514,Private room,1.0,1.0,1 shared bath,1.0,1.0,1.0,3.0,1.0,3.0,28.0,363.0,1.0,f,1.0,1.0
2016-08-06,"England, United Kingdom",within an hour,100%,93%,f,1.0,t,t,Southville,51.44359063745978,-2.603219664601294,Private room,2.0,2.0,2 baths,1.0,1.0,2.0,15.0,2.0,15.0,6.0,43.0,7.0,f,1.0,1.0
2024-03-20,,within an hour,100%,100%,t,1.0,f,t,Windmill Hill,51.43788,-2.58494,Entire home/apt,2.0,1.0,1 bath,1.0,1.0,1.0,1125.0,1.0,1125.0,23.0,152.0,74.0,f,1.0,0.0
2022-01-28,"England, United Kingdom",within a few hours,100%,100%,t,1.0,t,t,Clifton,51.45293,-2.61078,Entire home/apt,4.0,1.0,1 bath,2.0,2.0,3.0,90.0,3.0,90.0,26.0,280.0,83.0,f,1.0,0.0
2013-03-30,"Bristol, United Kingdom",within a day,100%,36%,t,1.0,t,t,Ashley,51.465,-2.57984,Private room,2.0,1.5,1.5 shared baths,2.0,3.0,2.0,28.0,2.0,28.0,1.0,57.0,188.0,f,1.0,1.0
2017-07-11,"England, United Kingdom",within an hour,100%,98%,t,1.0,t,t,Lockleaze,51.49338,-2.575,Private room,2.0,1.5,1.5 baths,1.0,1.0,2.0,1125.0,1.0,1125.0,11.0,57.0,174.0,f,1.0,1.0
2022-06-30,,within an hour,100%,100%,f,54.0,t,t,Central,51.45451,-2.5932,Entire home/apt,8.0,1.0,1 bath,2.0,4.0,1.0,365.0,2.0,99.0,29.0,265.0,9.0,t,32.0,0.0
2016-05-16,"Bristol, United Kingdom",within an hour,100%,94%,f,2.0,t,t,Bedminster,51.43668249023395,-2.604532241821289,Entire home/apt,4.0,1.0,1 bath,2.0,2.0,3.0,365.0,3.0,365.0,3.0,274.0,2.0,f,2.0,0.0
2022-01-08,"Bristol, United Kingdom",within an hour,100%,95%,t,20.0,t,t,Clifton,51.4569249,-2.6190202,Entire home/apt,4.0,2.0,2 baths,2.0,2.0,28.0,999.0,28.0,999.0,0.0,221.0,0.0,t,13.0,0.0
2016-03-31,"Bristol, United Kingdom",within an hour,100%,100%,f,210.0,t,t,Central,51.4556502,-2.5911894,Entire home/apt,2.0,1.0,1 bath,1.0,1.0,1.0,365.0,1.0,365.0,9.0,280.0,79.0,t,148.0,3.0
2014-04-30,"Bristol, United Kingdom",within an hour,100%,100%,f,2.0,t,t,Central,51.46333,-2.58998,Entire home/apt,4.0,1.0,1 bath,1.0,2.0,2.0,90.0,2.0,1125.0,0.0,30.0,307.0,f,2.0,0.0
2017-01-19,"Bristol, United Kingdom",,,88%,t,1.0,t,t,Westbury-on-Trym & Henleaze,51.5,-2.62279,Private room,1.0,0.5,Private half-bath,1.0,1.0,1.0,2.0,1.0,2.0,4.0,51.0,5.0,f,1.0,1.0
2013-12-17,"Bristol, United Kingdom",within an hour,100%,100%,t,1.0,t,t,Ashley,51.47118,-2.59155,Entire home/apt,4.0,1.0,1 bath,1.0,2.0,1.0,28.0,1.0,1125.0,14.0,277.0,452.87,t,1.0,0.0
2022-01-05,,within an hour,84%,99%,f,210.0,t,t,Avonmouth & Lawrence Weston,51.49769,-2.64663,Entire home/apt,5.0,1.0,1 bath,3.0,4.0,1.0,1125.0,1.0,7.0,29.0,364.0,1.0,t,3.0,0.0
2013-02-15,"Bristol, United Kingdom",within an hour,100%,100%,t,1.0,t,t,Ashley,51.46541,-2.5845,Private room,2.0,1.0,1 private bath,1.0,1.0,2.0,1125.0,2.0,1125.0,17.0,352.0,51.0,t,1.0,1.0
2017-04-10,"Bristol, United Kingdom",within an hour,100%,100%,f,1.0,t,t,Avonmouth & Lawrence Weston,51.497547,-2.6589441,Private room,2.0,1.0,1 shared bath,1.0,1.0,2.0,90.0,2.0,90.0,16.0,76.0,2.0,f,1.0,1.0
2016-03-31,"Bristol, United Kingdom",within an hour,100%,100%,f,210.0,t,t,Central,51.449959,-2.596754,Private room,2.0,1.0,1 private bath,0.0,0.0,1.0,365.0,1.0,365.0,15.0,318.0,62.0,t,148.0,3.0
2022-05-06,,within an hour,100%,97%,f,72.0,t,f,Clifton Down,51.46334,-2.61209,Entire home/apt,4.0,1.0,1 bath,2.0,3.0,2.0,180.0,2.0,1125.0,0.0,249.0,33.0,f,5.0,0.0
2022-11-30,,within an hour,100%,100%,f,14.0,t,t,Lawrence Hill,51.45695,-2.56277,Entire home/apt,6.0,1.0,1 bath,2.0,5.0,1.0,365.0,1.0,731.0,10.0,325.0,30.0,t,14.0,0.0
2014-08-09,"Bristol, United Kingdom",within an hour,100%,100%,f,2.0,t,t,Brislington West,51.44045,-2.55328,Private room,2.0,1.0,1 shared bath,1.0,2.0,2.0,28.0,2.0,1125.0,0.0,147.0,34.0,t,1.0,1.0
2012-03-18,"Bristol, United Kingdom",,,79%,f,1.0,t,t,Redland,51.477821350097656,-2.5919950008392334,Private room,2.0,1.0,1 shared bath,1.0,1.0,1.0,180.0,1.0,180.0,0.0,58.0,101.0,f,1.0,1.0
2017-03-21,"England, United Kingdom",within an hour,100%,98%,t,3.0,t,t,Central,51.45632,-2.59155,Entire home/apt,2.0,1.0,1 bath,1.0,1.0,2.0,30.0,2.0,1125.0,7.0,282.0,214.0,f,3.0,0.0
2018-07-04,,within an hour,100%,92%,t,1.0,t,t,St George Central,51.46317,-2.53443,Entire home/apt,4.0,1.5,1.5 baths,1.0,2.0,1.0,365.0,1.0,365.0,11.0,218.0,145.0,f,1.0,0.0
2015-07-05,"Bristol, United Kingdom",within an hour,100%,100%,t,2.0,t,t,Ashley,51.46117,-2.58319,Entire home/apt,2.0,1.0,1 bath,1.0,1.0,30.0,365.0,30.0,365.0,0.0,124.0,383.0,f,2.0,0.0
2023-08-16,,,,100%,t,2.0,t,t,Clifton,51.45628,-2.61012,Entire home/apt,4.0,1.0,1 bath,2.0,2.0,2.0,1125.0,2.0,365.0,0.0,169.0,45.0,t,2.0,0.0
2024-02-22,,within an hour,100%,100%,t,3.0,f,t,Lawrence Hill,51.45347,-2.57757,Entire home/apt,6.0,1.5,1.5 baths,2.0,3.0,2.0,365.0,1.0,365.0,17.0,280.0,37.0,t,3.0,0.0
2015-03-07,"Bristol, United Kingdom",within a few hours,100%,63%,t,2.0,t,t,Ashley,51.46359,-2.58807,Private room,2.0,1.0,1 shared bath,1.0,1.0,2.0,1125.0,2.0,1125.0,14.0,67.0,178.0,f,2.0,1.0
2022-11-29,,a few days or more,0%,,f,1.0,f,t,Filwood,51.4206793,-2.5983012,Private room,2.0,1.0,1 shared bath,1.0,1.0,1.0,1125.0,1.0,1125.0,30.0,365.0,3.0,f,1.0,1.0
2017-10-11,,within an hour,100%,96%,f,39.0,t,t,Clifton Down,51.46511,-2.61002,Entire home/apt,4.0,1.0,1 bath,2.0,2.0,15.0,365.0,15.0,365.0,30.0,365.0,2.0,f,25.0,0.0
2016-01-04,"Bristol, United Kingdom",,,95%,t,3.0,t,t,Avonmouth & Lawrence Weston,51.48534,-2.67501,Private room,1.0,1.0,1 shared bath,1.0,1.0,1.0,90.0,1.0,90.0,29.0,364.0,11.0,f,3.0,3.0
2022-04-04,"Bristol, United Kingdom",within an hour,100%,100%,f,19.0,t,t,Southville,51.44365,-2.59314,Entire home/apt,2.0,1.0,1 bath,1.0,1.0,2.0,365.0,1.0,365.0,16.0,46.0,13.0,t,14.0,0.0
2023-06-14,"London, United Kingdom",,,100%,f,210.0,t,t,Central,51.45671,-2.59397,Entire home/apt,1.0,1.0,1 bath,1.0,1.0,3.0,365.0,3.0,1125.0,0.0,42.0,0.0,t,7.0,2.0
2018-07-13,,within an hour,100%,100%,f,4.0,t,t,Clifton Down,51.46425,-2.61757,Entire home/apt,3.0,1.0,1 bath,2.0,2.0,1.0,365.0,2.0,365.0,4.0,4.0,0.0,t,4.0,0.0
2017-12-30,"Bristol, United Kingdom",within an hour,100%,97%,t,27.0,t,t,Ashley,51.46855,-2.59044,Entire home/apt,4.0,3.0,3 baths,4.0,5.0,3.0,1125.0,4.0,1125.0,15.0,105.0,38.0,f,21.0,0.0
2016-03-17,"Bristol, United Kingdom",within an hour,100%,40%,f,2.0,t,t,Avonmouth & Lawrence Weston,51.48896,-2.67253,Private room,2.0,0.0,0 shared baths,1.0,1.0,1.0,31.0,1.0,31.0,29.0,179.0,4.0,f,2.0,2.0
2018-01-16,"Bristol, United Kingdom",a few days or more,0%,40%,f,6.0,t,t,Horfield,51.49094,-2.58589,Private room,1.0,1.0,1 shared bath,1.0,1.0,4.0,1125.0,4.0,1125.0,5.0,340.0,3.0,f,6.0,6.0
2016-03-31,"Bristol, United Kingdom",within an hour,100%,100%,f,210.0,t,t,Central,51.4557,-2.59939,Entire home/apt,2.0,1.0,1 bath,0.0,1.0,1.0,365.0,1.0,365.0,20.0,337.0,104.0,f,148.0,3.0
2017-08-17,"Bristol, United Kingdom",within an hour,90%,99%,t,2.0,t,t,Bishopsworth,51.41930676280959,-2.626192420721054,Entire home/apt,6.0,1.0,1 bath,3.0,3.0,2.0,365.0,2.0,365.0,20.0,71.0,1.0,f,2.0,0.0
2017-10-11,,within an hour,100%,96%,f,39.0,t,t,Ashley,51.4619,-2.58624,Entire home/apt,6.0,1.0,1 bath,1.0,4.0,15.0,365.0,15.0,365.0,29.0,364.0,2.0,f,25.0,0.0
2021-10-19,,within a few hours,70%,5%,f,1.0,t,t,Ashley,51.46061179740182,-2.58862283799627,Entire home/apt,3.0,1.0,1 bath,1.0,2.0,2.0,200.0,2.0,200.0,25.0,349.0,2.0,f,1.0,0.0
2015-08-10,"Bristol, United Kingdom",within a day,100%,85%,t,2.0,t,t,St George Troopers Hill,51.45362,-2.53309,Private room,2.0,1.0,1 shared bath,1.0,1.0,1.0,365.0,1.0,365.0,3.0,201.0,21.0,f,2.0,2.0
2014-12-11,"Bristol, United Kingdom",within a day,100%,71%,t,3.0,t,t,Southville,51.44216,-2.59791,Entire home/apt,6.0,1.5,1.5 baths,2.0,3.0,2.0,14.0,2.0,14.0,3.0,11.0,34.0,f,3.0,2.0
2016-05-31,"Bristol, United Kingdom",within an hour,100%,97%,t,1.0,t,t,Horfield,51.4979,-2.57751,Entire home/apt,2.0,1.0,1 bath,1.0,1.0,1.0,7.0,1.0,1125.0,27.0,79.0,228.0,f,1.0,0.0
2022-02-17,"Bedford, United Kingdom",within an hour,100%,98%,t,14.0,t,t,Frome Vale,51.4889,-2.52088,Entire home/apt,8.0,1.0,1 bath,3.0,5.0,2.0,365.0,2.0,365.0,26.0,260.0,10.0,t,1.0,0.0
2013-07-09,"Bristol, United Kingdom",within an hour,100%,80%,t,1.0,t,t,Bishopston & Ashley Down,51.4756,-2.58751,Private room,1.0,1.5,1.5 shared baths,1.0,1.0,2.0,5.0,2.0,5.0,16.0,66.0,260.0,f,1.0,1.0
2022-04-04,"Bristol, United Kingdom",within an hour,100%,100%,f,19.0,t,t,Ashley,51.461738893239584,-2.5853982711639367,Entire home/apt,4.0,2.0,2 baths,2.0,2.0,1.0,365.0,1.0,365.0,14.0,71.0,6.0,t,14.0,0.0
2017-09-27,"England, United Kingdom",within a day,70%,71%,f,2.0,t,t,Westbury-on-Trym & Henleaze,51.48641984490516,-2.6179251883606014,Entire home/apt,2.0,1.0,1 bath,1.0,1.0,2.0,14.0,2.0,14.0,13.0,331.0,5.0,f,2.0,0.0
2016-03-31,"Bristol, United Kingdom",within an hour,100%,100%,f,210.0,t,t,Central,51.4557,-2.5994,Entire home/apt,2.0,1.0,1 bath,0.0,1.0,1.0,365.0,1.0,365.0,17.0,330.0,107.0,f,148.0,3.0
2015-09-29,"Bristol, United Kingdom",within a day,100%,93%,f,5.0,t,t,Ashley,51.4664,-2.57926,Entire home/apt,2.0,1.0,1 bath,0.0,1.0,3.0,100.0,3.0,100.0,21.0,81.0,52.0,f,5.0,0.0
2017-10-30,,within an hour,100%,33%,f,4.0,t,t,Horfield,51.49134,-2.58413,Entire home/apt,6.0,1.0,1 bath,2.0,2.0,14.0,1125.0,14.0,1125.0,30.0,365.0,57.0,f,2.0,0.0
2016-03-31,"Bristol, United Kingdom",within an hour,100%,100%,f,210.0,t,t,Hotwells & Harbourside,51.449651,-2.6152811,Entire home/apt,2.0,1.0,1 bath,0.0,1.0,1.0,45.0,1.0,45.0,13.0,315.0,15.0,t,148.0,3.0
2015-06-23,"London, United Kingdom",within an hour,100%,96%,f,8.0,t,t,Bishopston & Ashley Down,51.48517,-2.58579,Entire home/apt,4.0,1.0,1 bath,2.0,6.0,1.0,365.0,1.0,1125.0,22.0,234.0,8.0,t,4.0,0.0
2024-09-29,,within a few hours,70%,76%,f,3.0,f,t,Lawrence Hill,51.46553,-2.5696,Entire home/apt,4.0,1.0,1 bath,2.0,3.0,1.0,365.0,1.0,365.0,27.0,346.0,4.0,f,3.0,0.0
2018-07-06,"England, United Kingdom",within a day,100%,11%,f,1.0,t,t,Cotham,51.4694301,-2.6057059,Private room,2.0,1.0,1 bath,1.0,1.0,1.0,5.0,1.0,5.0,29.0,89.0,4.0,f,1.0,1.0
2024-10-15,,within an hour,100%,100%,f,1.0,t,t,Clifton,51.4511150597741,-2.6090378744508294,Entire home/apt,4.0,1.0,1 bath,1.0,2.0,1.0,28.0,1.0,28.0,11.0,122.0,16.0,f,1.0,0.0
2017-01-10,"London, United Kingdom",within a day,100%,50%,f,1.0,t,t,Windmill Hill,51.44357680520448,-2.582602500915528,Entire home/apt,3.0,1.0,1 bath,2.0,2.0,2.0,365.0,2.0,365.0,0.0,231.0,4.0,f,1.0,0.0
2024-04-23,,within an hour,100%,98%,f,1.0,t,t,Cotham,51.46843,-2.59765,Entire home/apt,2.0,1.0,1 bath,1.0,1.0,2.0,1125.0,1.0,365.0,10.0,345.0,12.0,t,1.0,0.0
2019-01-14,"Bristol, United Kingdom",within an hour,100%,100%,t,60.0,t,t,Clifton Down,51.46807,-2.61105,Entire home/apt,4.0,2.0,2 baths,2.0,2.0,2.0,1125.0,2.0,2.0,30.0,55.0,41.0,t,47.0,0.0
2018-10-19,"Bristol, United Kingdom",within an hour,100%,92%,t,1.0,t,t,Hengrove & Whitchurch Park,51.40764573640658,-2.5923291966319084,Private room,2.0,1.0,1 private bath,1.0,1.0,1.0,30.0,1.0,30.0,13.0,345.0,27.0,f,1.0,1.0
2023-10-04,,,,100%,f,2.0,t,t,Easton,51.45845,-2.55912,Private room,1.0,1.0,1 bath,0.0,1.0,1.0,365.0,1.0,365.0,29.0,269.0,1.0,f,2.0,1.0
2017-03-26,"Bristol, United Kingdom",within a few hours,100%,83%,t,3.0,t,t,Redland,51.47371,-2.5925,Private room,2.0,1.0,1 private bath,1.0,1.0,2.0,7.0,2.0,7.0,23.0,357.0,42.0,f,3.0,3.0
2016-08-27,"Bristol, United Kingdom",within an hour,100%,94%,t,1.0,t,t,Hengrove & Whitchurch Park,51.40832,-2.59123,Private room,2.0,2.0,2 baths,1.0,1.0,1.0,1125.0,1.0,1125.0,25.0,357.0,38.0,f,1.0,1.0
2014-02-02,"Bristol, United Kingdom",within an hour,100%,99%,t,2.0,t,t,Brislington West,51.44088,-2.55961,Entire home/apt,10.0,1.5,1.5 baths,5.0,7.0,2.0,35.0,2.0,1125.0,15.0,319.0,33.0,f,2.0,0.0
2018-11-12,"Bristol, United Kingdom",within a day,67%,7%,f,1.0,t,t,Avonmouth & Lawrence Weston,51.5,-2.64858,Private room,2.0,2.0,2 shared baths,3.0,3.0,1.0,365.0,1.0,365.0,30.0,365.0,7.0,f,1.0,1.0
2023-05-05,,within an hour,100%,100%,f,2.0,t,t,Windmill Hill,51.43628,-2.59653,Entire home/apt,2.0,1.0,1 bath,1.0,1.0,2.0,1125.0,2.0,1125.0,0.0,243.0,28.0,t,2.0,0.0
2023-01-06,"Winona, MN",within an hour,100%,98%,f,1.0,f,t,Redland,51.4752,-2.59728,Entire home/apt,6.0,1.0,1 bath,2.0,2.0,2.0,14.0,2.0,14.0,13.0,79.0,26.0,f,1.0,0.0
2014-06-10,"Bristol, United Kingdom",within an hour,100%,100%,t,39.0,t,f,Bedminster,51.43628,-2.61185,Entire home/apt,4.0,1.0,1 bath,2.0,2.0,3.0,150.0,3.0,999.0,0.0,0.0,42.0,f,20.0,0.0
2022-11-03,,within an hour,100%,91%,f,1.0,f,f,Hillfields,51.47312350869372,-2.5224058067161965,Entire home/apt,7.0,1.0,1 bath,3.0,4.0,2.0,30.0,2.0,30.0,11.0,127.0,4.0,f,1.0,0.0
2016-03-31,"Bristol, United Kingdom",within an hour,100%,100%,f,210.0,t,t,Ashley,51.474552,-2.5902556,Entire home/apt,4.0,1.0,1 bath,2.0,2.0,2.0,365.0,1.0,1125.0,19.0,256.0,15.0,f,148.0,3.0
2017-08-10,"Bristol, United Kingdom",within a day,50%,100%,f,1.0,t,t,Avonmouth & Lawrence Weston,51.5,-2.70143,Entire home/apt,4.0,1.0,1 bath,1.0,1.0,1.0,365.0,1.0,365.0,30.0,365.0,1.0,f,1.0,0.0
2017-12-30,"Bristol, United Kingdom",within an hour,100%,97%,t,27.0,t,t,Cotham,51.46711,-2.60674,Entire home/apt,5.0,2.0,2 baths,5.0,5.0,3.0,1125.0,4.0,1125.0,16.0,102.0,45.0,f,21.0,0.0
2011-05-23,"Bristol, United Kingdom",within an hour,100%,77%,f,1.0,t,f,Henbury & Brentry,51.5,-2.62498,Entire home/apt,2.0,1.0,1 bath,1.0,1.0,2.0,365.0,2.0,365.0,3.0,179.0,6.0,f,1.0,0.0
2021-12-01,,within an hour,99%,97%,f,46.0,t,t,Clifton Down,51.46057,-2.60862,Entire home/apt,4.0,1.0,1 bath,1.0,2.0,1.0,365.0,1.0,999.0,23.0,335.0,125.0,f,30.0,0.0
2013-10-21,"Bristol, United Kingdom",within an hour,100%,100%,f,1.0,t,t,Ashley,51.467024934762826,-2.5753886423278827,Entire home/apt,4.0,1.0,1 bath,2.0,2.0,3.0,30.0,3.0,30.0,5.0,5.0,5.0,f,1.0,0.0
2024-02-07,,,,100%,f,1.0,f,t,Southville,51.44323,-2.61633,Entire home/apt,6.0,2.0,2 baths,2.0,3.0,4.0,365.0,4.0,365.0,0.0,47.0,2.0,f,1.0,0.0
2019-01-14,"Bristol, United Kingdom",within an hour,100%,100%,t,60.0,t,t,Ashley,51.46949,-2.57249,Entire home/apt,8.0,2.0,2 baths,3.0,4.0,2.0,1125.0,2.0,2.0,22.0,351.0,87.0,t,47.0,0.0
2024-06-23,,within an hour,100%,98%,t,1.0,t,t,Southville,51.44562740578922,-2.6007607206702232,Entire home/apt,2.0,1.0,1 bath,1.0,1.0,2.0,360.0,2.0,1125.0,6.0,130.0,39.0,f,1.0,0.0
2013-07-14,"Bristol, United Kingdom",within an hour,100%,92%,t,2.0,t,t,Brislington West,51.43811,-2.55627,Private room,1.0,1.0,1 shared bath,1.0,0.0,21.0,365.0,5.0,365.0,7.0,52.0,10.0,f,2.0,2.0
2019-02-10,"Bristol, United Kingdom",within an hour,100%,93%,t,1.0,t,t,St George Central,51.46301,-2.53375,Entire home/apt,3.0,1.0,1 bath,1.0,4.0,2.0,30.0,1.0,365.0,22.0,222.0,87.0,t,1.0,0.0
2016-08-15,"Bristol, United Kingdom",within an hour,100%,99%,t,2.0,t,t,Clifton,51.45216,-2.61223,Private room,2.0,1.0,1 private bath,1.0,1.0,2.0,365.0,1.0,1125.0,7.0,30.0,169.0,f,2.0,2.0
2023-07-04,"Bristol, United Kingdom",within an hour,99%,100%,f,3.0,t,t,Ashley,51.46530568077393,-2.577425897449704,Entire home/apt,7.0,1.0,1 bath,2.0,3.0,1.0,365.0,1.0,365.0,24.0,336.0,0.0,t,3.0,0.0
2017-04-13,"Bristol, United Kingdom",within an hour,99%,97%,f,100.0,t,t,Cotham,51.46272,-2.60197,Entire home/apt,6.0,2.0,2 baths,2.0,4.0,1.0,1125.0,2.0,1125.0,28.0,363.0,9.0,f,67.0,0.0
2019-01-14,"Bristol, United Kingdom",within an hour,100%,100%,t,60.0,t,t,Clifton Down,51.46912,-2.6101,Entire home/apt,8.0,3.0,3 baths,3.0,5.0,2.0,1125.0,2.0,2.0,21.0,46.0,105.0,t,47.0,0.0
2013-04-13,"Bristol, United Kingdom",within an hour,100%,94%,t,1.0,t,t,Eastville,51.47175,-2.56267,Private room,2.0,1.0,1 shared bath,1.0,1.0,1.0,90.0,1.0,90.0,0.0,63.0,357.0,f,1.0,1.0
2015-07-05,"Bristol, United Kingdom",within a few hours,100%,50%,t,3.0,t,t,Clifton Down,51.45784,-2.61117,Private room,2.0,1.0,1 shared bath,1.0,1.0,2.0,1125.0,2.0,1125.0,25.0,356.0,103.0,f,2.0,2.0
2015-10-22,"Bristol, United Kingdom",within a few hours,100%,97%,t,1.0,t,t,Hotwells & Harbourside,51.44866,-2.61047,Entire home/apt,4.0,1.5,1.5 baths,2.0,2.0,2.0,28.0,2.0,28.0,27.0,147.0,43.0,f,1.0,0.0
2022-04-04,"Bristol, United Kingdom",within an hour,100%,100%,f,19.0,t,t,Cotham,51.465143,-2.5904907,Entire home/apt,4.0,1.0,1 bath,2.0,2.0,2.0,365.0,2.0,365.0,18.0,353.0,2.0,t,14.0,0.0
2016-06-25,"Bristol, United Kingdom",within a few hours,80%,62%,f,6.0,t,t,Ashley,51.460277576055965,-2.590701780774069,Entire home/apt,4.0,1.0,1 bath,2.0,2.0,5.0,365.0,5.0,365.0,1.0,38.0,0.0,f,2.0,0.0
2022-07-23,,,,,f,1.0,t,t,Central,51.4543937,-2.5940355,Entire home/apt,2.0,1.0,1 bath,1.0,1.0,2.0,14.0,2.0,14.0,28.0,268.0,9.0,f,1.0,0.0
2013-08-26,"Bristol, United Kingdom",within a few hours,100%,0%,f,2.0,t,t,Knowle,51.436,-2.56753,Private room,2.0,1.5,1.5 shared baths,1.0,1.0,3.0,7.0,3.0,7.0,29.0,89.0,15.0,f,2.0,1.0
2012-07-11,"Bristol, United Kingdom",within an hour,100%,100%,f,6.0,t,t,Cotham,51.46559,-2.59083,Entire home/apt,3.0,1.5,1.5 baths,1.0,2.0,3.0,1125.0,3.0,1125.0,9.0,279.0,114.0,f,5.0,0.0
2025-02-12,,within an hour,100%,50%,f,1.0,t,t,Bishopsworth,51.41722,-2.61723,Entire home/apt,10.0,1.0,1 bath,5.0,5.0,7.0,365.0,7.0,365.0,4.0,332.0,2.0,f,1.0,0.0
2013-05-15,"Bristol, United Kingdom",within an hour,100%,96%,t,1.0,t,t,Easton,51.46238,-2.5588,Entire home/apt,6.0,1.0,1 bath,3.0,2.0,1.0,7.0,1.0,1125.0,23.0,55.0,57.0,f,1.0,0.0
2016-03-31,"Bristol, United Kingdom",within an hour,100%,100%,f,210.0,t,t,Central,51.4533728,-2.5960839,Entire home/apt,2.0,1.0,1 bath,1.0,1.0,1.0,365.0,1.0,1125.0,11.0,236.0,108.0,t,148.0,3.0
2023-08-03,"Bristol, United Kingdom",within an hour,100%,87%,,25.0,t,t,Clifton,51.45247,-2.61963,Entire home/apt,8.0,1.0,1 bath,4.0,4.0,7.0,365.0,7.0,1125.0,26.0,361.0,0.0,t,18.0,0.0
2021-10-18,"Bristol, United Kingdom",within a day,75%,40%,f,7.0,t,t,Ashley,51.46917,-2.58442,Private room,2.0,1.0,1 shared bath,1.0,1.0,2.0,180.0,2.0,180.0,30.0,365.0,18.0,f,7.0,7.0
2015-06-01,"Bristol, United Kingdom",within an hour,100%,60%,f,3.0,t,t,Bishopsworth,51.41649,-2.61866,Entire home/apt,6.0,1.0,1 bath,1.0,1.0,2.0,60.0,3.0,1125.0,30.0,107.0,25.0,t,3.0,0.0
2017-04-13,"Bristol, United Kingdom",within an hour,99%,97%,f,100.0,t,t,Brislington West,51.44462,-2.55439,Entire home/apt,4.0,1.0,1 bath,1.0,3.0,1.0,1125.0,1.0,1125.0,22.0,357.0,50.0,f,67.0,0.0
2017-12-30,"Bristol, United Kingdom",within an hour,100%,97%,t,27.0,t,t,Central,51.45278,-2.5944,Entire home/apt,2.0,1.0,1 bath,1.0,1.0,1.0,365.0,1.0,365.0,15.0,305.0,17.0,t,21.0,0.0
2013-03-15,"Bristol, United Kingdom",within an hour,100%,89%,t,3.0,t,t,Central,51.45597,-2.60522,Private room,2.0,1.0,1 private bath,1.0,1.0,1.0,1125.0,1.0,365.0,19.0,91.0,77.0,t,3.0,2.0
2016-07-04,"Bristol, United Kingdom",within an hour,100%,99%,t,8.0,t,t,Clifton Down,51.46674481683762,-2.612805896295163,Entire home/apt,4.0,2.0,2 baths,2.0,2.0,2.0,28.0,2.0,1125.0,26.0,298.0,57.0,t,7.0,0.0
2017-12-30,"Bristol, United Kingdom",within an hour,100%,97%,t,27.0,t,t,Clifton Down,51.46668,-2.60873,Entire home/apt,4.0,1.0,1 bath,2.0,2.0,2.0,1125.0,2.0,1125.0,14.0,168.0,41.0,f,21.0,0.0
2017-04-13,"Bristol, United Kingdom",within an hour,99%,97%,f,100.0,t,t,Clifton Down,51.46383212885663,-2.617196392830776,Entire home/apt,2.0,1.0,1 bath,1.0,1.0,1.0,365.0,1.0,365.0,26.0,351.0,2.0,t,67.0,0.0
2017-10-12,"Bristol, United Kingdom",within a few hours,100%,93%,t,1.0,t,t,Central,51.44923,-2.59129,Private room,2.0,1.0,1 private bath,1.0,1.0,1.0,4.0,1.0,4.0,18.0,67.0,420.0,f,1.0,1.0
2023-09-27,,,,,f,1.0,f,t,St George Central,51.45915578169792,-2.521461546421051,Entire home/apt,2.0,1.0,1 bath,1.0,1.0,1.0,1125.0,1.0,1125.0,13.0,348.0,60.0,f,1.0,0.0
2022-03-11,,,,,f,1.0,t,t,Clifton,51.4555179,-2.6226996,Entire home/apt,5.0,2.5,2.5 baths,3.0,5.0,2.0,1125.0,2.0,1125.0,7.0,83.0,100.0,f,1.0,0.0
2024-04-02,"Bristol, United Kingdom",within an hour,100%,100%,f,2.0,t,t,Brislington West,51.4424,-2.56347,Entire home/apt,7.0,2.0,2 baths,3.0,4.0,2.0,28.0,1.0,1125.0,20.0,145.0,6.0,t,2.0,0.0
2022-04-30,,a few days or more,0%,0%,f,6.0,t,t,Avonmouth & Lawrence Weston,51.4913118,-2.6847213,Entire home/apt,8.0,2.0,2 baths,3.0,2.0,1.0,365.0,1.0,365.0,29.0,364.0,27.0,f,1.0,0.0
2016-06-06,"Bristol, United Kingdom",,,,f,20.0,t,t,Central,51.44942,-2.59258,Entire home/apt,6.0,2.0,2 baths,3.0,3.0,2.0,1125.0,2.0,1125.0,20.0,266.0,296.0,f,14.0,4.0
2012-08-25,"Cardiff, United Kingdom",,,0%,f,1.0,t,t,Clifton,51.4545299,-2.6177806,Entire home/apt,2.0,1.0,1 bath,0.0,1.0,30.0,150.0,30.0,150.0,0.0,227.0,0.0,f,1.0,0.0
2012-03-29,United Kingdom,within a few hours,100%,51%,t,1.0,t,t,Ashley,51.46769,-2.5825,Entire home/apt,5.0,1.0,1 bath,1.0,3.0,2.0,1125.0,2.0,1125.0,26.0,328.0,362.0,f,1.0,0.0
2016-02-24,"Bristol, United Kingdom",,,,f,2.0,t,t,Hotwells & Harbourside,51.4534,-2.60402,Private room,4.0,1.0,1 bath,1.0,1.0,4.0,1124.0,4.0,1124.0,0.0,0.0,31.0,f,2.0,1.0
2013-04-30,"Bristol, United Kingdom",within an hour,100%,84%,t,4.0,t,t,Hengrove & Whitchurch Park,51.41828,-2.56228,Private room,2.0,0.0,,1.0,2.0,1.0,1125.0,1.0,1125.0,4.0,14.0,9.0,t,4.0,4.0
2022-05-27,"Bristol, United Kingdom",within an hour,100%,100%,f,1.0,t,t,Clifton,51.45521,-2.62088,Entire home/apt,4.0,1.5,1.5 baths,2.0,2.0,2.0,1125.0,2.0,365.0,8.0,304.0,107.0,t,1.0,0.0
2025-01-02,,,,,f,1.0,t,t,St George Central,51.46656536499471,-2.522389121168916,Entire home/apt,7.0,1.0,1 bath,4.0,5.0,2.0,1125.0,2.0,1125.0,27.0,358.0,6.0,f,1.0,0.0
2020-07-02,"London, United Kingdom",within an hour,100%,74%,f,35.0,t,t,Filwood,51.42388,-2.57734,Entire home/apt,9.0,2.0,2 baths,4.0,5.0,20.0,365.0,20.0,365.0,26.0,281.0,0.0,f,2.0,0.0
2024-08-20,,within an hour,100%,100%,f,1.0,t,t,Hengrove & Whitchurch Park,51.41684,-2.57638,Entire home/apt,6.0,1.0,1 bath,3.0,5.0,2.0,182.0,2.0,182.0,23.0,165.0,6.0,t,1.0,0.0
2022-01-18,,within an hour,100%,99%,t,9.0,t,t,Southville,51.44129,-2.60042,Private room,4.0,1.0,1 private bath,2.0,3.0,1.0,365.0,1.0,365.0,16.0,273.0,54.0,t,9.0,5.0
2016-03-31,"Bristol, United Kingdom",within an hour,100%,100%,f,210.0,t,t,Hotwells & Harbourside,51.4557399,-2.6049046,Entire home/apt,2.0,1.0,1 bath,,1.0,1.0,365.0,1.0,365.0,11.0,330.0,15.0,t,148.0,3.0
2016-03-31,"Bristol, United Kingdom",within an hour,100%,100%,f,210.0,t,t,Clifton,51.4564837,-2.6185424,Entire home/apt,4.0,1.0,1 bath,2.0,2.0,1.0,365.0,1.0,365.0,11.0,217.0,5.0,t,148.0,3.0
2016-03-04,"Bristol, United Kingdom",within an hour,100%,100%,t,1.0,t,t,Cotham,51.4649,-2.59693,Entire home/apt,4.0,1.0,1 bath,2.0,4.0,2.0,45.0,2.0,45.0,9.0,235.0,363.0,t,1.0,0.0
2015-03-13,"Stroud, United Kingdom",within an hour,100%,100%,t,4.0,t,t,Easton,51.46224,-2.56225,Private room,2.0,1.0,1 shared bath,1.0,1.0,6.0,90.0,6.0,1125.0,30.0,90.0,79.0,t,4.0,4.0
2015-10-07,"Bristol, United Kingdom",within a few hours,100%,67%,t,2.0,t,t,Knowle,51.43351,-2.56189,Private room,2.0,1.5,1.5 shared baths,1.0,1.0,1.0,1125.0,1.0,1125.0,12.0,240.0,52.0,f,2.0,1.0
2015-08-28,"Bristol, United Kingdom",,,100%,f,1.0,t,t,Eastville,51.4765,-2.54457,Entire home/apt,6.0,2.0,2 baths,3.0,3.0,5.0,60.0,5.0,60.0,0.0,70.0,3.0,f,1.0,0.0
2023-05-18,"Bristol, United Kingdom",,,,f,1.0,t,f,Central,51.45863745659068,-2.606642156981809,Entire home/apt,8.0,2.0,2 baths,3.0,6.0,1.0,365.0,2.0,365.0,29.0,262.0,0.0,t,1.0,0.0
2017-05-04,"Bristol, United Kingdom",within a day,100%,37%,t,2.0,t,t,Easton,51.46735,-2.55985,Private room,1.0,1.0,1 bath,1.0,1.0,2.0,365.0,2.0,365.0,29.0,89.0,17.0,f,2.0,1.0
2015-09-29,"Bristol, United Kingdom",within a day,100%,93%,f,5.0,t,t,Ashley,51.46626,-2.57965,Entire home/apt,2.0,1.0,1 bath,0.0,1.0,3.0,730.0,3.0,730.0,21.0,81.0,42.0,f,5.0,0.0
2018-09-10,"England, United Kingdom",within an hour,100%,100%,f,3.0,t,t,Frome Vale,51.48008810709899,-2.529868930578232,Entire home/apt,5.0,1.0,1 bath,1.0,3.0,2.0,365.0,2.0,1125.0,14.0,292.0,18.0,t,3.0,0.0
2020-01-30,"England, United Kingdom",within an hour,100%,100%,f,2.0,t,t,Hartcliffe & Withywood,51.40997,-2.62087,Entire home/apt,2.0,1.0,1 bath,1.0,1.0,1.0,365.0,1.0,365.0,1.0,37.0,1.0,f,2.0,1.0
2014-04-30,"Bristol, United Kingdom",within an hour,100%,100%,f,2.0,t,t,Central,51.46375,-2.59125,Entire home/apt,4.0,1.0,1 bath,2.0,2.0,2.0,90.0,2.0,1125.0,10.0,119.0,25.0,f,2.0,0.0
2023-08-16,,,,100%,t,2.0,t,t,Clifton Down,51.46054,-2.61012,Entire home/apt,2.0,1.0,1 bath,1.0,1.0,2.0,1125.0,2.0,365.0,0.0,147.0,40.0,t,2.0,0.0
2016-09-22,,within an hour,90%,91%,f,3.0,t,t,Cotham,51.46764,-2.6069,Entire home/apt,2.0,1.0,1 bath,1.0,1.0,1.0,120.0,1.0,120.0,5.0,5.0,301.0,f,2.0,1.0
2021-11-12,"Bristol, United Kingdom",within an hour,100%,94%,t,3.0,t,t,Clifton Down,51.4625774,-2.6096133,Entire home/apt,4.0,1.0,1 bath,2.0,3.0,3.0,27.0,2.0,1125.0,25.0,130.0,36.0,f,3.0,0.0
2017-10-01,"Leeds, United Kingdom",within an hour,100%,100%,f,194.0,t,t,Hartcliffe & Withywood,51.40875,-2.62155,Entire home/apt,10.0,2.5,2.5 baths,4.0,7.0,2.0,365.0,2.0,365.0,0.0,193.0,13.0,t,22.0,0.0
2017-04-13,"Bristol, United Kingdom",within an hour,99%,97%,f,100.0,t,t,Central,51.45774796404999,-2.607467454541156,Entire home/apt,4.0,1.0,1 bath,1.0,2.0,1.0,365.0,1.0,365.0,26.0,347.0,1.0,t,67.0,0.0
2011-05-17,"Bristol, United Kingdom",within an hour,100%,100%,t,2.0,t,t,Clifton Down,51.46461,-2.60598,Entire home/apt,3.0,1.0,1 bath,1.0,2.0,2.0,180.0,2.0,1125.0,20.0,203.0,128.0,f,2.0,0.0
2018-04-15,,within an hour,100%,100%,f,1.0,t,t,Ashley,51.47352,-2.57725,Entire home/apt,4.0,1.0,1 bath,2.0,3.0,1.0,7.0,1.0,7.0,14.0,241.0,6.0,f,1.0,0.0
2017-10-30,"England, United Kingdom",,,100%,f,3.0,t,t,Eastville,51.47389,-2.55823,Private room,1.0,1.0,1 shared bath,1.0,0.0,2.0,4.0,2.0,1125.0,12.0,156.0,11.0,t,3.0,2.0
2017-04-13,"Bristol, United Kingdom",within an hour,99%,97%,f,100.0,t,t,Central,51.44844,-2.59452,Entire home/apt,8.0,2.0,2 baths,3.0,7.0,1.0,1125.0,2.0,1125.0,12.0,316.0,73.0,f,67.0,0.0
2024-11-09,"Bristol, United Kingdom",,,,f,1.0,t,t,Eastville,51.48234545183857,-2.541307546198368,Entire home/apt,12.0,2.5,2.5 baths,6.0,6.0,14.0,365.0,14.0,365.0,30.0,365.0,0.0,f,1.0,0.0
2012-06-24,"Denpasar Barat, Indonesia",within an hour,100%,91%,t,2.0,t,t,Lawrence Hill,51.45579,-2.57847,Private room,2.0,1.0,1 private bath,1.0,1.0,1.0,365.0,1.0,365.0,3.0,49.0,3.0,f,1.0,1.0
2020-09-07,,within an hour,100%,97%,t,2.0,t,t,St George West,51.46396,-2.54702,Private room,2.0,1.0,1 bath,1.0,1.0,1.0,365.0,1.0,365.0,27.0,313.0,29.0,f,2.0,2.0
2017-04-13,"Bristol, United Kingdom",within an hour,99%,97%,f,100.0,t,t,Clifton Down,51.46903,-2.61293,Entire home/apt,7.0,1.0,1 bath,3.0,5.0,2.0,365.0,1.0,365.0,30.0,361.0,14.0,f,67.0,0.0
2021-06-02,,within an hour,80%,100%,f,1.0,t,t,Clifton,51.4601,-2.62197,Entire home/apt,2.0,1.0,1 bath,2.0,3.0,2.0,1125.0,3.0,365.0,21.0,354.0,98.0,t,1.0,0.0
2016-07-08,"Bristol, United Kingdom",within an hour,100%,46%,f,2.0,t,t,Stoke Bishop,51.47267,-2.61604,Entire home/apt,4.0,1.0,1 bath,2.0,2.0,1.0,365.0,1.0,365.0,25.0,349.0,52.0,f,2.0,1.0
2018-05-23,"Cobham, United Kingdom",within an hour,100%,100%,t,5.0,t,t,Bishopston & Ashley Down,51.485985850065326,-2.5807990506291394,Entire home/apt,6.0,1.0,1 bath,2.0,4.0,1.0,1125.0,1.0,1125.0,0.0,0.0,157.0,t,2.0,0.0
2021-12-01,,within an hour,99%,97%,f,46.0,t,t,Hotwells & Harbourside,51.454845,-2.605939,Entire home/apt,2.0,1.0,1 bath,1.0,1.0,1.0,365.0,2.0,999.0,30.0,353.0,18.0,f,30.0,0.0
2017-05-09,"Bristol, United Kingdom",within an hour,100%,99%,t,1.0,t,t,Redland,51.47882,-2.59144,Private room,2.0,1.0,1 bath,1.0,2.0,1.0,20.0,1.0,20.0,24.0,82.0,105.0,t,1.0,1.0
2017-03-23,"Bristol, United Kingdom",within an hour,100%,95%,t,5.0,t,t,Clifton,51.46569,-2.61975,Entire home/apt,7.0,3.0,3 baths,3.0,4.0,2.0,60.0,2.0,1125.0,18.0,83.0,99.0,t,2.0,0.0
2016-05-16,"Bristol, United Kingdom",within an hour,100%,94%,f,2.0,t,t,Brislington West,51.43701,-2.55292,Entire home/apt,2.0,1.0,1 bath,1.0,1.0,4.0,365.0,4.0,365.0,25.0,360.0,9.0,f,2.0,0.0
2016-03-31,"Bristol, United Kingdom",within an hour,100%,100%,f,210.0,t,t,Ashley,51.471362,-2.5791789,Entire home/apt,10.0,2.0,2 baths,5.0,5.0,1.0,365.0,1.0,365.0,18.0,325.0,12.0,t,148.0,3.0
2012-07-02,"Bristol, United Kingdom",within an hour,100%,97%,f,1.0,t,t,Clifton,51.45124203225777,-2.617627491912508,Entire home/apt,4.0,1.5,1.5 baths,2.0,2.0,1.0,30.0,1.0,30.0,20.0,300.0,22.0,f,1.0,0.0
2023-08-20,,within an hour,100%,70%,t,3.0,f,t,Stoke Bishop,51.48265,-2.64302,Private room,2.0,0.5,Shared half-bath,1.0,0.0,2.0,365.0,2.0,365.0,0.0,229.0,1.0,f,3.0,2.0
2016-06-04,"Bristol, United Kingdom",within a day,100%,73%,f,1.0,t,f,Horfield,51.49451512258079,-2.581009939312935,Private room,1.0,1.0,1 bath,1.0,1.0,5.0,90.0,5.0,90.0,19.0,169.0,6.0,f,1.0,1.0
2013-07-14,"Bristol, United Kingdom",within an hour,100%,92%,t,2.0,t,t,Brislington West,51.43683311708595,-2.55610045974862,Private room,2.0,1.0,1 shared bath,1.0,1.0,1.0,5.0,1.0,5.0,3.0,3.0,0.0,f,2.0,2.0
2023-05-30,,within an hour,90%,88%,t,1.0,t,t,Hotwells & Harbourside,51.44972,-2.60747,Entire home/apt,4.0,2.0,2 baths,2.0,2.0,1.0,1125.0,1.0,365.0,11.0,297.0,62.0,f,1.0,0.0
2014-10-01,"Bristol, United Kingdom",within an hour,100%,96%,f,1.0,t,t,Stockwood,51.42522,-2.56182,Private room,1.0,1.0,1 shared bath,1.0,1.0,1.0,4.0,1.0,1125.0,8.0,17.0,205.0,f,1.0,1.0
2014-04-16,"Bristol, United Kingdom",within a day,75%,67%,f,1.0,t,t,St George West,51.46168043295535,-2.542653105744181,Entire home/apt,5.0,1.0,1 bath,2.0,2.0,4.0,1125.0,4.0,1125.0,2.0,146.0,1.0,f,1.0,0.0
2015-02-17,"Bristol, United Kingdom",within a day,100%,88%,t,2.0,t,t,St George Troopers Hill,51.45346,-2.5345,Private room,1.0,1.0,1 shared bath,1.0,1.0,2.0,31.0,2.0,31.0,4.0,335.0,50.0,f,2.0,2.0
2016-05-02,"Bristol, United Kingdom",within an hour,100%,100%,t,1.0,t,t,Central,51.46225,-2.60726,Entire home/apt,6.0,1.0,1 bath,2.0,4.0,1.0,31.0,1.0,1125.0,17.0,104.0,357.0,f,1.0,0.0
2014-04-15,"Bristol, United Kingdom",within an hour,100%,93%,f,1.0,t,t,Ashley,51.46859776035829,-2.5835027173161507,Private room,2.0,1.0,1 private bath,1.0,1.0,2.0,35.0,2.0,1125.0,22.0,320.0,131.0,t,1.0,1.0
2018-07-18,"England, United Kingdom",within an hour,75%,100%,f,1.0,t,t,Southmead,51.495593278450905,-2.6022528559843328,Entire home/apt,5.0,1.5,1.5 baths,3.0,3.0,2.0,1125.0,2.0,365.0,28.0,358.0,0.0,t,1.0,0.0
2014-10-10,"Bristol, United Kingdom",a few days or more,0%,,f,1.0,t,f,Ashley,51.46767224491687,-2.576524772422201,Entire home/apt,2.0,1.0,1 bath,1.0,1.0,3.0,365.0,3.0,365.0,30.0,90.0,0.0,t,1.0,0.0
2017-02-17,"Bristol, United Kingdom",within an hour,100%,86%,t,1.0,t,t,Hartcliffe & Withywood,51.40627,-2.61312,Private room,2.0,1.0,1 shared bath,1.0,2.0,1.0,2.0,1.0,2.0,0.0,22.0,250.0,f,1.0,1.0
2018-03-20,"England, United Kingdom",within an hour,100%,99%,f,1.0,t,t,Knowle,51.43575,-2.56846,Entire home/apt,4.0,1.0,1 bath,1.0,2.0,1.0,730.0,1.0,730.0,20.0,76.0,94.0,f,1.0,0.0
2016-07-26,"Bristol, United Kingdom",,,,f,1.0,t,t,Brislington East,51.43905,-2.5348,Entire home/apt,4.0,1.0,1 bath,2.0,2.0,2.0,365.0,2.0,365.0,0.0,137.0,0.0,t,1.0,0.0
2019-01-14,"Bristol, United Kingdom",within an hour,100%,100%,t,60.0,t,t,Clifton Down,51.46947,-2.60961,Entire home/apt,4.0,2.0,2 baths,2.0,2.0,2.0,1125.0,2.0,2.0,30.0,61.0,52.0,t,47.0,0.0
2016-10-25,"Bristol, United Kingdom",within an hour,91%,99%,f,5.0,t,t,Ashley,51.46491,-2.58714,Private room,2.0,1.0,1 shared bath,1.0,1.0,1.0,365.0,1.0,1125.0,6.0,329.0,92.0,t,5.0,2.0
2021-11-04,,within an hour,100%,93%,f,2.0,t,t,Hotwells & Harbourside,51.449952922446144,-2.603866383433342,Entire home/apt,2.0,1.0,1 bath,1.0,1.0,1.0,365.0,1.0,365.0,0.0,319.0,0.0,t,1.0,0.0
2019-01-14,"Bristol, United Kingdom",within an hour,100%,100%,t,60.0,t,t,Southville,51.44244,-2.61371,Entire home/apt,6.0,2.0,2 baths,3.0,3.0,2.0,1125.0,2.0,2.0,18.0,302.0,150.0,t,47.0,0.0
2014-10-20,"England, United Kingdom",within a few hours,100%,100%,t,1.0,t,t,Central,51.45248,-2.59169,Entire home/apt,8.0,2.5,2.5 baths,3.0,4.0,2.0,1125.0,2.0,1125.0,17.0,215.0,240.0,f,1.0,0.0
2014-01-28,"England, United Kingdom",within a few hours,100%,0%,f,2.0,t,f,Eastville,51.47094,-2.56002,Entire home/apt,3.0,1.0,1 bath,2.0,2.0,3.0,365.0,3.0,365.0,29.0,269.0,0.0,f,2.0,1.0
2013-04-30,"Bristol, United Kingdom",within an hour,100%,84%,t,4.0,t,t,Hengrove & Whitchurch Park,51.41619,-2.56379,Private room,2.0,1.0,1 private bath,1.0,1.0,1.0,30.0,1.0,30.0,30.0,177.0,93.0,f,4.0,4.0
2015-10-12,"England, United Kingdom",within an hour,100%,98%,t,17.0,t,t,Brislington East,51.4415384,-2.5361472,Entire home/apt,5.0,2.0,2 baths,2.0,2.0,3.0,29.0,3.0,29.0,18.0,168.0,25.0,f,15.0,0.0
2016-07-13,,within a few hours,100%,79%,t,1.0,t,t,Horfield,51.49451,-2.59954,Private room,1.0,1.0,1 shared bath,1.0,1.0,1.0,5.0,1.0,5.0,12.0,339.0,78.0,f,1.0,1.0
2015-09-29,"Bristol, United Kingdom",within a day,100%,93%,f,5.0,t,t,Ashley,51.46795,-2.58102,Entire home/apt,2.0,1.0,1 bath,0.0,1.0,3.0,1125.0,3.0,1125.0,21.0,81.0,71.0,f,5.0,0.0
2023-08-03,"Bristol, United Kingdom",within an hour,100%,87%,,25.0,t,t,Knowle,51.42891,-2.57634,Entire home/apt,6.0,1.5,1.5 baths,3.0,3.0,7.0,365.0,7.0,365.0,29.0,314.0,0.0,f,18.0,0.0
2024-04-23,,within an hour,80%,73%,f,5.0,t,t,Clifton Down,51.45844,-2.61138,Private room,2.0,1.0,1 private bath,1.0,2.0,1.0,365.0,1.0,365.0,27.0,272.0,0.0,t,5.0,5.0
2024-05-15,"Bristol, United Kingdom",within an hour,100%,100%,f,1.0,t,t,Central,51.45225000000001,-2.5927482,Entire home/apt,6.0,2.0,2 baths,2.0,4.0,2.0,30.0,2.0,1125.0,10.0,241.0,9.0,f,1.0,0.0
2014-11-01,"Bristol, United Kingdom",within a few hours,100%,46%,f,3.0,t,t,Westbury-on-Trym & Henleaze,51.49423,-2.63451,Private room,2.0,1.5,1.5 shared baths,1.0,1.0,1.0,365.0,1.0,365.0,30.0,365.0,10.0,f,2.0,2.0
2023-08-03,"Bristol, United Kingdom",within an hour,100%,87%,,25.0,t,t,Knowle,51.42887,-2.57768,Entire home/apt,10.0,2.5,2.5 baths,4.0,4.0,7.0,365.0,7.0,365.0,29.0,314.0,0.0,f,18.0,0.0
2018-03-16,,within an hour,100%,56%,f,2.0,t,t,Central,51.46387,-2.59103,Entire home/apt,8.0,2.0,2 baths,4.0,4.0,5.0,90.0,5.0,90.0,23.0,358.0,27.0,f,1.0,0.0
2013-03-09,"Bristol, United Kingdom",within an hour,100%,57%,f,2.0,t,t,Bishopston & Ashley Down,51.48076,-2.58198,Entire home/apt,7.0,1.0,1 bath,4.0,4.0,2.0,365.0,2.0,365.0,27.0,263.0,25.0,f,2.0,0.0
2017-10-02,"England, United Kingdom",within a few hours,100%,88%,f,1.0,t,f,Easton,51.4613,-2.55876,Entire home/apt,2.0,1.0,1 bath,1.0,0.0,2.0,30.0,2.0,30.0,17.0,91.0,6.0,f,1.0,0.0
2020-10-04,"Bristol, United Kingdom",,,,f,1.0,t,t,Cotham,51.46321,-2.59236,Entire home/apt,7.0,1.0,1 bath,3.0,4.0,2.0,30.0,2.0,1125.0,7.0,46.0,79.0,f,1.0,0.0
2017-06-15,"England, United Kingdom",within a day,100%,93%,t,3.0,t,t,Southmead,51.5,-2.59918,Private room,1.0,1.5,1.5 shared baths,1.0,1.0,14.0,1125.0,14.0,1125.0,29.0,89.0,0.0,f,2.0,2.0
2016-03-31,"Bristol, United Kingdom",within an hour,100%,100%,f,210.0,t,t,Lockleaze,51.4934153,-2.5706386,Entire home/apt,11.0,3.0,3 baths,6.0,6.0,1.0,365.0,1.0,365.0,23.0,332.0,2.0,t,148.0,3.0
2016-01-04,"Bristol, United Kingdom",,,100%,t,2.0,t,t,Avonmouth & Lawrence Weston,51.48329,-2.67978,Private room,2.0,1.0,1 private bath,1.0,1.0,1.0,365.0,1.0,365.0,30.0,365.0,29.0,f,1.0,1.0
2016-03-31,"Bristol, United Kingdom",within an hour,100%,100%,f,210.0,t,t,Central,51.454006,-2.600119,Entire home/apt,2.0,1.0,1 bath,0.0,1.0,1.0,365.0,1.0,365.0,15.0,262.0,18.0,f,148.0,3.0
2022-11-30,,within an hour,100%,100%,f,14.0,t,t,Clifton,51.45417,-2.61086,Entire home/apt,6.0,1.0,1 bath,2.0,4.0,1.0,365.0,1.0,731.0,27.0,147.0,1.0,t,14.0,0.0
2024-04-06,,within an hour,100%,100%,t,1.0,t,t,Clifton Down,51.465777,-2.613673,Entire home/apt,6.0,2.0,2 baths,2.0,4.0,2.0,1125.0,2.0,3.0,23.0,299.0,33.0,t,1.0,0.0
2015-10-07,"Bristol, United Kingdom",within a few hours,100%,67%,t,2.0,t,t,Brislington West,51.43572,-2.56164,Entire home/apt,4.0,1.5,1.5 baths,2.0,2.0,1.0,1125.0,1.0,1125.0,9.0,305.0,38.0,f,2.0,1.0
2013-03-07,,within a day,90%,39%,f,2.0,t,t,Windmill Hill,51.43319,-2.59952,Entire home/apt,3.0,1.0,1 bath,3.0,3.0,4.0,365.0,4.0,365.0,10.0,319.0,0.0,f,1.0,0.0
2019-11-19,"Bristol, United Kingdom",,,100%,t,2.0,t,t,Stockwood,51.42924118041992,-2.5576460361480717,Private room,2.0,2.0,2 baths,1.0,1.0,1.0,7.0,1.0,1125.0,0.0,77.0,49.0,t,2.0,2.0
2022-02-23,"Bristol, United Kingdom",within an hour,100%,100%,t,2.0,t,t,Central,51.45774,-2.59851,Entire home/apt,4.0,2.0,2 baths,2.0,2.0,3.0,20.0,3.0,1125.0,6.0,13.0,12.0,t,2.0,1.0
2024-03-29,"Bristol, United Kingdom",within an hour,100%,100%,t,2.0,t,t,Lawrence Hill,51.44785561924004,-2.574273944693028,Entire home/apt,3.0,1.0,1 bath,1.0,3.0,1.0,1125.0,1.0,1125.0,17.0,232.0,17.0,f,2.0,0.0
2016-03-31,"Bristol, United Kingdom",within an hour,100%,100%,f,210.0,t,t,Easton,51.466076,-2.563031,Entire home/apt,4.0,1.0,1 bath,1.0,0.0,1.0,365.0,1.0,365.0,21.0,342.0,8.0,f,148.0,3.0
2017-10-11,,within an hour,100%,96%,f,39.0,t,t,Clifton,51.45529,-2.61118,Entire home/apt,4.0,1.0,1 bath,1.0,2.0,15.0,365.0,15.0,365.0,30.0,365.0,3.0,f,25.0,0.0
2016-03-14,"Bristol, United Kingdom",within an hour,100%,100%,t,5.0,t,t,Stoke Bishop,51.48639,-2.6463,Private room,1.0,1.0,1 shared bath,1.0,1.0,1.0,4.0,1.0,4.0,17.0,28.0,38.0,f,3.0,3.0
2015-12-18,"Bristol, United Kingdom",within an hour,100%,97%,f,33.0,t,t,Easton,51.46886536011633,-2.558642505056029,Entire home/apt,4.0,1.0,1 bath,2.0,2.0,4.0,365.0,3.0,1125.0,21.0,81.0,0.0,t,26.0,0.0
2013-07-31,"England, United Kingdom",within a few hours,100%,79%,t,2.0,t,t,Windmill Hill,51.44446,-2.58035,Private room,2.0,1.5,1.5 shared baths,2.0,1.0,2.0,1125.0,2.0,1125.0,0.0,169.0,77.0,f,2.0,2.0
2014-02-03,"Bristol, United Kingdom",within an hour,100%,93%,f,1.0,t,t,Clifton Down,51.4629,-2.61042,Entire home/apt,2.0,1.0,1 bath,1.0,1.0,2.0,4.0,1.0,4.0,4.0,57.0,7.0,t,1.0,0.0
2024-10-08,,within an hour,100%,100%,f,1.0,f,f,Bishopsworth,51.42774221802537,-2.6129223228434206,Private room,2.0,1.0,1 private bath,1.0,1.0,1.0,365.0,1.0,365.0,30.0,365.0,2.0,f,1.0,1.0
2015-07-06,"Bristol, United Kingdom",within an hour,100%,88%,f,1.0,t,t,Ashley,51.466140070845874,-2.5864893570542336,Private room,2.0,1.5,1.5 shared baths,1.0,1.0,1.0,1125.0,1.0,1125.0,5.0,47.0,25.0,f,1.0,1.0
2014-11-09,"Bristol, United Kingdom",within an hour,100%,77%,t,5.0,t,f,Brislington East,51.43683,-2.54796,Private room,2.0,1.0,1 shared bath,1.0,1.0,2.0,365.0,2.0,365.0,30.0,270.0,13.0,f,4.0,3.0
2014-06-10,"Bristol, United Kingdom",within an hour,100%,100%,t,39.0,t,f,Brislington East,51.43622,-2.54765,Entire home/apt,4.0,1.0,1 bath,1.0,2.0,3.0,365.0,3.0,90.0,30.0,90.0,29.0,t,20.0,0.0
2024-09-27,,within an hour,100%,100%,f,1.0,t,t,Ashley,51.4617632,-2.5856649,Entire home/apt,4.0,2.0,2 baths,2.0,4.0,2.0,14.0,2.0,1125.0,20.0,76.0,7.0,t,1.0,0.0
2015-04-12,"Bristol, United Kingdom",within an hour,100%,98%,t,1.0,t,t,Knowle,51.43642,-2.57896,Entire home/apt,2.0,1.0,1 bath,1.0,1.0,2.0,7.0,2.0,7.0,16.0,233.0,382.0,t,1.0,0.0
2013-08-30,"Bristol, United Kingdom",within an hour,100%,,f,1.0,t,t,Ashley,51.46737,-2.58536,Entire home/apt,8.0,2.0,2 baths,4.0,5.0,3.0,30.0,3.0,30.0,0.0,8.0,30.0,f,1.0,0.0
2012-10-21,"Bristol, United Kingdom",within a day,100%,87%,t,1.0,t,t,Eastville,51.4670978,-2.5423527,Private room,1.0,1.0,1 bath,1.0,0.0,2.0,365.0,2.0,365.0,1.0,47.0,47.0,f,1.0,1.0
2017-11-28,"Bristol, United Kingdom",,,100%,t,1.0,t,t,St George Central,51.46006783131215,-2.521337761367024,Private room,1.0,1.0,1 shared bath,1.0,1.0,7.0,30.0,7.0,1125.0,0.0,60.0,24.0,f,1.0,1.0
2017-10-01,"Leeds, United Kingdom",within an hour,100%,100%,f,194.0,t,t,St George Troopers Hill,51.45554,-2.53952,Entire home/apt,11.0,2.0,2 baths,4.0,7.0,2.0,365.0,2.0,365.0,11.0,232.0,4.0,t,22.0,0.0
2015-10-12,"England, United Kingdom",within an hour,100%,98%,t,17.0,t,t,Frome Vale,51.4824153,-2.5283377,Entire home/apt,12.0,3.0,3 baths,6.0,6.0,3.0,45.0,3.0,45.0,5.0,42.0,0.0,t,15.0,0.0
2014-09-11,"England, United Kingdom",within an hour,100%,100%,t,1.0,t,t,Cotham,51.46167,-2.5966,Private room,2.0,1.0,1 private bath,1.0,1.0,2.0,1125.0,2.0,1125.0,17.0,74.0,452.87,f,1.0,1.0
2015-12-29,"Bristol, United Kingdom",,,,f,1.0,t,t,Frome Vale,51.48403,-2.54046,Entire home/apt,2.0,1.0,1 bath,1.0,1.0,2.0,1125.0,1.0,1125.0,0.0,311.0,2.0,f,1.0,0.0
2017-10-15,"Newport, United Kingdom",,,,f,18.0,t,t,Central,51.45287652066258,-2.596080980950925,Entire home/apt,4.0,2.0,2 baths,2.0,2.0,1.0,365.0,1.0,365.0,15.0,79.0,88.0,t,1.0,0.0
2016-03-31,"Bristol, United Kingdom",within an hour,100%,100%,f,210.0,t,t,Clifton Down,51.46337890625,-2.609638929367065,Entire home/apt,2.0,1.0,1 bath,1.0,1.0,1.0,365.0,1.0,365.0,12.0,331.0,47.0,f,148.0,3.0
2017-04-13,"Bristol, United Kingdom",within an hour,99%,97%,f,100.0,t,t,Clifton Down,51.4681,-2.61315,Entire home/apt,4.0,1.0,1 bath,1.0,2.0,1.0,365.0,1.0,365.0,29.0,359.0,4.0,t,67.0,0.0
2014-07-24,"Bristol, United Kingdom",within a day,100%,50%,f,1.0,t,t,St George West,51.4581,-2.5528,Entire home/apt,6.0,1.0,1 bath,2.0,1.0,30.0,31.0,25.0,31.0,7.0,67.0,0.0,f,1.0,0.0
2014-03-28,"Midsomer Norton, United Kingdom",within an hour,100%,100%,f,1.0,t,t,St George Central,51.46223,-2.53315,Entire home/apt,8.0,2.0,2 baths,3.0,5.0,2.0,1125.0,1.0,1125.0,30.0,90.0,61.0,t,1.0,0.0
2021-07-26,"Bristol, United Kingdom",within a few hours,98%,81%,f,4.0,t,t,Ashley,51.46713,-2.58886,Private room,2.0,1.0,1 private bath,1.0,1.0,1.0,1125.0,1.0,1125.0,27.0,352.0,147.0,f,4.0,4.0
2022-07-09,,within a day,75%,0%,f,1.0,t,t,Hillfields,51.4711132,-2.5210561,Entire home/apt,6.0,2.0,2 baths,4.0,1.0,5.0,14.0,5.0,14.0,0.0,16.0,0.0,f,1.0,0.0
2019-01-23,"England, United Kingdom",a few days or more,0%,0%,f,1.0,t,t,Hotwells & Harbourside,51.44973,-2.60572,Entire home/apt,4.0,1.0,1 bath,1.0,2.0,4.0,1125.0,4.0,1125.0,0.0,0.0,36.0,f,1.0,0.0
2016-06-28,"Brighton, United Kingdom",within a few hours,100%,100%,f,2.0,t,t,Bishopsworth,51.4139,-2.60086,Entire home/apt,2.0,1.0,1 bath,1.0,1.0,4.0,150.0,4.0,150.0,28.0,228.0,0.0,f,1.0,0.0
2017-04-13,"Bristol, United Kingdom",within an hour,99%,97%,f,100.0,t,t,Central,51.46176,-2.60315,Entire home/apt,6.0,2.0,2 baths,2.0,4.0,1.0,1125.0,1.0,1125.0,16.0,343.0,30.0,f,67.0,0.0
2015-02-18,"Bristol, United Kingdom",within an hour,100%,100%,t,3.0,t,t,Central,51.4544,-2.59404,Entire home/apt,2.0,1.0,1 bath,0.0,1.0,2.0,1125.0,2.0,1125.0,13.0,224.0,452.0,t,3.0,0.0
2015-10-16,"Bristol, United Kingdom",within an hour,100%,100%,f,1.0,t,t,Lawrence Hill,51.45233917236328,-2.57738995552063,Entire home/apt,4.0,2.5,2.5 baths,2.0,2.0,2.0,30.0,1.0,1125.0,25.0,62.0,23.0,f,1.0,0.0
2023-05-23,"Bristol, United Kingdom",,,,f,1.0,t,t,Hartcliffe & Withywood,51.402107663311824,-2.5996147468686104,Private room,1.0,0.0,0 baths,1.0,1.0,2.0,2.0,2.0,2.0,29.0,269.0,0.0,f,1.0,1.0
2017-09-13,"England, United Kingdom",within an hour,100%,100%,f,1.0,t,t,Clifton,51.45661,-2.62136,Entire home/apt,4.0,2.5,2.5 baths,2.0,3.0,3.0,1125.0,2.0,1125.0,0.0,48.0,37.0,f,1.0,0.0
2017-10-30,"England, United Kingdom",,,100%,f,3.0,t,t,Clifton Down,51.46521,-2.61108,Entire home/apt,3.0,1.0,1 bath,1.0,2.0,2.0,120.0,2.0,1125.0,0.0,80.0,0.0,t,3.0,2.0
2018-07-01,"Bristol, United Kingdom",within a day,100%,88%,t,1.0,t,f,Bedminster,51.4384,-2.60793,Private room,2.0,1.0,1 private bath,1.0,1.0,1.0,30.0,1.0,30.0,0.0,311.0,35.0,f,1.0,1.0
2017-12-08,"North Devon District, United Kingdom",within an hour,100%,88%,f,1.0,f,t,Westbury-on-Trym & Henleaze,51.49923,-2.62334,Entire home/apt,4.0,1.0,1 bath,2.0,4.0,2.0,60.0,2.0,1125.0,0.0,276.0,53.0,f,1.0,0.0
2015-02-11,"Bristol, United Kingdom",,,0%,f,1.0,t,t,Clifton,51.45346,-2.62255,Entire home/apt,2.0,1.0,1 bath,1.0,1.0,5.0,7.0,5.0,7.0,0.0,291.0,0.0,f,1.0,0.0
2016-02-11,"England, United Kingdom",,,,f,1.0,t,t,Eastville,51.47733,-2.5385,Entire home/apt,4.0,1.5,1.5 baths,2.0,2.0,3.0,30.0,3.0,30.0,27.0,362.0,0.0,f,1.0,0.0
2021-08-30,"England, United Kingdom",within a day,100%,100%,f,1.0,t,t,Brislington West,51.4436472,-2.5641941,Entire home/apt,4.0,2.5,2.5 baths,2.0,3.0,6.0,21.0,6.0,1125.0,30.0,90.0,6.0,t,1.0,0.0
2021-12-01,,within an hour,99%,97%,f,46.0,t,t,Central,51.45594,-2.60506,Entire home/apt,2.0,1.0,1 bath,1.0,1.0,1.0,365.0,2.0,999.0,15.0,346.0,7.0,f,30.0,0.0
2015-05-12,"Bristol, United Kingdom",a few days or more,0%,9%,f,1.0,t,f,Southville,51.44439,-2.61682,Private room,2.0,1.0,1 bath,1.0,1.0,1.0,365.0,1.0,365.0,28.0,254.0,47.0,f,1.0,1.0
2022-07-27,,within an hour,100%,100%,t,1.0,t,t,St George Central,51.46102,-2.52973,Entire home/apt,3.0,1.0,1 bath,1.0,1.0,1.0,365.0,1.0,1125.0,27.0,348.0,18.0,f,1.0,0.0
2015-07-13,"Bristol, United Kingdom",within an hour,100%,100%,t,1.0,t,t,Ashley,51.45984,-2.58424,Private room,2.0,1.5,1.5 baths,1.0,1.0,2.0,7.0,2.0,7.0,9.0,11.0,218.0,f,1.0,1.0
2012-11-04,"Bristol, United Kingdom",within an hour,100%,100%,t,2.0,t,t,Eastville,51.47367,-2.55613,Entire home/apt,2.0,1.0,1 bath,1.0,1.0,2.0,30.0,2.0,30.0,27.0,40.0,13.0,f,2.0,1.0
2022-02-19,"Bristol, United Kingdom",within a few hours,91%,82%,t,1.0,t,t,Clifton,51.46068,-2.62352,Entire home/apt,4.0,2.0,2 baths,2.0,4.0,2.0,1125.0,1.0,1125.0,19.0,285.0,77.0,f,1.0,0.0
2015-11-05,"Bristol, United Kingdom",,,,f,1.0,t,t,Stoke Bishop,51.485200037949696,-2.650784886369333,Private room,1.0,1.5,1.5 shared baths,1.0,3.0,3.0,365.0,3.0,365.0,0.0,94.0,2.0,f,1.0,1.0
2020-02-03,,within an hour,100%,100%,t,4.0,t,t,Clifton Down,51.47014,-2.61563,Entire home/apt,2.0,1.0,1 bath,1.0,1.0,2.0,365.0,2.0,1125.0,16.0,76.0,108.0,f,4.0,0.0
2012-03-11,"Bristol, United Kingdom",within a day,100%,40%,f,1.0,t,t,Southville,51.44532,-2.60633,Entire home/apt,4.0,1.0,1 bath,2.0,2.0,3.0,365.0,3.0,365.0,7.0,20.0,9.0,f,1.0,0.0
2023-06-23,"Leeds, United Kingdom",within an hour,100%,99%,f,49.0,t,t,Ashley,51.46043700000001,-2.5843093,Entire home/apt,5.0,1.0,1 bath,2.0,5.0,2.0,365.0,2.0,365.0,22.0,52.0,1.0,t,1.0,0.0
2021-07-03,"Cheltenham, United Kingdom",within an hour,83%,100%,f,15.0,t,t,Ashley,51.46074,-2.58547,Entire home/apt,2.0,1.0,1 bath,1.0,1.0,2.0,28.0,2.0,1125.0,15.0,328.0,26.0,t,15.0,0.0
2018-09-06,"Bristol, United Kingdom",within an hour,100%,93%,t,1.0,t,t,Hengrove & Whitchurch Park,51.4125889,-2.5844344,Private room,1.0,1.0,1 private bath,2.0,1.0,1.0,14.0,1.0,14.0,27.0,177.0,14.0,f,1.0,1.0
2019-10-04,,within an hour,100%,50%,f,1.0,t,t,Filwood,51.42974765987624,-2.597266982836738,Private room,2.0,1.0,1 shared bath,1.0,1.0,1.0,2.0,1.0,2.0,29.0,358.0,2.0,f,1.0,1.0
2019-08-19,,within an hour,100%,100%,t,5.0,t,t,Central,51.45344924926758,-2.592478036880493,Entire home/apt,4.0,2.0,2 baths,2.0,2.0,1.0,1125.0,2.0,999.0,6.0,196.0,19.0,t,5.0,0.0
2023-08-03,"Bristol, United Kingdom",within an hour,100%,87%,,25.0,t,t,Knowle,51.429439,-2.5767052,Entire home/apt,2.0,1.0,1 bath,1.0,1.0,4.0,365.0,4.0,1125.0,17.0,77.0,3.0,t,18.0,0.0
2023-08-03,"Bristol, United Kingdom",within an hour,100%,87%,,25.0,t,t,Lawrence Hill,51.46121376175224,-2.57390891278323,Entire home/apt,11.0,2.0,2 baths,4.0,5.0,3.0,365.0,2.0,1125.0,0.0,37.0,4.0,t,18.0,0.0
2020-06-22,"Bristol, United Kingdom",,,0%,f,1.0,t,t,Ashley,51.46872,-2.59101,Entire home/apt,2.0,1.0,1 bath,1.0,1.0,4.0,30.0,4.0,30.0,28.0,178.0,21.0,f,1.0,0.0
2024-01-31,,within an hour,100%,98%,f,1.0,t,t,Horfield,51.48882,-2.58534,Entire home/apt,12.0,3.0,3 baths,6.0,6.0,2.0,1125.0,1.0,365.0,9.0,292.0,28.0,t,1.0,0.0
2014-03-14,"Bristol, United Kingdom",within a few hours,100%,80%,t,1.0,t,t,Clifton,51.45312,-2.62177,Entire home/apt,4.0,1.0,1 bath,2.0,2.0,2.0,10.0,1.0,10.0,4.0,7.0,18.0,f,1.0,0.0
2015-08-04,"Bristol, United Kingdom",within an hour,100%,99%,t,1.0,t,t,Windmill Hill,51.44214,-2.57977,Private room,2.0,1.0,1 private bath,1.0,1.0,1.0,3.0,1.0,1125.0,20.0,75.0,362.0,t,1.0,1.0
2021-05-02,,within a few hours,85%,86%,t,1.0,t,t,Lockleaze,51.47821,-2.56326,Private room,1.0,1.0,1 shared bath,1.0,1.0,1.0,30.0,1.0,30.0,18.0,72.0,195.0,f,1.0,1.0
2011-05-17,"Bristol, United Kingdom",within an hour,100%,100%,t,2.0,t,t,Clifton Down,51.46318,-2.6055,Entire home/apt,5.0,2.0,2 baths,2.0,3.0,1.0,180.0,1.0,180.0,20.0,298.0,35.0,f,2.0,0.0
2023-03-09,,within a few hours,90%,79%,f,7.0,t,t,Ashley,51.46424,-2.58474,Entire home/apt,8.0,1.0,1 bath,3.0,4.0,7.0,365.0,1.0,365.0,5.0,331.0,7.0,f,5.0,0.0
2015-07-20,"Bristol, United Kingdom",,,100%,f,1.0,t,t,Eastville,51.47145,-2.55159,Private room,1.0,1.0,1 shared bath,1.0,1.0,2.0,14.0,2.0,14.0,0.0,6.0,54.0,f,1.0,1.0
2017-10-11,,within an hour,100%,96%,f,39.0,t,t,Clifton Down,51.46411,-2.61625,Entire home/apt,6.0,1.0,1 bath,2.0,3.0,2.0,365.0,2.0,1125.0,19.0,343.0,45.0,t,25.0,0.0
2012-09-10,"Bristol, United Kingdom",within an hour,100%,49%,t,2.0,t,t,Knowle,51.43654,-2.57331,Entire home/apt,4.0,1.0,1 bath,1.0,2.0,2.0,60.0,2.0,60.0,20.0,79.0,3.0,f,2.0,1.0
2017-08-11,"Bristol, United Kingdom",within an hour,100%,92%,f,37.0,t,t,Clifton Down,51.45902,-2.6088,Entire home/apt,4.0,2.0,2 baths,1.0,2.0,1.0,365.0,2.0,999.0,19.0,321.0,1.0,t,25.0,0.0
2016-09-21,"Bristol, United Kingdom",within an hour,100%,94%,t,1.0,t,t,Bedminster,51.43936,-2.60179,Private room,1.0,1.0,1 private bath,1.0,1.0,2.0,365.0,2.0,365.0,19.0,19.0,73.0,f,1.0,1.0
2023-02-17,,within an hour,100%,99%,f,156.0,t,t,Central,51.45605,-2.59059,Entire home/apt,4.0,2.0,2 baths,2.0,2.0,1.0,365.0,1.0,2.0,26.0,312.0,41.0,t,8.0,0.0
2020-11-29,"England, United Kingdom",within an hour,100%,94%,t,3.0,t,t,Ashley,51.47037,-2.58387,Private room,2.0,1.0,1 private bath,1.0,0.0,12.0,1125.0,9.0,1125.0,22.0,59.0,8.0,f,3.0,3.0
2020-03-01,"Bristol, United Kingdom",within a day,100%,57%,t,1.0,t,f,Clifton Down,51.461328845279645,-2.6155773800458992,Private room,2.0,1.0,1 private bath,1.0,1.0,1.0,2.0,1.0,2.0,25.0,146.0,82.0,f,1.0,1.0
2018-02-16,"England, United Kingdom",,,100%,f,1.0,t,t,Brislington West,51.44302,-2.55492,Entire home/apt,6.0,1.5,1.5 baths,3.0,4.0,2.0,14.0,1.0,14.0,5.0,8.0,22.0,f,1.0,0.0
2017-08-27,"Bristol, United Kingdom",within an hour,100%,79%,f,1.0,t,t,Central,51.448,-2.58496,Private room,1.0,1.0,1 shared bath,1.0,1.0,3.0,28.0,2.0,28.0,9.0,335.0,32.0,f,1.0,1.0
2016-03-31,"Bristol, United Kingdom",within an hour,100%,100%,f,210.0,t,t,Lawrence Hill,51.4578833,-2.5831992,Entire home/apt,3.0,1.0,1 bath,2.0,2.0,1.0,365.0,1.0,365.0,6.0,6.0,75.0,t,148.0,3.0
2016-01-16,"London, United Kingdom",within an hour,100%,100%,t,1.0,t,t,Windmill Hill,51.4347792468944,-2.6024869231424663,Entire home/apt,2.0,1.0,1 bath,0.0,1.0,2.0,365.0,2.0,365.0,8.0,139.0,171.0,f,1.0,0.0
2018-09-03,"Bristol, United Kingdom",within an hour,100%,98%,t,8.0,t,t,Brislington West,51.43165,-2.55023,Private room,1.0,1.0,1 shared bath,2.0,2.0,15.0,365.0,3.0,365.0,20.0,20.0,1.0,f,7.0,7.0
2013-07-19,"Bristol, United Kingdom",within an hour,100%,60%,f,1.0,t,t,Ashley,51.46949,-2.58385,Private room,2.0,1.5,1.5 baths,1.0,1.0,1.0,1125.0,1.0,1125.0,26.0,360.0,452.87,f,1.0,1.0
2014-08-21,"Bristol, United Kingdom",,,67%,f,1.0,t,t,Easton,51.454443789841534,-2.558887450975328,Private room,1.0,1.0,1 shared bath,1.0,1.0,3.0,365.0,3.0,365.0,23.0,358.0,1.0,f,1.0,1.0
2020-01-11,"England, United Kingdom",within an hour,100%,100%,t,1.0,t,t,Brislington West,51.44503,-2.55285,Private room,2.0,1.0,1 shared bath,1.0,1.0,1.0,365.0,1.0,1125.0,30.0,335.0,148.0,t,1.0,1.0
2016-03-31,"Bristol, United Kingdom",within an hour,100%,100%,f,210.0,t,t,Hotwells & Harbourside,51.453766,-2.603581,Entire home/apt,4.0,1.5,1.5 baths,2.0,2.0,1.0,365.0,1.0,365.0,18.0,127.0,2.0,t,148.0,3.0
2015-07-05,"Bristol, United Kingdom",within a few hours,100%,50%,t,3.0,t,t,Clifton,51.45705,-2.61131,Private room,2.0,1.0,1 shared bath,1.0,1.0,2.0,1125.0,2.0,1125.0,25.0,360.0,35.0,f,2.0,2.0
2014-09-01,"England, United Kingdom",within a few hours,100%,90%,f,1.0,t,t,Clifton,51.45319,-2.61554,Entire home/apt,2.0,1.0,1 bath,1.0,1.0,4.0,1125.0,4.0,1125.0,0.0,0.0,210.0,f,1.0,0.0
2016-07-30,"Bristol, United Kingdom",,,,f,1.0,t,t,Bishopston & Ashley Down,51.48332,-2.58125,Private room,1.0,1.5,1.5 shared baths,1.0,1.0,2.0,5.0,2.0,1125.0,4.0,4.0,22.0,f,1.0,1.0
2024-12-18,"Bristol, United Kingdom",within an hour,100%,100%,f,2.0,t,t,Clifton Down,51.45911438054162,-2.6114702324549954,Entire home/apt,2.0,1.0,1 bath,1.0,1.0,2.0,1125.0,2.0,365.0,20.0,61.0,0.0,t,2.0,0.0
2025-02-24,,within an hour,100%,100%,f,10.0,t,t,Avonmouth & Lawrence Weston,51.49834,-2.69295,Entire home/apt,8.0,1.0,1 bath,4.0,7.0,1.0,365.0,2.0,365.0,0.0,78.0,0.0,t,1.0,0.0
2022-11-01,"Bristol, United Kingdom",within a few hours,100%,90%,f,8.0,t,t,Westbury-on-Trym & Henleaze,51.49221629641817,-2.6362593841985507,Private room,1.0,1.0,1 shared bath,1.0,1.0,1.0,365.0,1.0,1125.0,30.0,365.0,0.0,t,7.0,7.0
2014-01-18,"Bristol, United Kingdom",within a few hours,100%,83%,t,3.0,t,t,Ashley,51.46774,-2.58777,Private room,2.0,1.0,1 private bath,1.0,1.0,2.0,21.0,2.0,21.0,24.0,91.0,366.0,f,3.0,2.0
2022-01-18,,within an hour,100%,99%,t,9.0,t,t,Southville,51.44292,-2.60073,Private room,3.0,1.0,1 private bath,1.0,2.0,1.0,365.0,1.0,365.0,16.0,254.0,28.0,t,9.0,5.0
2014-06-07,"Bristol, United Kingdom",within an hour,80%,95%,f,2.0,t,t,Ashley,51.47023,-2.58641,Entire home/apt,6.0,1.0,1 bath,3.0,3.0,2.0,365.0,1.0,1125.0,24.0,87.0,58.0,f,2.0,0.0
2024-05-29,,within an hour,100%,91%,t,1.0,f,t,Westbury-on-Trym & Henleaze,51.48098,-2.60832,Entire home/apt,4.0,1.0,1 bath,2.0,2.0,3.0,365.0,3.0,365.0,24.0,226.0,19.0,f,1.0,0.0
2015-11-05,"England, United Kingdom",within an hour,100%,98%,t,193.0,t,t,Southville,51.4456,-2.606,Entire home/apt,4.0,1.0,1 bath,2.0,2.0,3.0,150.0,3.0,150.0,16.0,138.0,47.0,f,4.0,0.0
2017-06-12,"Manchester, United Kingdom",within an hour,100%,98%,f,8.0,t,t,Ashley,51.46719,-2.58066,Entire home/apt,5.0,1.0,1 bath,2.0,4.0,2.0,365.0,2.0,365.0,20.0,248.0,47.0,t,3.0,0.0
2016-08-15,"Bristol, United Kingdom",within an hour,100%,99%,f,1.0,t,t,Easton,51.46757,-2.56201,Entire home/apt,4.0,1.0,1 bath,2.0,2.0,1.0,16.0,1.0,16.0,14.0,314.0,415.0,f,1.0,0.0
2017-01-03,"Bristol, United Kingdom",within an hour,100%,98%,t,1.0,t,t,Clifton Down,51.46831,-2.61126,Entire home/apt,2.0,1.0,1 bath,1.0,1.0,2.0,1125.0,2.0,1125.0,4.0,27.0,99.0,f,1.0,0.0
2015-06-09,"Bristol, United Kingdom",within a few hours,100%,92%,t,2.0,t,t,Brislington West,51.44052505493164,-2.5592401027679443,Entire home/apt,5.0,1.0,1 bath,2.0,3.0,1.0,1125.0,1.0,1125.0,0.0,237.0,426.0,f,2.0,0.0
2016-03-31,"Bristol, United Kingdom",within an hour,100%,100%,f,210.0,t,t,Clifton Down,51.4622836,-2.6153019,Entire home/apt,2.0,1.0,1 bath,1.0,1.0,1.0,365.0,1.0,365.0,23.0,348.0,16.0,t,148.0,3.0
2021-08-16,"Bristol, United Kingdom",within an hour,100%,99%,t,1.0,t,t,Clifton,51.45572,-2.61123,Entire home/apt,5.0,1.0,1 bath,2.0,3.0,2.0,45.0,2.0,30.0,0.0,153.0,93.0,f,1.0,0.0
2017-05-02,"Bristol, United Kingdom",within an hour,100%,0%,f,1.0,t,t,Hartcliffe & Withywood,51.40949634939868,-2.600020255944149,Private room,2.0,0.5,Private half-bath,3.0,1.0,1.0,365.0,1.0,365.0,30.0,365.0,0.0,f,1.0,1.0
2024-12-19,,within an hour,100%,100%,f,1.0,t,t,Avonmouth & Lawrence Weston,51.49944587722644,-2.66127135038929,Entire home/apt,6.0,2.5,2.5 baths,3.0,5.0,2.0,1125.0,1.0,365.0,14.0,342.0,9.0,t,1.0,0.0
2023-05-23,,within an hour,100%,100%,f,1.0,t,t,Knowle,51.43598190231009,-2.563924938440323,Entire home/apt,7.0,1.0,1 bath,3.0,5.0,3.0,7.0,3.0,7.0,29.0,361.0,6.0,f,1.0,0.0
2022-11-30,,within an hour,100%,100%,f,14.0,t,t,Lawrence Hill,51.4555,-2.57894,Entire home/apt,8.0,2.0,2 baths,3.0,6.0,1.0,365.0,1.0,731.0,25.0,158.0,14.0,t,14.0,0.0
2014-08-03,"Bristol, United Kingdom",within an hour,100%,100%,f,1.0,t,t,Clifton Down,51.45952224731445,-2.6107959747314453,Entire home/apt,2.0,1.0,1 bath,1.0,0.0,1.0,365.0,1.0,365.0,16.0,333.0,452.87,f,1.0,0.0
2016-03-31,"Bristol, United Kingdom",within an hour,100%,100%,f,210.0,t,t,Central,51.449959,-2.596754,Entire home/apt,2.0,1.0,1 bath,1.0,0.0,1.0,365.0,1.0,1125.0,9.0,292.0,81.0,f,148.0,3.0
2022-03-25,"Bristol, United Kingdom",within a few hours,100%,44%,f,1.0,t,t,Frome Vale,51.48967,-2.53387,Private room,1.0,2.0,2 shared baths,1.0,1.0,2.0,365.0,2.0,365.0,4.0,64.0,0.0,f,1.0,1.0
2015-01-27,,within an hour,100%,55%,f,6.0,t,t,Avonmouth & Lawrence Weston,51.49593,-2.66106,Entire home/apt,5.0,2.5,2.5 baths,3.0,4.0,5.0,365.0,5.0,365.0,0.0,261.0,0.0,t,4.0,0.0
2019-05-02,"Bristol, United Kingdom",within an hour,100%,100%,f,1.0,t,t,Windmill Hill,51.44372953870296,-2.5804633271398503,Entire home/apt,8.0,1.5,1.5 baths,3.0,4.0,2.0,1125.0,2.0,2.0,6.0,217.0,11.0,t,1.0,0.0
2024-10-16,,within an hour,100%,100%,f,4.0,t,t,Central,51.45976824577065,-2.591970117023534,Entire home/apt,2.0,1.0,1 bath,1.0,1.0,2.0,365.0,2.0,365.0,0.0,45.0,2.0,t,4.0,0.0
2017-10-01,"Leeds, United Kingdom",within an hour,100%,100%,f,194.0,t,t,Windmill Hill,51.43791835775613,-2.592181004447668,Entire home/apt,12.0,1.5,1.5 baths,4.0,9.0,1.0,365.0,1.0,365.0,10.0,105.0,4.0,t,22.0,0.0
2016-07-04,"Bristol, United Kingdom",within an hour,100%,99%,t,8.0,t,t,Brislington West,51.44336805257222,-2.569022811949253,Entire home/apt,8.0,3.0,3 baths,3.0,5.0,2.0,28.0,2.0,1125.0,16.0,260.0,57.0,t,7.0,0.0
2015-02-16,"London, United Kingdom",within a few hours,100%,50%,f,1.0,t,t,Eastville,51.47722,-2.5457,Entire home/apt,7.0,2.0,2 baths,4.0,5.0,3.0,21.0,3.0,21.0,0.0,60.0,16.0,f,1.0,0.0
2023-04-11,,within an hour,100%,100%,t,1.0,t,t,Central,51.45667,-2.60573,Entire home/apt,3.0,1.0,1 bath,2.0,2.0,2.0,24.0,1.0,24.0,15.0,282.0,44.0,t,1.0,0.0
2015-04-14,"Bristol, United Kingdom",within an hour,100%,96%,t,1.0,t,t,Clifton,51.45661,-2.61726,Entire home/apt,4.0,2.0,2 baths,2.0,2.0,2.0,30.0,2.0,30.0,0.0,0.0,362.0,f,1.0,0.0
2016-06-08,,within an hour,100%,88%,f,1.0,t,t,Clifton,51.45603089999999,-2.6157175,Entire home/apt,4.0,2.0,2 baths,2.0,3.0,2.0,28.0,2.0,1125.0,9.0,9.0,15.0,f,1.0,0.0
2015-06-23,"London, United Kingdom",within an hour,100%,96%,f,8.0,t,t,Bishopston & Ashley Down,51.48538,-2.58522,Entire home/apt,4.0,1.0,1 bath,2.0,2.0,1.0,365.0,1.0,365.0,1.0,76.0,3.0,t,4.0,0.0
2016-03-31,"Bristol, United Kingdom",within an hour,100%,100%,f,210.0,t,t,Bishopston & Ashley Down,51.48394889999999,-2.5869086,Entire home/apt,4.0,1.0,1 bath,2.0,2.0,1.0,365.0,1.0,365.0,26.0,359.0,0.0,t,148.0,3.0
2015-08-10,"Bristol, United Kingdom",within an hour,100%,100%,f,1.0,t,t,Windmill Hill,51.44098,-2.58926,Private room,2.0,1.0,1 private bath,1.0,0.0,2.0,7.0,2.0,7.0,4.0,4.0,67.0,t,1.0,1.0
2015-12-18,"Bristol, United Kingdom",within an hour,100%,97%,f,33.0,t,t,Frome Vale,51.48564,-2.55196,Entire home/apt,5.0,1.0,1 bath,3.0,4.0,2.0,1125.0,2.0,1125.0,15.0,345.0,53.0,t,26.0,0.0
2016-10-08,"Bristol, United Kingdom",within an hour,100%,98%,t,2.0,t,t,Ashley,51.46839,-2.58557,Private room,2.0,1.0,1 shared bath,1.0,1.0,2.0,30.0,2.0,30.0,2.0,31.0,372.0,f,1.0,1.0
2015-12-18,"Bristol, United Kingdom",within an hour,100%,97%,f,33.0,t,t,Avonmouth & Lawrence Weston,51.49054,-2.67777,Entire home/apt,5.0,1.0,1 bath,3.0,5.0,2.0,1121.0,3.0,1125.0,21.0,74.0,35.0,t,26.0,0.0
2016-06-05,"England, United Kingdom",within an hour,100%,100%,f,1.0,t,f,Redland,51.47831,-2.59606,Private room,2.0,1.0,1 shared bath,1.0,1.0,1.0,1125.0,1.0,1125.0,1.0,22.0,52.0,f,1.0,1.0
2015-03-14,"Bristol, United Kingdom",within an hour,100%,78%,f,3.0,t,t,Eastville,51.47815569999999,-2.5427825,Private room,1.0,1.0,1 shared bath,1.0,1.0,1.0,1.0,1.0,1.0,30.0,32.0,91.0,f,3.0,3.0
2016-06-07,"Bristol, United Kingdom",,,100%,f,1.0,t,t,Southville,51.4419,-2.62219,Private room,2.0,1.0,1 bath,1.0,1.0,1.0,365.0,1.0,365.0,29.0,269.0,3.0,f,1.0,1.0
2017-04-13,"Bristol, United Kingdom",within an hour,99%,97%,f,100.0,t,t,Brislington West,51.44164,-2.55912,Entire home/apt,4.0,1.0,1 bath,1.0,3.0,1.0,1125.0,1.0,1125.0,27.0,362.0,55.0,f,67.0,0.0
2016-09-18,"Bristol, United Kingdom",within an hour,100%,100%,t,1.0,t,t,Clifton Down,51.46006,-2.61294,Private room,1.0,1.0,1 shared bath,1.0,1.0,1.0,1125.0,1.0,1125.0,9.0,74.0,452.87,f,1.0,1.0
2024-03-29,"Bristol, United Kingdom",within an hour,100%,100%,t,2.0,t,t,Lawrence Hill,51.44847,-2.57541,Entire home/apt,3.0,1.0,1 bath,1.0,2.0,2.0,1125.0,1.0,1125.0,22.0,259.0,56.0,f,2.0,0.0
2013-03-21,"Bristol, United Kingdom",within an hour,100%,99%,f,14.0,t,t,Central,51.45687,-2.60778,Entire home/apt,2.0,1.0,1 bath,1.0,0.0,28.0,365.0,28.0,1125.0,0.0,231.0,4.0,f,11.0,7.0
2016-03-31,"Bristol, United Kingdom",within an hour,100%,100%,f,210.0,t,t,Hotwells & Harbourside,51.45072,-2.60262,Entire home/apt,4.0,1.5,1.5 baths,2.0,2.0,2.0,365.0,2.0,1125.0,0.0,170.0,0.0,f,148.0,3.0
2020-08-02,"Bristol, United Kingdom",within an hour,100%,95%,t,2.0,t,t,Ashley,51.46154,-2.58598,Entire home/apt,2.0,1.0,1 bath,1.0,1.0,2.0,365.0,2.0,365.0,22.0,243.0,195.0,f,2.0,0.0
2023-10-03,,within an hour,100%,95%,f,1.0,t,f,Easton,51.4563755,-2.5605849,Entire home/apt,6.0,1.5,1.5 baths,3.0,4.0,1.0,365.0,1.0,365.0,19.0,69.0,13.0,t,1.0,0.0
2016-03-28,,within a day,75%,47%,f,1.0,t,f,Easton,51.46265,-2.55953,Private room,2.0,1.0,1 shared bath,1.0,1.0,1.0,7.0,1.0,7.0,26.0,81.0,58.0,f,1.0,1.0
2014-08-13,"Bristol, United Kingdom",within a day,100%,54%,f,1.0,t,t,Frome Vale,51.48381,-2.53986,Entire home/apt,2.0,1.0,1 bath,2.0,1.0,14.0,90.0,14.0,90.0,0.0,34.0,10.0,f,1.0,0.0
2015-08-07,"England, United Kingdom",within a day,100%,89%,t,1.0,t,t,Southville,51.4420446,-2.6126613,Private room,2.0,1.0,1 private bath,1.0,1.0,1.0,183.0,1.0,183.0,13.0,344.0,26.0,f,1.0,1.0
2017-04-13,"Bristol, United Kingdom",within an hour,99%,97%,f,100.0,t,t,Clifton Down,51.46805,-2.61449,Entire home/apt,4.0,1.0,1 bath,1.0,2.0,2.0,365.0,1.0,365.0,18.0,351.0,22.0,f,67.0,0.0
2014-02-11,,within a few hours,100%,40%,f,2.0,t,t,Hotwells & Harbourside,51.44947,-2.62182,Entire home/apt,2.0,1.0,1 bath,1.0,1.0,3.0,1125.0,3.0,1125.0,28.0,146.0,2.0,f,2.0,0.0
2014-03-08,"Bristol, United Kingdom",,,100%,f,1.0,t,t,Southville,51.44179,-2.60369,Entire home/apt,5.0,1.5,1.5 baths,3.0,2.0,4.0,730.0,4.0,730.0,0.0,52.0,18.0,f,1.0,0.0
2017-04-13,"Bristol, United Kingdom",within an hour,99%,97%,f,100.0,t,t,Central,51.45745679685183,-2.596137238428134,Entire home/apt,2.0,1.0,1 bath,1.0,1.0,1.0,365.0,1.0,365.0,25.0,360.0,7.0,t,67.0,0.0
2017-06-02,"Frampton Cotterell, United Kingdom",within an hour,100%,99%,f,52.0,t,t,Brislington West,51.44045,-2.55577,Entire home/apt,4.0,2.0,2 baths,2.0,3.0,2.0,365.0,2.0,365.0,25.0,343.0,11.0,t,4.0,0.0
2018-07-11,"Bristol, United Kingdom",,,0%,f,2.0,t,t,Ashley,51.473286,-2.589571,Entire home/apt,4.0,1.0,1 bath,2.0,2.0,3.0,21.0,3.0,1125.0,0.0,169.0,9.0,f,1.0,0.0
2015-07-14,"Bristol, United Kingdom",within a day,71%,29%,f,3.0,t,t,Hengrove & Whitchurch Park,51.41107,-2.58947,Entire home/apt,2.0,1.0,1 bath,1.0,1.0,7.0,365.0,7.0,365.0,28.0,363.0,0.0,f,1.0,0.0
2016-05-28,"Bath, Netherlands",,,,f,1.0,t,t,Horfield,51.5,-2.5902533,Private room,2.0,1.0,1 shared bath,1.0,1.0,4.0,30.0,4.0,30.0,11.0,11.0,0.0,f,1.0,1.0
2017-10-01,"Leeds, United Kingdom",within an hour,100%,100%,f,194.0,t,t,Central,51.46106815382471,-2.590934081567376,Entire home/apt,6.0,1.0,1 bath,2.0,4.0,3.0,365.0,2.0,365.0,10.0,335.0,9.0,t,22.0,0.0
2020-02-11,"England, United Kingdom",within an hour,100%,100%,t,1.0,t,t,Clifton Down,51.4656,-2.61748,Entire home/apt,2.0,1.0,1 bath,0.0,1.0,1.0,1125.0,1.0,1125.0,11.0,90.0,430.0,f,1.0,0.0
2022-01-08,"Bristol, United Kingdom",within an hour,100%,95%,t,20.0,t,t,Southville,51.4417265,-2.5978257,Entire home/apt,10.0,1.0,1 bath,5.0,4.0,7.0,999.0,2.0,999.0,4.0,339.0,0.0,t,13.0,0.0
2019-08-19,,within an hour,100%,100%,t,5.0,t,t,Central,51.4535125,-2.5925094,Entire home/apt,2.0,1.0,1 bath,1.0,1.0,1.0,365.0,2.0,999.0,19.0,212.0,10.0,t,5.0,0.0
2014-06-10,"Bristol, United Kingdom",within an hour,100%,100%,t,39.0,t,f,Windmill Hill,51.43736,-2.58434,Entire home/apt,6.0,3.0,3 baths,3.0,4.0,3.0,1125.0,3.0,999.0,7.0,15.0,34.0,t,20.0,0.0
2021-08-22,,within an hour,100%,98%,t,1.0,t,t,Westbury-on-Trym & Henleaze,51.491939015486366,-2.598593975781464,Private room,2.0,1.0,1 private bath,1.0,1.0,1.0,42.0,1.0,1125.0,21.0,276.0,34.0,f,1.0,1.0
2015-02-15,"Bristol, United Kingdom",within a few hours,100%,0%,f,2.0,t,t,Bedminster,51.43730247255967,-2.608541951352331,Private room,2.0,1.0,1 shared bath,1.0,1.0,1.0,365.0,1.0,365.0,4.0,52.0,0.0,f,1.0,1.0
2024-04-23,,within an hour,80%,73%,f,5.0,t,t,Clifton Down,51.46024778468148,-2.6110895861516177,Private room,2.0,1.0,1 bath,1.0,1.0,1.0,365.0,1.0,365.0,27.0,272.0,2.0,t,5.0,5.0
2017-05-31,"Bristol, United Kingdom",within a few hours,100%,85%,t,2.0,t,t,Southmead,51.5,-2.59338,Private room,1.0,1.0,1 shared bath,1.0,1.0,2.0,15.0,2.0,15.0,25.0,171.0,42.0,f,2.0,2.0
2021-08-21,"Bristol, United Kingdom",within an hour,100%,100%,t,1.0,t,t,Clifton,51.45044,-2.61116,Entire home/apt,7.0,2.5,2.5 baths,3.0,4.0,2.0,1125.0,1.0,1125.0,17.0,311.0,165.0,f,1.0,0.0
2023-01-14,"Bristol, United Kingdom",within an hour,100%,97%,f,1.0,t,f,Westbury-on-Trym & Henleaze,51.4968757,-2.6230918,Private room,3.0,1.0,1 private bath,1.0,2.0,3.0,80.0,1.0,80.0,10.0,70.0,23.0,f,1.0,1.0
2014-08-05,"Bristol, United Kingdom",within an hour,100%,100%,f,1.0,t,t,Ashley,51.467017754824006,-2.577562160580342,Entire home/apt,6.0,1.0,1 bath,3.0,3.0,2.0,40.0,2.0,40.0,21.0,79.0,12.0,f,1.0,0.0
2021-07-04,"Bristol, United Kingdom",within an hour,100%,96%,t,1.0,t,t,Easton,51.46141,-2.55835,Private room,2.0,1.0,1 private bath,1.0,1.0,2.0,14.0,1.0,14.0,20.0,78.0,34.0,f,1.0,1.0
2024-05-30,"Bristol, United Kingdom",within an hour,100%,73%,f,2.0,t,t,Southmead,51.49305684490139,-2.605183012783528,Private room,2.0,1.0,1 shared bath,1.0,1.0,1.0,365.0,1.0,365.0,29.0,103.0,0.0,f,2.0,2.0
2015-09-08,"Bristol, United Kingdom",within a day,100%,0%,f,1.0,t,t,Lockleaze,51.48665,-2.57764,Entire home/apt,2.0,1.0,1 bath,1.0,1.0,7.0,365.0,7.0,365.0,0.0,128.0,0.0,f,1.0,0.0
2024-10-11,,within an hour,99%,86%,t,41.0,t,t,Lockleaze,51.49056,-2.56472,Entire home/apt,8.0,1.0,1 bath,4.0,6.0,1.0,365.0,1.0,365.0,25.0,360.0,0.0,t,1.0,0.0
2022-06-30,,within an hour,100%,100%,f,54.0,t,t,St George West,51.46093422648234,-2.55212373697739,Entire home/apt,4.0,1.0,1 bath,1.0,2.0,1.0,90.0,1.0,1.0,0.0,65.0,0.0,t,32.0,0.0
2015-05-07,"Bristol, United Kingdom",within an hour,100%,100%,t,14.0,t,t,Central,51.45525,-2.59339,Entire home/apt,6.0,1.0,1 bath,2.0,4.0,2.0,1125.0,1.0,1125.0,7.0,248.0,184.0,f,11.0,5.0
2023-04-09,"Bristol, United Kingdom",within a few hours,100%,25%,f,1.0,t,t,Windmill Hill,51.44156,-2.57809,Private room,1.0,1.0,1 bath,1.0,1.0,1.0,365.0,1.0,365.0,30.0,365.0,0.0,f,1.0,1.0
2011-01-24,"Bristol, United Kingdom",within an hour,100%,90%,t,5.0,t,t,Windmill Hill,51.43843,-2.59183,Private room,2.0,1.0,1 shared bath,1.0,1.0,7.0,14.0,7.0,14.0,3.0,19.0,197.0,f,5.0,5.0
2016-02-14,,within a few hours,100%,68%,f,1.0,t,t,Cotham,51.46211,-2.6017,Entire home/apt,4.0,1.0,1 bath,2.0,3.0,2.0,1125.0,1.0,1125.0,5.0,113.0,197.0,f,1.0,0.0
2022-11-30,,within an hour,100%,100%,f,14.0,t,t,Easton,51.45771,-2.5618,Entire home/apt,4.0,1.0,1 bath,2.0,4.0,1.0,365.0,1.0,731.0,13.0,340.0,15.0,t,14.0,0.0
2023-04-24,,within an hour,100%,100%,t,1.0,f,t,Hotwells & Harbourside,51.44957646743295,-2.612339947506784,Entire home/apt,6.0,1.0,1 bath,2.0,4.0,2.0,365.0,2.0,365.0,16.0,298.0,48.0,f,1.0,0.0
2024-02-22,,within an hour,100%,100%,t,3.0,f,t,Southville,51.44432,-2.59282,Entire home/apt,6.0,2.0,2 baths,3.0,6.0,14.0,365.0,1.0,365.0,17.0,272.0,2.0,f,3.0,0.0
2021-08-02,"Bristol, United Kingdom",within an hour,100%,96%,t,1.0,t,t,Southville,51.43980156615966,-2.613343633711338,Private room,1.0,1.0,1 private bath,1.0,1.0,1.0,14.0,1.0,14.0,5.0,49.0,39.0,f,1.0,1.0
2016-01-13,"Bristol, United Kingdom",within a few hours,100%,91%,t,2.0,t,t,Ashley,51.4617637,-2.5870613,Entire home/apt,2.0,1.0,1 bath,0.0,1.0,4.0,365.0,3.0,365.0,7.0,141.0,10.0,f,2.0,0.0
2013-11-25,"Bristol, United Kingdom",,,88%,f,1.0,t,t,Brislington West,51.42912627124275,-2.5512424556311384,Entire home/apt,4.0,2.0,2 baths,2.0,4.0,1.0,1125.0,1.0,1125.0,0.0,236.0,5.0,f,1.0,0.0
2024-03-22,,within an hour,94%,97%,f,4.0,t,t,Clifton,51.4511818,-2.6212197,Entire home/apt,4.0,2.0,2 baths,2.0,0.0,2.0,365.0,2.0,365.0,22.0,341.0,16.0,f,3.0,0.0
2016-05-11,"Bristol, United Kingdom",within an hour,100%,100%,t,1.0,t,t,Clifton,51.45146,-2.6101,Entire home/apt,4.0,1.0,1 bath,1.0,2.0,1.0,15.0,1.0,15.0,11.0,122.0,275.0,f,1.0,0.0
2015-06-09,"Bristol, United Kingdom",within a few hours,100%,92%,t,2.0,t,t,Brislington West,51.44051922429928,-2.559178434312344,Entire home/apt,6.0,1.0,1 bath,3.0,4.0,1.0,365.0,1.0,365.0,0.0,34.0,0.0,t,2.0,0.0
2024-12-09,"Bristol, United Kingdom",a few days or more,38%,0%,f,1.0,f,t,Southmead,51.5,-2.61146,Entire home/apt,7.0,2.0,2 baths,4.0,4.0,1.0,20.0,1.0,20.0,29.0,87.0,0.0,f,1.0,0.0
2024-05-06,,within an hour,100%,99%,f,1.0,t,f,Clifton,51.4512408,-2.6096889,Entire home/apt,2.0,1.0,1 bath,1.0,1.0,1.0,7.0,1.0,7.0,24.0,299.0,44.0,f,1.0,0.0
2013-03-11,"Bristol, United Kingdom",within an hour,100%,94%,t,1.0,t,t,Eastville,51.47241,-2.54857,Private room,2.0,1.5,1.5 baths,1.0,1.0,1.0,21.0,1.0,1125.0,5.0,5.0,55.0,f,1.0,1.0
2014-03-17,"Bristol, United Kingdom",within a few hours,100%,100%,t,1.0,t,t,Bishopsworth,51.42367,-2.61126,Private room,2.0,1.0,1 bath,1.0,1.0,1.0,14.0,1.0,14.0,19.0,120.0,33.0,f,1.0,1.0
2015-09-10,"Bristol, United Kingdom",,,,f,2.0,t,t,Bishopston & Ashley Down,51.47616,-2.58969,Private room,2.0,1.0,1 shared bath,1.0,1.0,2.0,1125.0,2.0,1125.0,18.0,78.0,38.0,f,1.0,1.0
2016-07-12,,within an hour,100%,98%,t,2.0,t,t,Redland,51.47226941687156,-2.5920588030157976,Entire home/apt,4.0,1.0,1 bath,1.0,2.0,2.0,365.0,2.0,1125.0,22.0,320.0,121.0,t,2.0,0.0
2016-07-14,"England, United Kingdom",within an hour,100%,100%,t,5.0,t,t,Horfield,51.49079,-2.58618,Private room,2.0,1.5,1.5 shared baths,1.0,1.0,1.0,1125.0,1.0,1125.0,14.0,276.0,78.0,t,5.0,4.0
2021-03-16,,within a few hours,100%,91%,f,2.0,t,t,Avonmouth & Lawrence Weston,51.49171,-2.64756,Entire home/apt,6.0,1.0,1 bath,3.0,3.0,2.0,365.0,1.0,365.0,21.0,117.0,36.0,f,2.0,0.0
2025-01-21,"Bristol, United Kingdom",within an hour,91%,97%,f,1.0,t,t,Central,51.4468159,-2.5987048,Entire home/apt,2.0,1.0,1 bath,1.0,1.0,1.0,14.0,1.0,14.0,21.0,329.0,5.0,f,1.0,0.0
2016-05-30,"Swindon, United Kingdom",within an hour,100%,100%,t,3.0,t,t,Southmead,51.49982,-2.60564,Entire home/apt,6.0,1.0,1 bath,3.0,6.0,2.0,120.0,2.0,1125.0,12.0,347.0,36.0,t,2.0,0.0
2018-01-09,"Bristol, United Kingdom",within an hour,100%,99%,f,4.0,t,t,Cotham,51.46421,-2.5907,Entire home/apt,2.0,1.0,1 bath,1.0,1.0,1.0,365.0,1.0,365.0,28.0,267.0,41.0,t,4.0,1.0
2016-02-13,"England, United Kingdom",within an hour,100%,93%,t,1.0,t,t,Eastville,51.46453,-2.5483,Private room,1.0,1.0,1 shared bath,1.0,1.0,2.0,1125.0,2.0,1125.0,10.0,116.0,245.0,f,1.0,1.0
2016-03-31,"Bristol, United Kingdom",within an hour,100%,100%,f,210.0,t,t,Clifton,51.4506344,-2.6155948,Entire home/apt,2.0,1.0,1 bath,1.0,1.0,1.0,365.0,1.0,1125.0,0.0,255.0,13.0,t,148.0,3.0
2013-03-22,"Bristol, United Kingdom",within an hour,100%,96%,t,1.0,t,f,Ashley,51.46715,-2.5751,Entire home/apt,4.0,1.0,1 bath,2.0,2.0,2.0,1125.0,2.0,1125.0,24.0,242.0,43.0,f,1.0,0.0
2016-03-31,"Bristol, United Kingdom",within an hour,100%,100%,f,210.0,t,t,Clifton,51.45616,-2.61045,Entire home/apt,4.0,1.0,1 bath,2.0,2.0,1.0,365.0,1.0,365.0,19.0,302.0,5.0,t,148.0,3.0
2021-11-30,"England, United Kingdom",within an hour,100%,100%,,2.0,t,t,Hotwells & Harbourside,51.44888,-2.61627,Entire home/apt,7.0,1.5,1.5 baths,3.0,4.0,1.0,30.0,1.0,30.0,21.0,216.0,52.0,f,1.0,0.0
2017-10-01,"Leeds, United Kingdom",within an hour,100%,100%,f,194.0,t,t,Eastville,51.4738,-2.55048,Entire home/apt,6.0,2.0,2 baths,2.0,5.0,2.0,365.0,2.0,365.0,23.0,78.0,1.0,t,22.0,0.0
2015-12-26,"Bristol, United Kingdom",within a few hours,100%,100%,f,1.0,t,t,Windmill Hill,51.44019,-2.58455,Entire home/apt,4.0,1.0,1 bath,2.0,2.0,2.0,365.0,2.0,365.0,0.0,77.0,16.0,f,1.0,0.0
2014-07-24,"Bristol, United Kingdom",within an hour,100%,94%,f,1.0,t,t,Redland,51.47793,-2.59346,Private room,2.0,1.0,1 private bath,1.0,1.0,1.0,30.0,4.0,30.0,13.0,329.0,387.0,f,1.0,1.0
2018-10-02,"Bristol, United Kingdom",within an hour,100%,30%,f,1.0,t,f,Filwood,51.42522646057204,-2.5918442765388288,Private room,2.0,1.5,1.5 shared baths,1.0,1.0,1.0,30.0,1.0,30.0,13.0,49.0,3.0,f,1.0,1.0
2012-11-29,"Bristol, United Kingdom",within an hour,100%,93%,t,1.0,t,t,Bishopsworth,51.415548530131154,-2.6019554820554136,Entire home/apt,4.0,2.0,2 baths,2.0,3.0,2.0,1125.0,1.0,1125.0,22.0,250.0,26.0,f,1.0,0.0
2015-11-21,"Bristol, United Kingdom",within an hour,100%,100%,t,5.0,t,t,Clifton Down,51.47047,-2.61025,Entire home/apt,2.0,1.0,1 bath,1.0,1.0,1.0,60.0,1.0,60.0,5.0,39.0,94.0,f,4.0,0.0
2015-06-05,"Bristol, United Kingdom",within a few hours,100%,69%,t,2.0,t,t,Bishopston & Ashley Down,51.48658,-2.58688,Private room,2.0,1.0,1 shared bath,1.0,1.0,1.0,4.0,1.0,4.0,9.0,33.0,52.0,f,1.0,1.0
2017-05-14,"Bristol, United Kingdom",,,,f,1.0,t,t,Stoke Bishop,51.47264,-2.63799,Entire home/apt,2.0,1.0,1 bath,1.0,1.0,3.0,60.0,3.0,60.0,24.0,359.0,158.0,f,1.0,0.0
2014-08-05,"Bristol, United Kingdom",within an hour,100%,100%,t,1.0,t,t,Hillfields,51.47996520996094,-2.52,Entire home/apt,6.0,1.0,1 bath,2.0,4.0,3.0,28.0,1.0,1125.0,13.0,49.0,44.0,f,1.0,0.0
2015-08-06,"Bristol, United Kingdom",within an hour,100%,0%,f,1.0,t,f,Redland,51.47752329999999,-2.6063242,Entire home/apt,10.0,2.5,2.5 baths,4.0,5.0,5.0,14.0,5.0,14.0,28.0,268.0,4.0,f,1.0,0.0
2019-01-14,"Bristol, United Kingdom",within an hour,100%,100%,t,60.0,t,t,Clifton Down,51.46812,-2.61046,Entire home/apt,4.0,1.0,1 bath,2.0,2.0,2.0,1125.0,2.0,2.0,21.0,52.0,86.0,t,47.0,0.0
2017-06-15,"England, United Kingdom",within a day,100%,93%,t,3.0,t,t,Southmead,51.5,-2.59835,Private room,1.0,1.5,1.5 shared baths,1.0,1.0,10.0,60.0,10.0,60.0,28.0,255.0,12.0,f,2.0,2.0
2014-08-30,"Bristol, United Kingdom",,,100%,f,2.0,t,t,Bishopston & Ashley Down,51.4796,-2.58267,Private room,2.0,1.5,1.5 shared baths,1.0,3.0,2.0,60.0,2.0,60.0,29.0,89.0,67.0,f,2.0,1.0
2021-12-01,,within an hour,99%,97%,f,46.0,t,t,Central,51.46047,-2.60847,Entire home/apt,2.0,1.0,1 bath,1.0,1.0,1.0,365.0,1.0,999.0,28.0,359.0,4.0,f,30.0,0.0
2019-01-14,"Bristol, United Kingdom",within an hour,100%,100%,t,60.0,t,t,Ashley,51.46686,-2.57694,Entire home/apt,4.0,1.0,1 bath,2.0,2.0,2.0,1125.0,2.0,1125.0,0.0,166.0,82.0,t,47.0,0.0
2017-04-13,"Bristol, United Kingdom",within an hour,99%,97%,f,100.0,t,t,Central,51.44909,-2.59426,Entire home/apt,10.0,4.0,4 baths,5.0,7.0,2.0,365.0,2.0,365.0,8.0,274.0,114.0,f,67.0,0.0
2013-07-17,"Bristol, United Kingdom",,,,f,1.0,t,t,Eastville,51.47542,-2.54833,Private room,2.0,2.0,2 baths,1.0,1.0,1.0,1125.0,1.0,1125.0,29.0,42.0,71.0,f,1.0,1.0
2019-03-27,,within an hour,100%,40%,f,3.0,t,t,Southville,51.441078,-2.612027,Entire home/apt,8.0,1.0,1 bath,3.0,6.0,2.0,1125.0,14.0,1125.0,23.0,358.0,78.0,f,2.0,0.0
2014-08-04,"Bristol, United Kingdom",within a few hours,100%,0%,f,2.0,t,t,Windmill Hill,51.44029,-2.59127,Entire home/apt,4.0,1.0,1 bath,2.0,3.0,28.0,90.0,22.0,90.0,0.0,276.0,10.0,f,2.0,1.0
2022-01-08,"Bristol, United Kingdom",within an hour,100%,95%,t,20.0,t,t,Cotham,51.46347,-2.59405,Entire home/apt,4.0,1.0,1 bath,2.0,2.0,4.0,365.0,2.0,999.0,2.0,141.0,8.0,t,13.0,0.0
2024-10-16,,within an hour,100%,100%,f,4.0,t,t,Central,51.45965,-2.59073,Entire home/apt,2.0,1.0,1 bath,1.0,1.0,2.0,365.0,2.0,365.0,0.0,42.0,2.0,t,4.0,0.0
2019-01-14,"Bristol, United Kingdom",within an hour,100%,100%,t,60.0,t,t,Clifton Down,51.46888,-2.61109,Entire home/apt,4.0,2.5,2.5 baths,2.0,2.0,2.0,1125.0,2.0,2.0,28.0,59.0,81.0,t,47.0,0.0
2023-05-05,,within an hour,100%,100%,f,2.0,t,t,Southville,51.44343,-2.60434,Entire home/apt,2.0,1.0,1 bath,1.0,1.0,2.0,1125.0,2.0,1125.0,0.0,189.0,26.0,t,2.0,0.0
2023-04-29,"Basingstoke, United Kingdom",within a few hours,90%,80%,t,1.0,t,f,St George West,51.46487,-2.54404,Private room,2.0,1.0,1 private bath,1.0,1.0,1.0,40.0,1.0,40.0,30.0,176.0,8.0,f,1.0,1.0
2022-05-29,,within an hour,100%,100%,f,1.0,t,t,Avonmouth & Lawrence Weston,51.5,-2.6553439773388283,Private room,2.0,1.0,1 private bath,1.0,1.0,1.0,365.0,1.0,365.0,29.0,364.0,1.0,f,1.0,1.0
2020-01-29,"Telford, United Kingdom",within an hour,100%,98%,f,48.0,t,t,Windmill Hill,51.4416,-2.57609,Entire home/apt,8.0,1.0,1 bath,3.0,6.0,3.0,1125.0,2.0,1125.0,26.0,212.0,5.0,f,2.0,0.0
2015-10-07,"Bristol, United Kingdom",within an hour,100%,63%,f,2.0,t,t,Lawrence Hill,51.45993434095111,-2.5778878480196,Private room,2.0,1.0,1 private bath,1.0,1.0,1.0,365.0,1.0,365.0,21.0,260.0,16.0,f,1.0,1.0
2017-10-01,"Leeds, United Kingdom",within an hour,100%,100%,f,194.0,t,t,Central,51.46288,-2.59046,Entire home/apt,6.0,1.0,1 bath,2.0,4.0,2.0,365.0,2.0,365.0,25.0,350.0,0.0,t,22.0,0.0
2020-11-29,"England, United Kingdom",within an hour,100%,94%,t,3.0,t,t,Ashley,51.47043,-2.58311,Private room,2.0,1.0,1 private bath,1.0,1.0,10.0,730.0,14.0,730.0,12.0,319.0,20.0,f,3.0,3.0
2021-03-17,,within an hour,100%,94%,f,7.0,t,t,Bishopston & Ashley Down,51.47717,-2.58144,Entire home/apt,4.0,2.0,2 baths,2.0,2.0,3.0,365.0,3.0,365.0,19.0,231.0,26.0,f,1.0,0.0
2021-10-18,,within an hour,100%,97%,t,3.0,t,t,Hotwells & Harbourside,51.44985,-2.61007,Private room,2.0,1.0,1 private bath,1.0,1.0,1.0,30.0,1.0,30.0,0.0,122.0,132.0,f,1.0,1.0
2023-07-04,"Bristol, United Kingdom",within an hour,99%,100%,f,3.0,t,t,Ashley,51.46379274618519,-2.586497685180662,Entire home/apt,4.0,1.0,1 bath,1.0,1.0,1.0,365.0,1.0,365.0,22.0,307.0,27.0,t,3.0,0.0
2016-03-31,"Bristol, United Kingdom",within an hour,100%,100%,f,210.0,t,t,Easton,51.4660758972168,-2.563030958175659,Entire home/apt,4.0,1.0,1 bath,1.0,1.0,1.0,365.0,1.0,365.0,12.0,339.0,10.0,f,148.0,3.0
2017-08-11,"Bristol, United Kingdom",within an hour,100%,92%,f,37.0,t,t,Hotwells & Harbourside,51.45501,-2.60415,Entire home/apt,2.0,1.0,1 bath,1.0,1.0,2.0,365.0,1.0,999.0,0.0,0.0,5.0,t,25.0,0.0
2016-06-06,"Bristol, United Kingdom",,,,f,20.0,t,t,Ashley,51.47049,-2.57255,Private room,1.0,1.0,1 shared bath,1.0,1.0,2.0,1125.0,2.0,1125.0,0.0,5.0,59.0,f,14.0,4.0
2021-07-03,"Cheltenham, United Kingdom",within an hour,83%,100%,f,15.0,t,t,Ashley,51.4600552,-2.5852053,Entire home/apt,4.0,1.0,1 bath,2.0,2.0,1.0,365.0,2.0,365.0,15.0,327.0,4.0,t,15.0,0.0
2016-03-25,"Bristol, United Kingdom",,,33%,f,1.0,t,t,Bedminster,51.43887,-2.60194,Private room,2.0,2.0,2 shared baths,1.0,1.0,1.0,365.0,1.0,365.0,0.0,187.0,1.0,f,1.0,1.0
2021-01-03,,within an hour,90%,99%,f,3.0,t,t,Eastville,51.47488,-2.5474,Entire home/apt,10.0,1.0,1 bath,3.0,7.0,2.0,1125.0,2.0,1125.0,15.0,207.0,2.0,t,3.0,0.0
2017-08-11,"Bristol, United Kingdom",within an hour,100%,92%,f,37.0,t,t,Central,51.4547779,-2.6029008,Entire home/apt,4.0,2.0,2 baths,2.0,2.0,3.0,365.0,3.0,365.0,28.0,156.0,1.0,f,25.0,0.0
2016-02-03,"Bristol, United Kingdom",within a few hours,100%,99%,f,6.0,t,t,Eastville,51.47501,-2.55967,Private room,1.0,3.0,3 shared baths,1.0,1.0,3.0,1125.0,3.0,1125.0,17.0,77.0,49.0,f,6.0,6.0
2025-01-19,"Bristol, United Kingdom",within an hour,100%,100%,f,3.0,t,t,Central,51.4533782,-2.5945799,Entire home/apt,6.0,2.0,2 baths,3.0,0.0,1.0,365.0,1.0,365.0,19.0,203.0,1.0,t,3.0,0.0
2022-04-04,"Bristol, United Kingdom",within an hour,100%,100%,f,19.0,t,t,Bishopston & Ashley Down,51.4794,-2.5827,Entire home/apt,7.0,1.0,1 bath,3.0,5.0,2.0,1125.0,1.0,1125.0,21.0,48.0,0.0,t,14.0,0.0
2016-03-31,"Bristol, United Kingdom",within an hour,100%,100%,f,210.0,t,t,Clifton,51.4564837,-2.6185424,Entire home/apt,2.0,1.0,1 bath,1.0,1.0,1.0,365.0,1.0,1125.0,0.0,291.0,7.0,t,148.0,3.0
2022-01-18,,within an hour,100%,99%,t,9.0,t,t,Southville,51.44109,-2.60064,Private room,3.0,1.0,1 private bath,1.0,2.0,1.0,365.0,1.0,365.0,16.0,272.0,5.0,t,9.0,5.0
2016-03-09,"London, United Kingdom",,,100%,f,1.0,t,t,Bishopsworth,51.42463,-2.61156,Private room,1.0,1.0,1 shared bath,1.0,1.0,2.0,7.0,2.0,7.0,28.0,88.0,17.0,f,1.0,1.0
2019-07-17,"Bristol, United Kingdom",within a few hours,100%,89%,t,1.0,t,t,Redland,51.47614,-2.59455,Entire home/apt,6.0,1.0,1 bath,3.0,3.0,3.0,730.0,3.0,730.0,12.0,152.0,169.0,f,1.0,0.0
2014-06-23,"Bristol, United Kingdom",within a few hours,100%,57%,f,2.0,t,t,Redland,51.47004,-2.59747,Entire home/apt,1.0,1.0,1 bath,0.0,1.0,30.0,60.0,30.0,60.0,0.0,218.0,44.0,f,2.0,0.0
2021-12-22,,within a few hours,100%,0%,f,2.0,t,t,Frome Vale,51.4882593,-2.5376858,Entire home/apt,7.0,2.0,2 baths,5.0,9.0,28.0,1125.0,7.0,1125.0,1.0,61.0,2.0,f,2.0,0.0
2021-11-12,"Bristol, United Kingdom",within an hour,100%,94%,t,3.0,t,t,Clifton Down,51.46258,-2.60961,Entire home/apt,5.0,1.0,1 bath,2.0,3.0,3.0,27.0,2.0,1125.0,30.0,135.0,17.0,f,3.0,0.0
2024-07-31,"Bristol, United Kingdom",within an hour,100%,83%,f,6.0,t,t,Horfield,51.4953,-2.57588,Private room,2.0,1.0,1 private bath,1.0,1.0,1.0,1125.0,1.0,1125.0,21.0,149.0,13.0,f,6.0,6.0
2012-12-11,"Bristol, United Kingdom",within an hour,100%,50%,f,1.0,t,t,Easton,51.46291,-2.56309,Private room,2.0,0.5,Shared half-bath,1.0,1.0,20.0,60.0,20.0,60.0,2.0,48.0,15.0,f,1.0,1.0
2014-12-12,"Bristol, United Kingdom",within a few hours,100%,94%,t,2.0,t,t,Eastville,51.47864,-2.53826,Entire home/apt,6.0,2.0,2 baths,3.0,3.0,3.0,1125.0,3.0,1125.0,14.0,240.0,14.0,f,2.0,0.0
2019-01-14,"Bristol, United Kingdom",within an hour,100%,100%,t,60.0,t,t,Ashley,51.46729,-2.5773,Entire home/apt,4.0,1.0,1 bath,2.0,2.0,2.0,1125.0,2.0,1125.0,0.0,166.0,90.0,t,47.0,0.0
2015-12-18,"Bristol, United Kingdom",within an hour,100%,97%,f,33.0,t,t,Cotham,51.468357404053634,-2.60483827242478,Entire home/apt,3.0,1.0,1 bath,1.0,4.0,3.0,365.0,3.0,365.0,7.0,149.0,2.0,t,26.0,0.0
2017-04-13,"Bristol, United Kingdom",within an hour,99%,97%,f,100.0,t,t,Cotham,51.46292,-2.60121,Entire home/apt,6.0,2.0,2 baths,2.0,4.0,1.0,1125.0,2.0,1125.0,11.0,346.0,7.0,f,67.0,0.0
2021-07-03,"Cheltenham, United Kingdom",within an hour,83%,100%,f,15.0,t,t,Ashley,51.46004199999999,-2.5852033,Entire home/apt,2.0,1.0,1 bath,1.0,1.0,1.0,28.0,2.0,28.0,28.0,356.0,6.0,t,15.0,0.0
2020-07-03,,within an hour,100%,83%,f,1.0,t,t,Ashley,51.46308,-2.58612,Entire home/apt,4.0,1.0,1 bath,1.0,2.0,2.0,1125.0,2.0,1125.0,17.0,239.0,2.0,f,1.0,0.0
2015-06-06,"Bristol, United Kingdom",within an hour,100%,100%,t,3.0,t,t,Easton,51.46077,-2.56024,Private room,2.0,1.5,1.5 shared baths,1.0,1.0,2.0,28.0,1.0,1125.0,12.0,189.0,281.0,t,3.0,1.0
2022-07-11,"Bath, United Kingdom",within an hour,100%,100%,f,3.0,t,t,Clifton,51.456642,-2.609925,Entire home/apt,8.0,4.0,4 baths,4.0,4.0,2.0,1125.0,2.0,1125.0,10.0,216.0,30.0,t,1.0,0.0
2016-04-02,"Bristol, United Kingdom",within an hour,100%,100%,f,2.0,t,t,Central,51.45497,-2.59649,Entire home/apt,4.0,1.0,1 bath,2.0,2.0,1.0,365.0,1.0,365.0,21.0,315.0,452.87,t,2.0,0.0
2021-04-05,"England, United Kingdom",within a few hours,100%,95%,t,1.0,t,t,Stoke Bishop,51.4804372,-2.6420217,Private room,3.0,1.0,1 private bath,1.0,2.0,1.0,365.0,1.0,365.0,8.0,117.0,15.0,f,1.0,1.0
2021-11-12,"Bristol, United Kingdom",within an hour,100%,94%,t,3.0,t,t,Clifton Down,51.46258,-2.60961,Entire home/apt,5.0,1.0,1 bath,2.0,4.0,2.0,27.0,2.0,1125.0,29.0,134.0,29.0,f,3.0,0.0
2017-10-01,"Leeds, United Kingdom",within an hour,100%,100%,f,194.0,t,t,Eastville,51.47271600895715,-2.5485472298617964,Entire home/apt,11.0,2.0,2 baths,4.0,8.0,2.0,365.0,2.0,365.0,26.0,156.0,2.0,t,22.0,0.0
2021-12-01,,within an hour,99%,97%,f,46.0,t,t,Hotwells & Harbourside,51.45522,-2.60525,Entire home/apt,2.0,1.0,1 bath,1.0,1.0,1.0,365.0,2.0,999.0,7.0,317.0,4.0,f,30.0,0.0
2017-04-07,"England, United Kingdom",within a few hours,100%,88%,t,3.0,t,t,Clifton,51.45743,-2.61713,Entire home/apt,4.0,3.0,3 baths,2.0,2.0,3.0,365.0,3.0,365.0,15.0,153.0,56.0,f,3.0,0.0
2015-08-23,"Bristol, United Kingdom",within a few hours,100%,71%,t,2.0,t,f,Brislington East,51.43347179038341,-2.5467357913624182,Entire home/apt,2.0,1.0,1 bath,2.0,2.0,30.0,365.0,30.0,365.0,0.0,319.0,0.0,t,2.0,1.0
2022-06-30,,within an hour,100%,100%,f,54.0,t,t,Central,51.45574,-2.5947,Entire home/apt,4.0,1.0,1 bath,1.0,2.0,1.0,365.0,1.0,1.0,27.0,267.0,1.0,t,32.0,0.0
2015-06-10,"Washington, DC",within a day,88%,62%,f,25.0,t,t,Lockleaze,51.48487,-2.572,Private room,1.0,1.0,1 bath,1.0,1.0,7.0,365.0,7.0,365.0,28.0,363.0,0.0,f,2.0,2.0
2019-08-29,"Bristol, United Kingdom",within an hour,100%,100%,f,1.0,t,t,Clifton,51.45064825148679,-2.624620841221017,Entire home/apt,2.0,1.0,1 bath,1.0,1.0,2.0,120.0,2.0,1125.0,25.0,106.0,31.0,f,1.0,0.0
2022-11-01,"Bristol, United Kingdom",within a few hours,100%,90%,f,8.0,t,t,Westbury-on-Trym & Henleaze,51.49385,-2.63628,Private room,1.0,1.0,1 shared bath,1.0,1.0,1.0,365.0,1.0,1125.0,30.0,365.0,0.0,t,7.0,7.0
2023-10-19,"Bristol, United Kingdom",within an hour,100%,97%,t,1.0,t,t,Central,51.4587,-2.58883,Entire home/apt,4.0,2.0,2 baths,2.0,2.0,2.0,365.0,2.0,1125.0,13.0,159.0,19.0,f,1.0,0.0
2025-01-20,,within an hour,100%,100%,f,1.0,f,f,Clifton,51.45054,-2.61503,Entire home/apt,7.0,1.0,1 bath,3.0,4.0,1.0,365.0,1.0,365.0,21.0,216.0,0.0,f,1.0,0.0
2017-04-13,"Bristol, United Kingdom",within an hour,99%,97%,f,100.0,t,t,Clifton,51.46318014143779,-2.6178415420643613,Entire home/apt,2.0,1.0,1 bath,1.0,1.0,1.0,365.0,1.0,365.0,26.0,352.0,2.0,t,67.0,0.0
2017-08-11,"Bristol, United Kingdom",within an hour,100%,92%,f,37.0,t,t,Central,51.4547779,-2.6029008,Entire home/apt,4.0,2.0,2 baths,2.0,2.0,3.0,365.0,3.0,365.0,16.0,128.0,0.0,f,25.0,0.0
2021-12-01,,within an hour,99%,97%,f,46.0,t,t,Central,51.46018,-2.60729,Entire home/apt,4.0,1.0,1 bath,0.0,3.0,1.0,365.0,1.0,999.0,29.0,362.0,39.0,f,30.0,0.0
2023-08-03,"Bristol, United Kingdom",within an hour,100%,87%,,25.0,t,t,Eastville,51.48293985929515,-2.557441451537568,Entire home/apt,12.0,4.0,4 baths,6.0,6.0,30.0,365.0,14.0,365.0,0.0,226.0,1.0,f,18.0,0.0
2015-03-29,"Bristol, United Kingdom",within an hour,100%,93%,f,2.0,t,t,Clifton,51.45787,-2.61473,Entire home/apt,2.0,1.0,1 bath,1.0,1.0,3.0,1125.0,3.0,1125.0,30.0,121.0,25.0,f,2.0,0.0
2016-08-23,"Bristol, United Kingdom",within an hour,100%,93%,t,1.0,t,t,Redland,51.47083,-2.59445,Entire home/apt,2.0,1.0,1 bath,1.0,1.0,2.0,31.0,2.0,31.0,20.0,71.0,94.0,f,1.0,0.0
2015-12-18,"Bristol, United Kingdom",within an hour,100%,97%,f,33.0,t,t,Redland,51.47547,-2.60966,Entire home/apt,4.0,2.5,2.5 baths,2.0,4.0,7.0,365.0,3.0,365.0,20.0,69.0,2.0,t,26.0,0.0
2017-04-13,"Bristol, United Kingdom",within an hour,99%,97%,f,100.0,t,t,Central,51.46197,-2.60361,Entire home/apt,2.0,1.0,1 bath,0.0,1.0,1.0,365.0,2.0,365.0,24.0,357.0,3.0,t,67.0,0.0
2022-12-16,,within an hour,100%,71%,,6.0,t,t,Eastville,51.4700821,-2.5345749,Entire home/apt,8.0,3.5,3.5 baths,4.0,6.0,3.0,365.0,3.0,365.0,24.0,350.0,1.0,f,5.0,0.0
2016-03-31,"Bristol, United Kingdom",within an hour,100%,100%,f,210.0,t,t,Westbury-on-Trym & Henleaze,51.480812,-2.60531,Entire home/apt,2.0,1.0,1 bath,1.0,1.0,1.0,365.0,1.0,365.0,6.0,308.0,19.0,f,148.0,3.0
2017-10-30,"England, United Kingdom",,,100%,f,3.0,t,t,Eastville,51.47425,-2.5571,Private room,1.0,1.5,1.5 shared baths,1.0,1.0,2.0,365.0,2.0,1125.0,0.0,206.0,2.0,t,3.0,2.0
2016-06-28,"Bristol, United Kingdom",within an hour,100%,98%,f,1.0,t,t,Central,51.45531,-2.59365,Entire home/apt,4.0,1.0,1 bath,1.0,2.0,2.0,1125.0,1.0,1125.0,21.0,320.0,388.0,f,1.0,0.0
2020-06-28,"England, United Kingdom",within an hour,100%,100%,t,1.0,t,t,Southville,51.44103237504512,-2.60483374232789,Entire home/apt,2.0,1.0,1 bath,1.0,1.0,2.0,1125.0,2.0,1125.0,13.0,196.0,136.0,t,1.0,0.0
2014-11-06,"Bristol, United Kingdom",,,82%,f,1.0,t,t,St George Central,51.4628,-2.5333,Entire home/apt,4.0,1.0,1 bath,2.0,2.0,4.0,365.0,4.0,365.0,0.0,33.0,8.0,f,1.0,0.0
2017-05-19,"Bristol, United Kingdom",within an hour,100%,90%,f,1.0,t,t,Ashley,51.465726,-2.5882556,Entire home/apt,4.0,1.0,1 bath,2.0,2.0,2.0,21.0,2.0,21.0,9.0,216.0,10.0,f,1.0,0.0
2017-10-11,,within an hour,100%,96%,f,39.0,t,t,Ashley,51.46129,-2.58749,Entire home/apt,6.0,1.0,1 bath,1.0,4.0,2.0,365.0,2.0,365.0,28.0,363.0,9.0,t,25.0,0.0
2024-12-30,,within an hour,100%,100%,f,1.0,t,t,Central,51.45616,-2.58633,Entire home/apt,2.0,1.0,1 bath,1.0,1.0,1.0,1125.0,1.0,365.0,19.0,337.0,3.0,t,1.0,0.0
2013-12-20,"Bristol, United Kingdom",within an hour,100%,97%,f,1.0,t,t,Cotham,51.4657348532703,-2.603311836719513,Entire home/apt,2.0,1.0,1 bath,1.0,1.0,1.0,365.0,1.0,365.0,18.0,163.0,108.0,f,1.0,0.0
2014-11-04,"London, United Kingdom",within an hour,100%,100%,f,1.0,t,t,Cotham,51.46738,-2.60328,Entire home/apt,6.0,2.5,2.5 baths,3.0,3.0,2.0,1125.0,2.0,1125.0,0.0,128.0,8.0,f,1.0,0.0
2017-05-01,,within an hour,100%,96%,f,6.0,t,t,Henbury & Brentry,51.5,-2.62176,Entire home/apt,8.0,2.0,2 baths,4.0,4.0,2.0,365.0,2.0,365.0,0.0,321.0,0.0,t,1.0,0.0
2024-09-03,,within an hour,100%,98%,f,67.0,t,t,Horfield,51.489060925078775,-2.5821743252420664,Entire home/apt,8.0,1.0,1 bath,4.0,8.0,2.0,365.0,4.0,365.0,0.0,318.0,3.0,t,13.0,0.0
2021-07-28,"Bristol, United Kingdom",within an hour,100%,99%,t,1.0,t,t,Lawrence Hill,51.45725585568489,-2.577820689410406,Private room,2.0,1.0,1 private bath,1.0,1.0,1.0,25.0,1.0,1125.0,10.0,37.0,203.0,f,1.0,1.0
2016-03-04,"England, United Kingdom",within a few hours,100%,90%,t,2.0,t,t,Cotham,51.46532,-2.60176,Entire home/apt,4.0,1.0,1 bath,2.0,2.0,7.0,730.0,7.0,730.0,15.0,75.0,77.0,f,1.0,0.0
2019-02-16,,within an hour,100%,94%,t,2.0,t,t,Southville,51.44352199999999,-2.6031727,Entire home/apt,4.0,1.0,1 bath,2.0,2.0,2.0,28.0,1.0,28.0,14.0,149.0,15.0,f,1.0,0.0
2022-04-10,,within an hour,100%,100%,t,1.0,t,t,Clifton Down,51.4592,-2.61442,Private room,2.0,1.0,1 private bath,1.0,1.0,2.0,365.0,2.0,365.0,29.0,174.0,16.0,f,1.0,1.0
2015-01-27,,within an hour,100%,55%,f,6.0,t,t,Avonmouth & Lawrence Weston,51.49626,-2.6612,Entire home/apt,5.0,2.5,2.5 baths,3.0,4.0,7.0,365.0,7.0,365.0,30.0,365.0,5.0,f,4.0,0.0
2022-12-16,,within an hour,100%,71%,,6.0,t,t,Avonmouth & Lawrence Weston,51.5,-2.66639,Entire home/apt,6.0,2.5,2.5 baths,3.0,5.0,3.0,365.0,3.0,365.0,30.0,365.0,12.0,f,5.0,0.0
2014-07-25,"Bristol, United Kingdom",within an hour,100%,96%,t,2.0,t,t,Windmill Hill,51.44034409356578,-2.5715451404997776,Private room,1.0,1.0,1 shared bath,1.0,1.0,2.0,14.0,1.0,14.0,10.0,53.0,359.0,f,2.0,1.0
2016-11-21,"Bristol, United Kingdom",within an hour,100%,82%,f,1.0,t,t,Southville,51.446120715910375,-2.609350702421776,Entire home/apt,2.0,1.0,1 bath,1.0,1.0,2.0,365.0,1.0,365.0,11.0,65.0,7.0,f,1.0,0.0
2011-05-15,"Bristol, United Kingdom",within an hour,100%,91%,,2.0,t,t,Hotwells & Harbourside,51.44976,-2.61,Private room,2.0,2.5,2.5 shared baths,1.0,1.0,1.0,28.0,1.0,28.0,25.0,343.0,200.0,f,1.0,1.0
2015-03-13,"Stroud, United Kingdom",within an hour,100%,100%,t,4.0,t,t,Easton,51.462,-2.56193,Private room,2.0,1.0,1 shared bath,1.0,1.0,6.0,1125.0,6.0,1125.0,15.0,75.0,57.0,f,4.0,4.0
2014-01-08,"Bristol, TN",within a few hours,100%,50%,f,1.0,t,t,Bishopston & Ashley Down,51.48043,-2.59106,Private room,2.0,1.5,1.5 baths,1.0,1.0,1.0,14.0,1.0,14.0,26.0,79.0,47.0,f,1.0,1.0
2016-03-31,"Bristol, United Kingdom",within an hour,100%,100%,f,210.0,t,t,Central,51.45396,-2.60002,Entire home/apt,2.0,1.0,1 bath,0.0,1.0,1.0,365.0,1.0,365.0,20.0,336.0,12.0,t,148.0,3.0
2019-04-10,,within an hour,95%,100%,f,6.0,t,t,Clifton Down,51.45851,-2.60898,Private room,3.0,1.0,1 private bath,1.0,2.0,1.0,1125.0,1.0,1125.0,22.0,343.0,96.0,t,6.0,6.0
2013-10-02,"Bristol, United Kingdom",within a day,100%,80%,f,2.0,t,t,Lawrence Hill,51.45528,-2.5794,Private room,2.0,1.0,1 shared bath,1.0,1.0,14.0,28.0,14.0,28.0,19.0,62.0,42.0,f,2.0,2.0
2023-08-21,"Bristol, United Kingdom",within an hour,100%,94%,t,1.0,t,t,Hotwells & Harbourside,51.4527165710121,-2.6095823084180263,Entire home/apt,2.0,1.0,1 bath,1.0,1.0,2.0,31.0,2.0,31.0,17.0,35.0,12.0,f,1.0,0.0
2019-01-14,"Bristol, United Kingdom",within an hour,100%,100%,t,60.0,t,t,Clifton Down,51.46964,-2.61124,Entire home/apt,4.0,1.0,1 bath,1.0,2.0,2.0,1125.0,2.0,2.0,24.0,55.0,31.0,t,47.0,0.0
2016-03-31,"Bristol, United Kingdom",within an hour,100%,100%,f,210.0,t,t,Central,51.4532955,-2.5966296,Entire home/apt,2.0,1.0,1 bath,1.0,1.0,1.0,365.0,1.0,1125.0,0.0,251.0,26.0,t,148.0,3.0
2016-11-16,"Bristol, United Kingdom",within an hour,100%,100%,f,6.0,t,t,Central,51.46036,-2.5935,Entire home/apt,4.0,1.0,1 bath,2.0,2.0,1.0,1125.0,2.0,1125.0,0.0,0.0,6.0,t,6.0,0.0
2016-03-14,"Bristol, United Kingdom",within an hour,100%,100%,t,5.0,t,t,Stoke Bishop,51.48659,-2.64505,Private room,2.0,1.0,1 shared bath,1.0,1.0,1.0,4.0,1.0,4.0,15.0,317.0,17.0,t,3.0,3.0
2019-07-15,"Bristol, United Kingdom",within a day,100%,71%,f,1.0,t,t,Bedminster,51.43676322647046,-2.605241627508541,Entire home/apt,3.0,2.0,2 baths,2.0,2.0,2.0,365.0,2.0,365.0,0.0,84.0,22.0,f,1.0,0.0
2017-04-23,"England, United Kingdom",within a day,71%,17%,f,1.0,t,f,Windmill Hill,51.440813111923184,-2.581197034553245,Entire home/apt,4.0,1.0,1 bath,2.0,2.0,3.0,7.0,1.0,7.0,3.0,57.0,1.0,f,1.0,0.0
2014-07-22,"Bristol, United Kingdom",within a few hours,100%,63%,t,2.0,t,t,Knowle,51.43098,-2.56988,Private room,1.0,1.0,1 bath,1.0,,4.0,1125.0,4.0,1125.0,29.0,364.0,19.0,f,2.0,2.0
2016-01-04,"Bristol, United Kingdom",,,95%,t,3.0,t,t,Avonmouth & Lawrence Weston,51.48437,-2.67533,Private room,2.0,2.0,2 baths,1.0,1.0,1.0,365.0,1.0,365.0,27.0,362.0,0.0,f,3.0,3.0
2017-12-30,"Bristol, United Kingdom",within an hour,100%,97%,t,27.0,t,t,Central,51.45281,-2.59663,Entire home/apt,2.0,1.0,1 bath,1.0,1.0,2.0,1125.0,1.0,1125.0,17.0,301.0,43.0,t,21.0,0.0
2024-09-03,,within an hour,100%,98%,f,67.0,t,t,Ashley,51.47235,-2.57602,Entire home/apt,7.0,1.0,1 bath,3.0,6.0,1.0,365.0,2.0,365.0,28.0,362.0,1.0,t,13.0,0.0
2015-10-18,"Bristol, United Kingdom",,,,f,1.0,t,t,Knowle,51.43072,-2.56403,Entire home/apt,2.0,1.0,1 bath,1.0,1.0,2.0,1125.0,2.0,1125.0,0.0,199.0,178.0,t,1.0,0.0
2015-07-18,"Bristol, United Kingdom",within an hour,100%,100%,t,1.0,t,t,Bedminster,51.43473,-2.62335,Entire home/apt,4.0,1.0,1 bath,1.0,1.0,1.0,1125.0,1.0,1125.0,10.0,102.0,119.0,f,1.0,0.0
2014-06-30,"Bristol, United Kingdom",within an hour,100%,100%,t,2.0,t,t,Lawrence Hill,51.4628,-2.56775,Private room,1.0,1.0,1 shared bath,1.0,1.0,30.0,1125.0,30.0,1125.0,0.0,323.0,95.0,f,2.0,2.0
2011-08-24,"Bristol, United Kingdom",within a few hours,100%,,f,1.0,t,t,Westbury-on-Trym & Henleaze,51.48760859999999,-2.6312527,Entire home/apt,10.0,2.5,2.5 baths,4.0,6.0,5.0,365.0,5.0,365.0,8.0,17.0,0.0,f,1.0,0.0
2018-06-25,"Bristol, United Kingdom",within an hour,100%,88%,t,3.0,t,t,Cotham,51.46864,-2.60586,Entire home/apt,7.0,2.0,2 baths,4.0,5.0,3.0,28.0,2.0,28.0,1.0,55.0,68.0,f,3.0,2.0
2022-05-06,,within an hour,100%,97%,f,72.0,t,f,Bedminster,51.43603,-2.61062,Entire home/apt,8.0,2.0,2 baths,3.0,4.0,2.0,180.0,2.0,180.0,24.0,356.0,29.0,f,5.0,0.0
2017-04-13,"Bristol, United Kingdom",within an hour,99%,97%,f,100.0,t,t,Clifton Down,51.46947,-2.613,Entire home/apt,8.0,1.0,1 bath,3.0,5.0,2.0,365.0,1.0,365.0,20.0,347.0,29.0,f,67.0,0.0
2017-04-13,"Bristol, United Kingdom",within an hour,99%,97%,f,100.0,t,t,Cotham,51.4627,-2.60238,Entire home/apt,6.0,2.0,2 baths,2.0,3.0,1.0,1125.0,1.0,1125.0,26.0,359.0,20.0,f,67.0,0.0
2016-03-31,"Bristol, United Kingdom",within an hour,100%,100%,f,210.0,t,t,Lawrence Hill,51.45700073242188,-2.578015089035034,Entire home/apt,6.0,2.0,2 baths,3.0,3.0,1.0,365.0,1.0,365.0,0.0,229.0,15.0,f,148.0,3.0
2013-04-17,"Bristol, United Kingdom",,,0%,f,1.0,t,t,Southville,51.44343,-2.61067,Entire home/apt,2.0,1.0,1 bath,0.0,1.0,2.0,365.0,2.0,365.0,30.0,365.0,0.0,f,1.0,0.0
2019-04-09,"Bristol, United Kingdom",within an hour,100%,100%,f,1.0,t,t,Frome Vale,51.48954,-2.53569,Entire home/apt,2.0,1.0,1 bath,1.0,2.0,1.0,1125.0,1.0,1125.0,0.0,276.0,53.0,f,1.0,0.0
2013-10-26,"Bristol, United Kingdom",within a day,100%,0%,f,1.0,t,t,Bishopston & Ashley Down,51.48384,-2.58625,Entire home/apt,6.0,2.5,2.5 baths,5.0,4.0,2.0,365.0,2.0,365.0,30.0,365.0,4.0,f,1.0,0.0
2023-04-27,"Bristol, United Kingdom",within an hour,100%,96%,t,2.0,t,f,Brislington West,51.446332,-2.5490057,Private room,1.0,1.5,1.5 shared baths,1.0,1.0,1.0,4.0,1.0,4.0,4.0,96.0,81.0,f,2.0,2.0
2023-04-10,,within an hour,100%,100%,t,1.0,t,t,Central,51.44861,-2.5942,Entire home/apt,6.0,2.5,2.5 baths,3.0,3.0,2.0,24.0,1.0,24.0,18.0,333.0,84.0,f,1.0,0.0
2015-01-28,"Bristol, United Kingdom",within an hour,100%,93%,f,2.0,t,t,St George Troopers Hill,51.45561,-2.52862,Private room,2.0,1.0,1 shared bath,1.0,1.0,1.0,14.0,1.0,1125.0,29.0,357.0,330.0,f,2.0,1.0
2017-10-11,,within an hour,100%,96%,f,39.0,t,t,Ashley,51.46061,-2.58733,Entire home/apt,10.0,1.0,1 bath,3.0,7.0,15.0,365.0,15.0,365.0,30.0,365.0,0.0,f,25.0,0.0
2017-04-13,"Bristol, United Kingdom",within an hour,99%,97%,f,100.0,t,t,Central,51.459077064335446,-2.6055444766074505,Entire home/apt,4.0,2.0,2 baths,2.0,2.0,1.0,365.0,2.0,365.0,18.0,329.0,11.0,t,67.0,0.0
2017-04-13,"Bristol, United Kingdom",within an hour,99%,97%,f,100.0,t,t,Central,51.44676530613419,-2.599448121407318,Entire home/apt,7.0,3.0,3 baths,4.0,4.0,1.0,365.0,1.0,365.0,26.0,280.0,3.0,f,67.0,0.0
2020-07-11,"England, United Kingdom",within a few hours,100%,89%,t,1.0,t,t,Ashley,51.46447,-2.58606,Entire home/apt,4.0,1.0,1 bath,1.0,2.0,4.0,365.0,4.0,365.0,0.0,12.0,10.0,f,1.0,0.0
2014-07-13,"Bristol, United Kingdom",within an hour,100%,100%,t,2.0,t,t,Clifton Down,51.4595129,-2.6101855,Entire home/apt,4.0,1.0,1 bath,2.0,2.0,2.0,30.0,2.0,30.0,22.0,32.0,0.0,f,2.0,0.0
2016-03-31,"Bristol, United Kingdom",within an hour,100%,100%,f,210.0,t,t,Central,51.4539328,-2.6000476,Entire home/apt,2.0,1.0,1 bath,0.0,1.0,1.0,365.0,1.0,365.0,18.0,166.0,6.0,t,148.0,3.0
2016-03-31,"Bristol, United Kingdom",within an hour,100%,100%,f,210.0,t,t,Central,51.453648,-2.5940963,Entire home/apt,1.0,1.0,1 bath,1.0,1.0,1.0,365.0,1.0,365.0,0.0,101.0,16.0,t,148.0,3.0
2013-07-22,,within an hour,100%,100%,f,2.0,t,t,Ashley,51.4617677,-2.5850697,Entire home/apt,5.0,2.5,2.5 baths,3.0,3.0,1.0,365.0,1.0,1125.0,13.0,328.0,114.0,t,2.0,0.0
2024-07-31,"Bristol, United Kingdom",within an hour,100%,83%,f,6.0,t,t,Horfield,51.49476,-2.57508,Private room,2.0,1.0,1 shared bath,1.0,1.0,1.0,1125.0,1.0,1125.0,23.0,107.0,5.0,f,6.0,6.0
2024-05-17,,within an hour,100%,93%,t,1.0,t,t,Hotwells & Harbourside,51.45005,-2.61634,Entire home/apt,8.0,3.5,3.5 baths,4.0,4.0,2.0,1125.0,1.0,365.0,14.0,280.0,24.0,t,1.0,0.0
2017-04-07,"England, United Kingdom",within a few hours,100%,88%,t,3.0,t,t,Ashley,51.46117,-2.59004,Entire home/apt,2.0,1.0,1 bath,1.0,1.0,2.0,365.0,2.0,365.0,27.0,354.0,53.0,f,3.0,0.0
2017-08-11,"Bristol, United Kingdom",within an hour,100%,92%,f,37.0,t,t,Clifton Down,51.46612,-2.61758,Entire home/apt,2.0,1.0,1 bath,1.0,1.0,1.0,365.0,1.0,999.0,30.0,365.0,95.0,t,25.0,0.0
2021-09-09,"Bristol, United Kingdom",within an hour,100%,100%,t,1.0,t,t,Brislington West,51.43241,-2.54982,Entire home/apt,2.0,1.0,1 bath,1.0,1.0,3.0,90.0,2.0,90.0,10.0,125.0,30.0,f,1.0,0.0
2024-09-21,,,,84%,f,2.0,t,t,Hillfields,51.47686,-2.52,Private room,2.0,1.0,1 private bath,1.0,0.0,3.0,365.0,3.0,1125.0,0.0,17.0,6.0,f,2.0,2.0
2015-07-24,"Bristol, United Kingdom",within an hour,100%,100%,f,1.0,t,t,Horfield,51.49529,-2.57997,Private room,2.0,1.0,1 shared bath,1.0,1.0,2.0,730.0,2.0,1125.0,4.0,339.0,162.0,t,1.0,1.0
2016-03-31,"Bristol, United Kingdom",within an hour,100%,100%,f,210.0,t,t,Westbury-on-Trym & Henleaze,51.480812,-2.60531,Entire home/apt,2.0,1.0,1 bath,0.0,1.0,1.0,365.0,1.0,365.0,30.0,365.0,45.0,f,148.0,3.0
2021-12-01,,within an hour,99%,97%,f,46.0,t,t,Hotwells & Harbourside,51.454807,-2.605918,Entire home/apt,2.0,1.0,1 bath,1.0,1.0,1.0,365.0,2.0,999.0,22.0,343.0,3.0,f,30.0,0.0
2020-10-11,"Bristol, United Kingdom",within a day,100%,43%,f,1.0,t,t,Eastville,51.4763549,-2.5447576,Entire home/apt,6.0,2.0,2 baths,4.0,4.0,5.0,21.0,5.0,21.0,12.0,91.0,7.0,f,1.0,0.0
2016-03-31,"Bristol, United Kingdom",within an hour,100%,100%,f,210.0,t,t,Cotham,51.4639663,-2.6023948,Entire home/apt,2.0,1.0,1 bath,1.0,1.0,1.0,365.0,1.0,1125.0,18.0,314.0,74.0,f,148.0,3.0
2015-07-23,United Kingdom,within an hour,100%,100%,f,1.0,t,t,St George Troopers Hill,51.4506804,-2.5279266,Entire home/apt,4.0,1.0,1 bath,2.0,2.0,2.0,1125.0,2.0,2.0,3.0,3.0,0.0,f,1.0,0.0
2014-10-18,"Bristol, United Kingdom",,,100%,f,1.0,t,t,Southville,51.44166738401771,-2.6058539003133774,Entire home/apt,4.0,1.0,1 bath,2.0,2.0,2.0,365.0,2.0,365.0,3.0,7.0,3.0,f,1.0,0.0
2013-05-15,"Bristol, United Kingdom",within an hour,100%,88%,f,1.0,t,t,Bishopsworth,51.4234466402532,-2.605789192020893,Entire home/apt,4.0,1.0,1 bath,2.0,2.0,1.0,365.0,1.0,365.0,6.0,59.0,0.0,f,1.0,0.0
2019-01-14,"Bristol, United Kingdom",within an hour,100%,100%,t,60.0,t,t,Lawrence Hill,51.45352,-2.57719,Entire home/apt,6.0,1.5,1.5 baths,2.0,3.0,2.0,1125.0,2.0,2.0,18.0,247.0,55.0,t,47.0,0.0
2015-05-30,"Bristol, United Kingdom",within an hour,100%,75%,t,2.0,t,t,Windmill Hill,51.44232,-2.58434,Entire home/apt,4.0,1.0,1 bath,2.0,2.0,2.0,365.0,2.0,365.0,5.0,93.0,22.0,f,2.0,1.0
2017-05-04,"Bristol, United Kingdom",within a day,100%,37%,t,2.0,t,t,Easton,51.4672,-2.56166,Entire home/apt,2.0,1.0,1 bath,1.0,1.0,2.0,365.0,2.0,365.0,25.0,231.0,15.0,f,2.0,1.0
2021-07-03,"Cheltenham, United Kingdom",within an hour,83%,100%,f,15.0,t,t,Hotwells & Harbourside,51.451298,-2.607754,Entire home/apt,2.0,1.0,1 bath,1.0,1.0,2.0,28.0,2.0,1125.0,25.0,356.0,25.0,t,15.0,0.0
2014-01-07,"Bristol, United Kingdom",,,,f,1.0,t,t,Westbury-on-Trym & Henleaze,51.4865,-2.63067,Entire home/apt,8.0,2.5,2.5 baths,3.0,5.0,4.0,29.0,4.0,29.0,0.0,21.0,7.0,f,1.0,0.0
2019-11-13,"Bristol, United Kingdom",within a few hours,100%,76%,f,1.0,t,t,Filwood,51.4203,-2.58363,Private room,2.0,1.0,1 private bath,1.0,1.0,1.0,365.0,1.0,365.0,22.0,225.0,43.0,f,1.0,1.0
2024-09-03,,within an hour,100%,98%,f,67.0,t,t,Easton,51.46672,-2.56189,Entire home/apt,4.0,1.0,1 bath,2.0,2.0,2.0,365.0,2.0,365.0,30.0,365.0,5.0,t,13.0,0.0
2015-04-09,"Bristol, United Kingdom",within an hour,100%,56%,t,2.0,t,t,Frome Vale,51.48027,-2.5262,Private room,2.0,1.0,1 shared bath,1.0,1.0,1.0,1125.0,1.0,1125.0,30.0,89.0,98.0,f,2.0,2.0
2017-06-25,,within an hour,100%,100%,f,2.0,t,f,Avonmouth & Lawrence Weston,51.482807,-2.6791962,Private room,1.0,1.5,1.5 shared baths,1.0,1.0,2.0,365.0,2.0,365.0,30.0,270.0,4.0,f,1.0,1.0
2024-07-13,,within an hour,100%,100%,t,1.0,f,t,Hartcliffe & Withywood,51.4076564,-2.6067575,Entire home/apt,5.0,0.5,Half-bath,2.0,3.0,1.0,365.0,1.0,365.0,23.0,163.0,33.0,t,1.0,0.0
2014-02-23,"England, United Kingdom",within an hour,100%,93%,t,1.0,t,t,Avonmouth & Lawrence Weston,51.49605,-2.6795,Entire home/apt,6.0,1.0,1 bath,3.0,6.0,3.0,28.0,3.0,28.0,26.0,332.0,47.0,f,1.0,0.0
2016-01-13,"Bristol, United Kingdom",within a few hours,100%,91%,t,2.0,t,t,Ashley,51.47149,-2.58273,Entire home/apt,4.0,1.0,1 bath,2.0,2.0,4.0,500.0,4.0,500.0,12.0,141.0,76.0,f,2.0,0.0
2017-12-30,"Bristol, United Kingdom",within an hour,100%,97%,t,27.0,t,t,Central,51.45294,-2.59501,Entire home/apt,2.0,1.0,1 bath,1.0,1.0,2.0,1125.0,2.0,1125.0,17.0,331.0,25.0,t,21.0,0.0
2016-05-18,"England, United Kingdom",within an hour,100%,94%,t,2.0,t,f,St George West,51.46408,-2.54644,Entire home/apt,4.0,1.0,1 bath,2.0,2.0,2.0,365.0,2.0,365.0,0.0,26.0,18.0,t,1.0,0.0
2015-05-07,"Bristol, United Kingdom",within an hour,100%,100%,t,14.0,t,t,Avonmouth & Lawrence Weston,51.48941,-2.677784,Entire home/apt,9.0,1.0,1 bath,4.0,8.0,2.0,1125.0,2.0,1125.0,30.0,365.0,35.0,f,11.0,5.0
2017-10-11,,within an hour,100%,96%,f,39.0,t,t,Clifton Down,51.46489,-2.61117,Entire home/apt,7.0,2.0,2 baths,2.0,5.0,2.0,365.0,2.0,365.0,0.0,313.0,5.0,t,25.0,0.0
2021-12-01,,within an hour,99%,97%,f,46.0,t,t,Clifton Down,51.46014,-2.60912,Entire home/apt,2.0,1.0,1 bath,0.0,1.0,1.0,365.0,1.0,999.0,27.0,350.0,7.0,f,30.0,0.0
2018-09-29,"Bristol, United Kingdom",,,,f,1.0,t,t,Avonmouth & Lawrence Weston,51.4963928,-2.6444139,Entire home/apt,2.0,1.0,1 bath,1.0,1.0,1.0,365.0,1.0,365.0,30.0,365.0,0.0,t,1.0,0.0
2016-06-14,"Bristol, United Kingdom",within an hour,100%,95%,t,1.0,t,t,Cotham,51.47053,-2.60828,Entire home/apt,2.0,1.0,1 bath,1.0,1.0,2.0,4.0,2.0,1125.0,5.0,10.0,96.0,f,1.0,0.0
2022-11-01,"Bristol, United Kingdom",within a few hours,100%,90%,f,8.0,t,t,Westbury-on-Trym & Henleaze,51.49421816303485,-2.635782456209632,Private room,1.0,1.0,1 private bath,1.0,2.0,1.0,365.0,1.0,1125.0,30.0,365.0,0.0,t,7.0,7.0
2017-04-13,"Bristol, United Kingdom",within an hour,99%,97%,f,100.0,t,t,Clifton Down,51.46824,-2.61337,Entire home/apt,4.0,1.0,1 bath,1.0,2.0,2.0,365.0,1.0,365.0,26.0,361.0,17.0,f,67.0,0.0
2016-06-06,"Bristol, United Kingdom",,,,f,20.0,t,t,Central,51.45101,-2.59355,Entire home/apt,7.0,2.0,2 baths,3.0,4.0,2.0,40.0,2.0,1125.0,9.0,67.0,185.0,f,14.0,4.0
2016-06-22,"Bristol, United Kingdom",within an hour,100%,96%,t,1.0,t,t,Easton,51.45760101947887,-2.5593233730163623,Private room,2.0,1.0,1 shared bath,1.0,1.0,2.0,14.0,2.0,14.0,26.0,266.0,18.0,f,1.0,1.0
2018-01-09,"Bristol, United Kingdom",within an hour,100%,99%,f,4.0,t,t,Cotham,51.46584,-2.59075,Entire home/apt,2.0,1.0,1 bath,1.0,2.0,1.0,365.0,1.0,365.0,19.0,246.0,72.0,t,4.0,1.0
2019-01-14,"Bristol, United Kingdom",within an hour,100%,100%,t,60.0,t,t,Lawrence Hill,51.45527,-2.57785,Entire home/apt,4.0,1.0,1 bath,1.0,2.0,2.0,1125.0,2.0,1125.0,24.0,264.0,16.0,t,47.0,0.0
2017-08-11,"Bristol, United Kingdom",within an hour,100%,92%,f,37.0,t,t,Hotwells & Harbourside,51.45501,-2.60415,Entire home/apt,2.0,1.0,1 bath,1.0,1.0,2.0,365.0,1.0,999.0,0.0,0.0,0.0,t,25.0,0.0
2019-01-14,"Bristol, United Kingdom",within an hour,100%,100%,t,60.0,t,t,Hotwells & Harbourside,51.45238,-2.60254,Entire home/apt,4.0,1.5,1.5 baths,1.0,2.0,1.0,1125.0,1.0,2.0,25.0,56.0,99.0,t,47.0,0.0
2013-10-28,"Bristol, United Kingdom",within a day,100%,75%,f,1.0,t,t,Windmill Hill,51.4398035,-2.5781268,Entire home/apt,8.0,2.0,2 baths,3.0,6.0,2.0,365.0,2.0,365.0,29.0,360.0,0.0,f,1.0,0.0
2023-11-07,"Bristol, United Kingdom",within an hour,100%,95%,t,1.0,t,t,Easton,51.4635068,-2.5602782,Entire home/apt,3.0,1.0,1 bath,1.0,2.0,2.0,1125.0,2.0,1125.0,11.0,55.0,32.0,t,1.0,0.0
2018-04-04,"England, United Kingdom",within a few hours,100%,91%,f,1.0,t,t,Windmill Hill,51.43645,-2.59588,Entire home/apt,6.0,1.0,1 bath,3.0,4.0,4.0,1125.0,3.0,1125.0,0.0,29.0,5.0,f,1.0,0.0
2024-03-29,"London, United Kingdom",within an hour,100%,100%,f,10.0,t,t,Central,51.45508289810853,-2.596379513476333,Private room,1.0,1.0,1 private bath,1.0,1.0,7.0,365.0,7.0,365.0,29.0,364.0,0.0,t,1.0,1.0
2023-08-02,,within an hour,90%,98%,t,7.0,t,t,Eastville,51.47284,-2.55088,Entire home/apt,4.0,1.0,1 bath,1.0,2.0,1.0,1125.0,1.0,1.0,8.0,149.0,78.0,t,3.0,0.0
2012-08-15,"Bristol, United Kingdom",within a few hours,100%,97%,t,2.0,t,t,Southville,51.44413,-2.59634,Entire home/apt,2.0,1.0,1 bath,0.0,2.0,1.0,1125.0,3.0,1125.0,14.0,327.0,40.0,f,2.0,0.0
2015-02-04,"England, United Kingdom",within an hour,100%,73%,t,2.0,t,t,Clifton Down,51.4587675,-2.6112781,Entire home/apt,6.0,1.0,1 bath,2.0,3.0,2.0,365.0,2.0,365.0,18.0,216.0,29.0,f,2.0,0.0
2016-08-18,"Bristol, United Kingdom",within an hour,100%,90%,t,2.0,t,t,Clifton Down,51.4601773,-2.613534,Private room,2.0,1.0,1 private bath,1.0,1.0,1.0,31.0,1.0,31.0,2.0,272.0,285.0,f,1.0,1.0
2014-08-18,"Bristol, United Kingdom",,,,f,1.0,t,t,Westbury-on-Trym & Henleaze,51.48060614406596,-2.606496289372444,Entire home/apt,6.0,3.5,3.5 baths,4.0,4.0,5.0,14.0,5.0,14.0,13.0,209.0,0.0,f,1.0,0.0
2017-08-06,,within a few hours,100%,100%,f,1.0,t,t,Knowle,51.4367232,-2.5659859,Private room,2.0,1.0,1 shared bath,1.0,1.0,2.0,365.0,2.0,365.0,5.0,306.0,10.0,f,1.0,1.0
2017-10-01,"Leeds, United Kingdom",within an hour,100%,100%,f,194.0,t,t,Central,51.46179,-2.59114,Entire home/apt,6.0,1.0,1 bath,2.0,4.0,2.0,365.0,2.0,365.0,20.0,343.0,14.0,t,22.0,0.0
2022-06-30,,within an hour,100%,100%,f,54.0,t,t,St George West,51.458879657303946,-2.550469753256119,Entire home/apt,4.0,1.0,1 bath,1.0,2.0,1.0,90.0,1.0,1.0,0.0,61.0,0.0,t,32.0,0.0
2022-01-08,"Bristol, United Kingdom",within an hour,100%,95%,t,20.0,t,t,Westbury-on-Trym & Henleaze,51.484642,-2.5971013,Entire home/apt,5.0,1.0,1 bath,2.0,4.0,4.0,999.0,2.0,999.0,16.0,343.0,1.0,t,13.0,0.0
2024-07-15,,a few days or more,10%,0%,f,4.0,t,t,Windmill Hill,51.437,-2.5904,Entire home/apt,12.0,4.0,15 baths,6.0,9.0,28.0,730.0,28.0,730.0,5.0,340.0,0.0,f,1.0,0.0
2012-01-08,"Bristol, United Kingdom",,,100%,t,3.0,t,t,Easton,51.46487,-2.5569,Private room,2.0,1.5,1.5 shared baths,1.0,1.0,4.0,1125.0,3.0,1125.0,25.0,175.0,46.0,f,3.0,3.0
2024-02-22,"Bristol, United Kingdom",within an hour,100%,96%,f,4.0,t,t,Lawrence Hill,51.452473583252846,-2.5786172887976404,Entire home/apt,4.0,1.0,1 bath,2.0,3.0,7.0,365.0,7.0,365.0,30.0,365.0,0.0,f,4.0,0.0
2015-03-01,"Bristol, United Kingdom",,,,f,1.0,t,t,Avonmouth & Lawrence Weston,51.492406899599,-2.687712492590324,Private room,1.0,2.0,2 shared baths,1.0,1.0,1.0,365.0,1.0,365.0,30.0,90.0,0.0,f,1.0,1.0
2019-01-14,"Bristol, United Kingdom",within an hour,100%,100%,t,60.0,t,t,Southville,51.44299,-2.61711,Entire home/apt,5.0,1.0,1 bath,2.0,3.0,1.0,1125.0,1.0,2.0,21.0,257.0,15.0,t,47.0,0.0
2015-02-18,"Bristol, United Kingdom",within an hour,100%,100%,t,3.0,t,t,Central,51.45349,-2.59293,Entire home/apt,2.0,1.0,1 bath,1.0,1.0,2.0,1125.0,2.0,1125.0,14.0,280.0,292.0,t,3.0,0.0
2024-09-03,,within an hour,100%,98%,f,67.0,t,t,Southville,51.44245,-2.5999,Entire home/apt,2.0,1.0,1 bath,1.0,1.0,2.0,365.0,7.0,365.0,12.0,347.0,0.0,t,13.0,0.0
2017-10-11,,within an hour,100%,96%,f,39.0,t,t,Clifton Down,51.46621,-2.61111,Entire home/apt,4.0,1.0,1 bath,2.0,3.0,2.0,365.0,2.0,365.0,30.0,365.0,14.0,t,25.0,0.0
2021-08-25,,within an hour,100%,100%,f,1.0,t,t,Redland,51.474014248268624,-2.611095628699995,Entire home/apt,3.0,1.0,1 bath,1.0,1.0,3.0,365.0,3.0,365.0,20.0,131.0,0.0,f,1.0,0.0
2015-12-18,"Bristol, United Kingdom",within an hour,100%,97%,f,33.0,t,t,Cotham,51.46620889474077,-2.6031150790146835,Entire home/apt,6.0,2.5,2.5 baths,4.0,8.0,3.0,365.0,3.0,365.0,27.0,76.0,1.0,t,26.0,0.0
2016-09-22,"Woollahra, Australia",within an hour,100%,94%,t,3.0,t,t,Clifton,51.45872,-2.61937,Entire home/apt,4.0,1.0,1 bath,2.0,2.0,2.0,365.0,1.0,365.0,19.0,348.0,24.0,f,1.0,0.0
2015-08-04,"Bristol, United Kingdom",within an hour,80%,100%,f,2.0,t,t,Southville,51.44542,-2.61341,Entire home/apt,7.0,2.0,2 baths,3.0,5.0,1.0,30.0,1.0,30.0,11.0,290.0,46.0,t,2.0,1.0
2014-06-27,"Bristol, United Kingdom",within an hour,100%,96%,t,2.0,t,t,Southmead,51.5,-2.60578,Entire home/apt,2.0,1.0,1 bath,1.0,1.0,5.0,90.0,5.0,1125.0,30.0,90.0,17.0,f,2.0,0.0
2016-03-08,"Bristol, United Kingdom",within an hour,100%,100%,f,1.0,t,t,Southmead,51.5,-2.60554,Entire home/apt,4.0,1.0,1 bath,1.0,2.0,3.0,1125.0,3.0,1125.0,10.0,245.0,67.0,f,1.0,0.0
2016-10-08,"Bristol, United Kingdom",,,,f,1.0,t,t,Central,51.45552,-2.5951,Entire home/apt,4.0,2.5,2.5 baths,2.0,2.0,7.0,365.0,7.0,365.0,13.0,294.0,11.0,f,1.0,0.0
2014-03-31,"Bristol, United Kingdom",within a few hours,100%,94%,t,1.0,t,t,Westbury-on-Trym & Henleaze,51.47808,-2.6145,Entire home/apt,5.0,3.5,3.5 baths,3.0,3.0,2.0,60.0,2.0,60.0,5.0,248.0,103.0,f,1.0,0.0
2019-01-14,"Bristol, United Kingdom",within an hour,100%,100%,t,60.0,t,t,Lawrence Hill,51.45392,-2.57893,Entire home/apt,4.0,1.0,1 bath,1.0,2.0,2.0,1125.0,2.0,1125.0,26.0,266.0,27.0,t,47.0,0.0
2012-01-08,"Bristol, United Kingdom",,,100%,t,3.0,t,t,Easton,51.46501,-2.55558,Private room,2.0,1.0,1 shared bath,1.0,1.0,5.0,1125.0,6.0,1125.0,25.0,175.0,35.0,t,3.0,3.0
2016-01-09,"Bristol, United Kingdom",within an hour,100%,88%,f,1.0,t,t,Central,51.4553343,-2.6002861,Entire home/apt,2.0,1.5,1.5 baths,1.0,2.0,3.0,365.0,1.0,1125.0,19.0,297.0,51.0,f,1.0,0.0
2016-06-25,"Bristol, United Kingdom",within a few hours,80%,62%,f,6.0,t,t,Clifton Down,51.4627706676846,-2.6106268912553787,Entire home/apt,2.0,1.0,1 bath,1.0,1.0,28.0,365.0,28.0,365.0,0.0,230.0,1.0,f,2.0,0.0
2022-01-22,"Bristol, United Kingdom",within an hour,100%,100%,f,6.0,t,t,Lawrence Hill,51.45479631239243,-2.577266469136555,Entire home/apt,4.0,1.0,1 bath,2.0,3.0,1.0,365.0,2.0,365.0,17.0,333.0,1.0,t,4.0,0.0
2018-05-25,"Bristol, United Kingdom",within an hour,100%,92%,f,2.0,t,t,Bedminster,51.4371238,-2.6090786,Entire home/apt,4.0,1.0,1 bath,2.0,2.0,2.0,365.0,2.0,365.0,0.0,59.0,6.0,f,2.0,1.0
2019-06-09,"Bristol, United Kingdom",within an hour,100%,100%,t,4.0,t,t,Hengrove & Whitchurch Park,51.41448,-2.57589,Entire home/apt,6.0,2.0,2 baths,3.0,3.0,2.0,12.0,2.0,1125.0,15.0,253.0,34.0,t,3.0,0.0
2019-11-02,,,,,f,2.0,t,t,Avonmouth & Lawrence Weston,51.49568,-2.64827,Entire home/apt,5.0,1.5,1.5 baths,3.0,4.0,1.0,1125.0,1.0,1125.0,30.0,365.0,0.0,f,2.0,0.0
2015-08-02,"Bristol, United Kingdom",within an hour,100%,86%,t,1.0,t,t,Windmill Hill,51.43874,-2.574,Private room,2.0,1.0,1 shared bath,1.0,1.0,2.0,4.0,2.0,4.0,4.0,4.0,26.0,f,1.0,1.0
2013-10-18,"Bristol, United Kingdom",within an hour,100%,100%,t,1.0,t,f,Clifton,51.45263,-2.60955,Entire home/apt,2.0,1.0,1 bath,1.0,1.0,3.0,130.0,3.0,130.0,20.0,60.0,88.0,f,1.0,0.0
2015-02-23,"England, United Kingdom",within an hour,100%,85%,t,1.0,t,t,Southville,51.44247817993164,-2.607893943786621,Private room,2.0,1.5,1.5 baths,1.0,1.0,2.0,1125.0,2.0,1125.0,5.0,50.0,43.0,f,1.0,1.0
2015-09-11,"Bristol, United Kingdom",within an hour,90%,100%,f,1.0,t,t,Clifton,51.45742,-2.61658,Entire home/apt,5.0,1.0,1 bath,2.0,3.0,2.0,24.0,1.0,24.0,11.0,320.0,104.0,t,1.0,0.0
2016-03-31,"Bristol, United Kingdom",within an hour,100%,100%,f,210.0,t,t,Southville,51.4445825,-2.6094786,Entire home/apt,4.0,1.0,1 bath,2.0,2.0,1.0,365.0,1.0,365.0,2.0,307.0,18.0,t,148.0,3.0
2019-10-13,,within a day,100%,93%,f,4.0,t,t,Ashley,51.46649,-2.58731,Private room,1.0,2.0,2 shared baths,1.0,0.0,1.0,14.0,1.0,14.0,0.0,10.0,40.0,f,3.0,3.0
2024-09-03,,within an hour,100%,98%,f,67.0,t,t,Henbury & Brentry,51.5,-2.616252690449681,Entire home/apt,12.0,2.0,2 baths,5.0,7.0,2.0,365.0,7.0,365.0,0.0,304.0,1.0,t,13.0,0.0
2014-11-26,,within an hour,100%,52%,f,5.0,t,t,Filwood,51.42361,-2.59675,Entire home/apt,6.0,1.5,1.5 baths,3.0,4.0,3.0,365.0,1.0,365.0,22.0,170.0,8.0,t,1.0,0.0
2012-03-14,"London, United Kingdom",within an hour,80%,43%,f,2.0,t,t,Ashley,51.47155,-2.58371,Private room,4.0,1.0,1 private bath,3.0,4.0,6.0,26.0,6.0,26.0,23.0,358.0,0.0,f,2.0,1.0
2024-04-23,,within an hour,80%,73%,f,5.0,t,t,Clifton Down,51.45864,-2.61115,Private room,1.0,1.0,1 private bath,1.0,1.0,1.0,365.0,1.0,365.0,28.0,266.0,0.0,t,5.0,5.0
2019-11-05,"Bristol, United Kingdom",within a few hours,100%,100%,t,1.0,t,t,Bishopston & Ashley Down,51.476,-2.5862,Private room,2.0,1.0,1 private bath,1.0,1.0,2.0,1125.0,2.0,1125.0,0.0,318.0,91.0,f,1.0,1.0
2016-03-31,"Bristol, United Kingdom",within an hour,100%,100%,f,210.0,t,t,Clifton Down,51.46337890625,-2.609638929367065,Entire home/apt,2.0,1.0,1 bath,1.0,1.0,1.0,365.0,1.0,365.0,11.0,338.0,49.0,f,148.0,3.0
2024-09-21,,,,84%,f,2.0,t,t,Hillfields,51.47686,-2.52,Private room,2.0,1.0,1 private bath,1.0,1.0,3.0,365.0,2.0,1125.0,14.0,60.0,3.0,f,2.0,2.0
2015-12-05,"London, United Kingdom",within an hour,100%,100%,f,1.0,t,t,Southville,51.44243,-2.59846,Entire home/apt,4.0,1.5,1.5 baths,2.0,2.0,3.0,365.0,3.0,1125.0,12.0,266.0,212.0,t,1.0,0.0
2023-12-20,"Bristol, United Kingdom",within an hour,100%,93%,t,1.0,t,t,Southville,51.44396,-2.58816,Entire home/apt,4.0,1.0,1 bath,1.0,2.0,3.0,365.0,1.0,365.0,22.0,147.0,57.0,f,1.0,0.0
2024-11-12,"Bristol, United Kingdom",within an hour,100%,100%,f,1.0,t,t,Frome Vale,51.48013,-2.52924,Entire home/apt,2.0,1.0,1 bath,1.0,1.0,2.0,730.0,1.0,1125.0,5.0,316.0,7.0,t,1.0,0.0
2017-03-06,,within an hour,100%,100%,f,1.0,t,t,Southville,51.44238,-2.6183,Entire home/apt,4.0,1.0,1 bath,1.0,2.0,2.0,1125.0,2.0,1125.0,3.0,306.0,100.0,t,1.0,0.0
2021-06-14,"England, United Kingdom",a few days or more,0%,0%,f,1.0,t,t,Ashley,51.46986,-2.56989,Private room,6.0,2.0,2 shared baths,3.0,3.0,1.0,1125.0,1.0,1125.0,30.0,180.0,25.0,f,1.0,1.0
2013-06-19,"Bristol, United Kingdom",a few days or more,0%,20%,f,1.0,t,t,Redland,51.4727742,-2.6124678,Entire home/apt,2.0,2.0,2 baths,2.0,2.0,30.0,150.0,30.0,150.0,0.0,160.0,0.0,f,1.0,0.0
2015-12-29,"Bristol, United Kingdom",within an hour,100%,100%,t,2.0,t,t,Avonmouth & Lawrence Weston,51.48493,-2.674,Private room,2.0,0.0,0 shared baths,1.0,1.0,2.0,1125.0,2.0,1125.0,0.0,0.0,17.0,f,2.0,1.0
2014-05-11,"Bristol, United Kingdom",within an hour,100%,100%,t,1.0,t,t,Clifton,51.45469,-2.62241,Private room,2.0,1.0,1 private bath,1.0,1.0,2.0,6.0,2.0,1125.0,13.0,29.0,302.0,f,1.0,1.0
2019-09-22,,within an hour,100%,100%,f,1.0,t,t,Horfield,51.49252,-2.58702,Entire home/apt,9.0,3.5,3.5 baths,4.0,8.0,3.0,365.0,2.0,365.0,11.0,88.0,16.0,t,1.0,0.0
2019-01-14,"Bristol, United Kingdom",within an hour,100%,100%,t,60.0,t,t,Lawrence Hill,51.4545934,-2.5784534,Entire home/apt,6.0,2.0,2 baths,3.0,4.0,2.0,1125.0,2.0,2.0,18.0,309.0,55.0,t,47.0,0.0
2014-08-18,"Bristol, TN",within an hour,100%,50%,f,1.0,t,t,Hotwells & Harbourside,51.4506,-2.60721,Entire home/apt,4.0,2.5,2.5 baths,2.0,2.0,5.0,1125.0,5.0,1125.0,30.0,365.0,43.0,f,1.0,0.0
2014-06-10,"Bristol, United Kingdom",within an hour,100%,100%,t,39.0,t,f,Henbury & Brentry,51.5,-2.62185,Entire home/apt,4.0,3.0,3 baths,4.0,4.0,3.0,365.0,3.0,999.0,7.0,67.0,3.0,t,20.0,0.0
2019-08-19,"Banwell, United Kingdom",within an hour,100%,100%,t,2.0,t,t,Southville,51.44174,-2.60287,Entire home/apt,2.0,1.0,1 bath,1.0,2.0,2.0,1125.0,1.0,1125.0,5.0,192.0,67.0,f,1.0,0.0
2017-08-24,,within an hour,100%,100%,t,1.0,t,t,Windmill Hill,51.43985366821289,-2.5905590057373047,Entire home/apt,4.0,1.0,1 bath,1.0,1.0,2.0,1125.0,1.0,1125.0,13.0,111.0,350.0,t,1.0,0.0
2023-08-18,,,,36%,f,1.0,t,f,Frome Vale,51.48616,-2.52,Private room,1.0,1.0,1 shared bath,1.0,1.0,1.0,365.0,1.0,365.0,30.0,365.0,0.0,f,1.0,1.0
2015-05-27,"Bristol, United Kingdom",,,,f,1.0,t,t,Ashley,51.4612176,-2.5860845,Entire home/apt,2.0,1.0,1 bath,1.0,1.0,3.0,365.0,3.0,1125.0,6.0,341.0,0.0,f,1.0,0.0
2020-09-07,,within an hour,100%,97%,t,2.0,t,t,St George West,51.463961,-2.5470223,Private room,2.0,1.0,1 shared bath,1.0,1.0,1.0,365.0,1.0,365.0,25.0,360.0,7.0,f,2.0,2.0
2016-06-13,"Bristol, United Kingdom",within an hour,100%,96%,t,1.0,t,t,Frome Vale,51.48861,-2.53989,Private room,1.0,1.0,1 shared bath,1.0,1.0,1.0,89.0,1.0,1125.0,20.0,76.0,172.0,f,1.0,1.0
2021-11-27,,,,73%,t,1.0,t,f,Knowle,51.44062,-2.56965,Entire home/apt,4.0,1.5,1.5 baths,2.0,2.0,3.0,365.0,2.0,365.0,0.0,77.0,32.0,f,1.0,0.0
2016-03-31,"Bristol, United Kingdom",within an hour,100%,100%,f,210.0,t,t,Lawrence Hill,51.4568807,-2.5816885,Entire home/apt,2.0,0.0,0 baths,,1.0,1.0,365.0,1.0,365.0,6.0,318.0,0.0,t,148.0,3.0
2012-10-15,"Bristol, United Kingdom",within an hour,100%,100%,t,1.0,t,t,Ashley,51.46126,-2.58598,Entire home/apt,4.0,1.0,1 bath,2.0,2.0,2.0,1125.0,1.0,1125.0,10.0,320.0,452.87,t,1.0,0.0
2013-10-29,"Bristol, United Kingdom",within an hour,100%,68%,t,1.0,t,f,Southville,51.44117,-2.60729,Private room,2.0,1.0,1 private bath,1.0,1.0,2.0,3.0,1.0,3.0,9.0,17.0,124.0,f,1.0,1.0
2016-04-20,"Bristol, United Kingdom",within an hour,100%,76%,t,2.0,t,t,Clifton,51.4516,-2.61695,Entire home/apt,9.0,4.0,6 baths,4.0,5.0,3.0,14.0,3.0,14.0,23.0,348.0,0.0,f,2.0,0.0
2016-09-27,"Bristol, United Kingdom",a few days or more,0%,0%,f,1.0,t,t,Eastville,51.4712895,-2.5474184,Private room,2.0,1.0,1 bath,1.0,1.0,1.0,365.0,1.0,365.0,29.0,89.0,0.0,f,1.0,1.0
2022-06-30,,within an hour,100%,100%,f,54.0,t,t,Central,51.45647,-2.59458,Entire home/apt,8.0,1.0,1 bath,2.0,4.0,1.0,365.0,2.0,99.0,29.0,262.0,15.0,t,32.0,0.0
2014-06-23,"Bristol, United Kingdom",within a few hours,100%,57%,f,2.0,t,t,Redland,51.47035,-2.59722,Entire home/apt,7.0,2.0,2 baths,4.0,0.0,21.0,45.0,21.0,45.0,0.0,59.0,4.0,f,2.0,0.0
2013-08-13,"Bristol, United Kingdom",within a day,100%,68%,t,1.0,t,t,Cotham,51.46455169999999,-2.5914614,Private room,1.0,1.0,1 shared bath,1.0,1.0,2.0,25.0,2.0,25.0,23.0,355.0,21.0,f,1.0,1.0
2018-05-26,"England, United Kingdom",within an hour,100%,97%,t,2.0,t,t,Bishopston & Ashley Down,51.48158,-2.59513,Private room,2.0,1.0,1 shared bath,1.0,1.0,1.0,14.0,1.0,1125.0,17.0,226.0,354.0,f,1.0,1.0
2016-06-16,"England, United Kingdom",within an hour,100%,98%,t,1.0,t,t,St George Troopers Hill,51.45077,-2.52294,Entire home/apt,2.0,1.0,1 bath,1.0,0.0,2.0,1125.0,1.0,1125.0,18.0,75.0,135.0,f,1.0,0.0
2016-02-27,"Bristol, United Kingdom",within an hour,100%,84%,t,2.0,t,t,Southville,51.44351,-2.60659,Private room,1.0,1.5,1.5 shared baths,1.0,1.0,3.0,90.0,2.0,90.0,29.0,362.0,205.0,f,2.0,2.0
2021-12-01,,within an hour,99%,97%,f,46.0,t,t,Central,51.46042,-2.60748,Entire home/apt,1.0,1.0,1 bath,1.0,1.0,1.0,365.0,1.0,999.0,25.0,360.0,34.0,t,30.0,0.0
2012-11-23,"England, United Kingdom",within an hour,100%,100%,f,4.0,t,t,Clifton Down,51.46032,-2.61208,Entire home/apt,4.0,1.0,1 bath,2.0,2.0,2.0,365.0,2.0,365.0,5.0,5.0,16.0,t,3.0,0.0
2016-02-19,"Bristol, United Kingdom",within an hour,100%,40%,f,1.0,t,f,Clifton Down,51.45837636553642,-2.608896139691024,Private room,1.0,1.0,1 shared bath,1.0,1.0,1.0,365.0,1.0,365.0,30.0,365.0,1.0,f,1.0,1.0
2019-07-18,"England, United Kingdom",within a few hours,100%,100%,f,1.0,t,t,Ashley,51.46079101367783,-2.5850564784117607,Private room,2.0,1.0,1 private bath,1.0,1.0,2.0,5.0,2.0,5.0,10.0,17.0,0.0,f,1.0,1.0
2014-11-19,"Bristol, United Kingdom",within an hour,100%,83%,t,1.0,t,t,Cotham,51.46683,-2.60569,Entire home/apt,2.0,1.0,1 bath,1.0,1.0,3.0,4.0,1.0,4.0,0.0,30.0,208.0,f,1.0,0.0
2019-09-19,"Bristol, United Kingdom",within an hour,100%,100%,t,1.0,t,t,Brislington West,51.44472,-2.55179,Private room,1.0,1.5,1.5 shared baths,1.0,1.0,1.0,1125.0,1.0,1125.0,16.0,349.0,121.0,f,1.0,1.0
2023-07-21,"Bristol, United Kingdom",within an hour,100%,100%,f,1.0,f,t,Hartcliffe & Withywood,51.40751,-2.62406,Private room,1.0,1.0,1 shared bath,1.0,1.0,1.0,1125.0,1.0,1125.0,0.0,224.0,6.0,f,1.0,1.0
2022-06-30,,within an hour,100%,100%,f,54.0,t,t,St George West,51.45915707177949,-2.5516649531350293,Entire home/apt,4.0,1.0,1 bath,1.0,2.0,1.0,365.0,1.0,1.0,0.0,11.0,1.0,t,32.0,0.0
2022-06-30,,within an hour,100%,100%,f,54.0,t,t,Central,51.45581,-2.59331,Entire home/apt,4.0,1.0,1 bath,1.0,2.0,1.0,365.0,2.0,99.0,27.0,267.0,3.0,t,32.0,0.0
2024-12-15,,within an hour,100%,99%,f,27.0,t,t,Clifton,51.45807920704037,-2.614282017354056,Entire home/apt,6.0,1.0,1 bath,2.0,4.0,2.0,365.0,2.0,365.0,20.0,347.0,5.0,t,4.0,0.0
2021-07-11,"Calne, United Kingdom",,,,f,1.0,t,t,Central,51.45447049867649,-2.5957724824547768,Entire home/apt,4.0,1.0,1 bath,1.0,1.0,2.0,365.0,2.0,365.0,6.0,248.0,121.0,t,1.0,0.0
2017-04-13,"Bristol, United Kingdom",within an hour,99%,97%,f,100.0,t,t,Central,51.45912435880409,-2.606503028536298,Entire home/apt,2.0,1.0,1 bath,1.0,1.0,1.0,365.0,2.0,365.0,23.0,330.0,22.0,t,67.0,0.0
2017-04-13,"Bristol, United Kingdom",within an hour,99%,97%,f,100.0,t,t,Central,51.45986,-2.60241,Entire home/apt,3.0,1.0,1 bath,1.0,2.0,1.0,1125.0,2.0,1125.0,30.0,333.0,31.0,f,67.0,0.0
2016-08-18,"Bristol, United Kingdom",within an hour,100%,100%,f,1.0,t,t,Clifton Down,51.470718,-2.61406,Entire home/apt,2.0,1.0,1 bath,1.0,1.0,2.0,365.0,1.0,365.0,0.0,229.0,159.0,t,1.0,0.0
2021-10-11,,,,,f,1.0,f,f,Windmill Hill,51.4429768,-2.5774594,Private room,1.0,0.5,Half-bath,1.0,1.0,1.0,1.0,1.0,1.0,29.0,89.0,2.0,f,1.0,1.0
2014-03-11,"Folkestone, United Kingdom",within an hour,100%,91%,t,2.0,t,t,Southmead,51.5,-2.58861,Private room,1.0,1.0,1 shared bath,1.0,1.0,1.0,2.0,1.0,2.0,18.0,35.0,417.0,f,2.0,2.0
2020-05-10,"Bristol, United Kingdom",a few days or more,0%,0%,f,1.0,t,t,Horfield,51.48999,-2.58419,Private room,2.0,1.0,1 shared bath,1.0,3.0,7.0,1125.0,7.0,1125.0,29.0,364.0,4.0,f,1.0,1.0
2012-08-31,"Bristol, United Kingdom",within a few hours,100%,75%,t,1.0,t,t,Easton,51.46812,-2.56068,Private room,1.0,1.0,1 shared bath,1.0,1.0,4.0,6.0,3.0,6.0,29.0,179.0,38.0,f,1.0,1.0
2024-11-23,,,,100%,f,1.0,f,t,Ashley,51.46318085322908,-2.585289986905343,Entire home/apt,2.0,1.0,1 bath,1.0,1.0,3.0,365.0,3.0,365.0,30.0,90.0,1.0,f,1.0,0.0
2015-10-31,"Bristol, United Kingdom",within an hour,100%,95%,f,2.0,t,t,Knowle,51.43583,-2.57287,Entire home/apt,2.0,1.0,1 bath,0.0,1.0,2.0,1125.0,2.0,1125.0,6.0,13.0,413.0,f,2.0,0.0
2019-08-09,"Bristol, United Kingdom",within a few hours,100%,96%,t,1.0,t,t,Redland,51.47894,-2.59482,Entire home/apt,4.0,1.0,1 bath,2.0,2.0,2.0,14.0,2.0,14.0,1.0,5.0,55.0,f,1.0,0.0
2021-01-03,,within an hour,90%,99%,f,3.0,t,t,Eastville,51.47429,-2.54923,Entire home/apt,8.0,1.5,1.5 baths,3.0,7.0,2.0,1125.0,2.0,1125.0,20.0,259.0,47.0,t,3.0,0.0
2014-01-09,"Bristol, United Kingdom",within a day,88%,26%,f,2.0,t,t,Bedminster,51.437959595505646,-2.6070952913801717,Entire home/apt,4.0,1.0,1 bath,2.0,2.0,3.0,7.0,2.0,7.0,7.0,30.0,3.0,f,2.0,1.0
2014-01-28,"England, United Kingdom",within a few hours,100%,0%,f,2.0,t,f,Easton,51.4695,-2.56004,Private room,3.0,1.0,1 bath,1.0,1.0,4.0,365.0,4.0,365.0,29.0,269.0,0.0,f,2.0,1.0
2016-03-31,"Bristol, United Kingdom",within an hour,100%,100%,f,210.0,t,t,Lawrence Hill,51.4580024,-2.5827864,Entire home/apt,4.0,1.0,1 bath,2.0,2.0,1.0,365.0,1.0,365.0,14.0,315.0,23.0,t,148.0,3.0
2019-05-07,"Bristol, United Kingdom",within an hour,100%,97%,t,1.0,t,t,St George West,51.45924,-2.54136,Private room,1.0,1.5,1.5 shared baths,1.0,1.0,1.0,15.0,1.0,1125.0,16.0,73.0,158.0,f,1.0,1.0
2022-10-25,,within an hour,100%,100%,f,2.0,t,t,Ashley,51.46164233053396,-2.588722461901851,Entire home/apt,2.0,1.0,1 bath,1.0,1.0,2.0,1000.0,2.0,1000.0,27.0,177.0,97.0,f,2.0,0.0
2017-04-13,"Bristol, United Kingdom",within an hour,99%,97%,f,100.0,t,t,Clifton Down,51.463090407339344,-2.6163072901042117,Entire home/apt,4.0,1.0,1 bath,1.0,2.0,1.0,365.0,1.0,365.0,16.0,348.0,3.0,t,67.0,0.0
2014-11-29,"Bristol, United Kingdom",within an hour,100%,99%,t,3.0,t,t,Cotham,51.46511,-2.60068,Private room,2.0,1.0,1 shared bath,1.0,1.0,2.0,15.0,2.0,1125.0,17.0,299.0,105.0,f,2.0,1.0
2016-03-31,"Bristol, United Kingdom",within an hour,100%,100%,f,210.0,t,t,Clifton,51.456074,-2.614686,Entire home/apt,2.0,1.0,1 bath,1.0,1.0,1.0,365.0,1.0,365.0,7.0,291.0,204.0,f,148.0,3.0
2019-10-22,"Bristol, United Kingdom",,,81%,t,3.0,t,t,Bishopsworth,51.42574,-2.61038,Private room,1.0,1.0,1 shared bath,1.0,1.0,4.0,40.0,4.0,40.0,18.0,353.0,26.0,f,3.0,3.0
2014-01-30,"Bristol, United Kingdom",within an hour,100%,100%,f,1.0,t,t,Southmead,51.5,-2.59562,Entire home/apt,2.0,1.0,1 bath,1.0,1.0,1.0,90.0,1.0,90.0,8.0,85.0,154.0,f,1.0,0.0
2021-12-01,,within an hour,99%,97%,f,46.0,t,t,Hotwells & Harbourside,51.454727,-2.606111,Entire home/apt,2.0,1.0,1 bath,1.0,1.0,1.0,365.0,2.0,999.0,21.0,329.0,4.0,f,30.0,0.0
2016-03-28,"Bristol, United Kingdom",within an hour,100%,98%,t,2.0,t,t,Lockleaze,51.49455,-2.56549,Private room,2.0,1.0,1 private bath,1.0,1.0,1.0,365.0,1.0,365.0,1.0,1.0,100.0,f,2.0,1.0
2015-02-18,"Bristol, United Kingdom",within an hour,100%,100%,t,3.0,t,t,Central,51.45562,-2.59375,Entire home/apt,2.0,1.0,1 bath,1.0,1.0,2.0,365.0,2.0,365.0,9.0,117.0,120.0,t,3.0,0.0
2014-04-22,"Bristol, United Kingdom",within a day,100%,63%,t,1.0,t,t,Southville,51.44087,-2.61749,Entire home/apt,4.0,1.0,1 bath,1.0,2.0,2.0,6.0,2.0,6.0,0.0,17.0,16.0,f,1.0,0.0
2016-01-07,"Bristol, United Kingdom",within an hour,100%,100%,t,1.0,t,t,Ashley,51.46346,-2.58649,Entire home/apt,4.0,1.0,1 bath,1.0,2.0,2.0,1125.0,1.0,365.0,11.0,340.0,134.0,t,1.0,0.0
2014-08-15,"Bristol, United Kingdom",within a few hours,100%,87%,f,1.0,t,t,Easton,51.4610425,-2.555995,Private room,2.0,1.0,1 shared bath,1.0,1.0,2.0,365.0,2.0,365.0,1.0,72.0,6.0,f,1.0,1.0
2022-01-14,,within an hour,100%,100%,f,1.0,t,t,Lawrence Hill,51.46207,-2.5645,Entire home/apt,6.0,1.0,1 bath,3.0,3.0,2.0,1125.0,2.0,3.0,0.0,52.0,61.0,t,1.0,0.0
2023-08-03,"Bristol, United Kingdom",within an hour,100%,87%,,25.0,t,t,Knowle,51.429439,-2.5767052,Entire home/apt,8.0,2.5,2.5 baths,4.0,4.0,7.0,365.0,2.0,365.0,11.0,71.0,0.0,f,18.0,0.0
2016-10-23,"Bristol, United Kingdom",within an hour,100%,100%,t,3.0,t,t,Cotham,51.46406,-2.59851,Private room,2.0,1.0,1 shared bath,1.0,2.0,1.0,10.0,1.0,10.0,10.0,207.0,397.0,f,3.0,3.0
2019-06-07,"England, United Kingdom",within an hour,100%,100%,t,1.0,t,t,Hengrove & Whitchurch Park,51.42528069999999,-2.5634069,Entire home/apt,6.0,2.0,2 baths,2.0,3.0,2.0,1125.0,2.0,1125.0,19.0,230.0,47.0,f,1.0,0.0
2017-08-11,"Bristol, United Kingdom",within an hour,100%,92%,f,37.0,t,t,Central,51.46048,-2.60844,Entire home/apt,2.0,1.0,1 bath,1.0,2.0,1.0,365.0,1.0,999.0,0.0,228.0,0.0,t,25.0,0.0
2018-02-10,"England, United Kingdom",within an hour,100%,98%,t,1.0,t,t,Central,51.45618,-2.58723,Entire home/apt,4.0,2.0,2 baths,2.0,2.0,3.0,365.0,2.0,365.0,5.0,270.0,47.0,f,1.0,0.0
2020-07-10,,,,,f,12.0,t,t,Ashley,51.46156,-2.58528,Entire home/apt,12.0,2.0,2 baths,4.0,9.0,2.0,90.0,1.0,1125.0,6.0,261.0,139.0,f,9.0,0.0
2015-11-21,"Bristol, United Kingdom",within an hour,100%,100%,t,5.0,t,t,Cotham,51.47113,-2.6095,Entire home/apt,2.0,1.0,1 bath,1.0,1.0,1.0,5.0,1.0,5.0,13.0,187.0,452.87,f,4.0,0.0
2014-02-19,"London, United Kingdom",within an hour,100%,97%,f,3.0,t,t,Cotham,51.47079,-2.60636,Entire home/apt,2.0,1.0,1 bath,1.0,1.0,2.0,365.0,2.0,365.0,7.0,342.0,35.0,f,1.0,0.0
2016-03-31,"Bristol, United Kingdom",within an hour,100%,100%,f,210.0,t,t,Southville,51.44571149999999,-2.6032395,Entire home/apt,4.0,1.0,1 bath,2.0,2.0,1.0,365.0,1.0,365.0,13.0,13.0,3.0,t,148.0,3.0
2018-04-07,"England, United Kingdom",,,,f,2.0,t,t,Redland,51.47558,-2.59503,Private room,1.0,1.0,1 private bath,1.0,1.0,6.0,1125.0,6.0,1125.0,30.0,180.0,1.0,f,2.0,1.0
2020-08-03,,within an hour,100%,100%,t,2.0,t,t,Eastville,51.47271918905196,-2.5519364699721336,Entire home/apt,2.0,1.0,1 bath,1.0,2.0,7.0,90.0,7.0,90.0,2.0,121.0,7.0,t,1.0,0.0
2017-04-13,"Bristol, United Kingdom",within an hour,99%,97%,f,100.0,t,t,Clifton Down,51.46853,-2.61298,Entire home/apt,6.0,1.0,1 bath,2.0,3.0,1.0,365.0,1.0,365.0,28.0,345.0,7.0,t,67.0,0.0
2017-07-16,"England, United Kingdom",within an hour,100%,94%,f,2.0,f,f,Ashley,51.4694537,-2.5896412,Entire home/apt,6.0,1.0,1 bath,3.0,3.0,3.0,90.0,3.0,90.0,6.0,29.0,1.0,f,2.0,1.0
2017-04-13,"Bristol, United Kingdom",within an hour,99%,97%,f,100.0,t,t,Central,51.456647092597166,-2.5966483140433234,Entire home/apt,2.0,1.0,1 bath,1.0,1.0,1.0,365.0,1.0,365.0,29.0,364.0,28.0,t,67.0,0.0
2014-06-20,"Bristol, United Kingdom",,,38%,f,1.0,t,t,Ashley,51.47366,-2.58751,Entire home/apt,10.0,3.0,3 baths,5.0,6.0,6.0,700.0,4.0,700.0,0.0,189.0,31.0,f,1.0,0.0
2015-08-24,"Bristol, United Kingdom",,,100%,f,2.0,t,t,Clifton,51.4535617566553,-2.620411115344245,Entire home/apt,8.0,2.0,2 baths,5.0,6.0,5.0,365.0,5.0,365.0,0.0,173.0,1.0,f,1.0,0.0
2015-07-31,"Stow-on-the-Wold, United Kingdom",within an hour,100%,100%,t,8.0,t,t,Cotham,51.46367,-2.59789,Entire home/apt,4.0,1.0,1 bath,2.0,3.0,1.0,1125.0,1.0,2.0,4.0,33.0,452.87,t,1.0,0.0
2019-01-14,"Bristol, United Kingdom",within an hour,100%,100%,t,60.0,t,t,Cotham,51.47004,-2.6073,Entire home/apt,4.0,2.5,2.5 baths,2.0,2.0,2.0,1125.0,2.0,2.0,26.0,57.0,101.0,t,47.0,0.0
2018-08-11,,,,,f,1.0,t,t,St George Troopers Hill,51.45243554897682,-2.527911588549614,Entire home/apt,6.0,1.5,1.5 baths,3.0,1.0,2.0,1125.0,1.0,1125.0,22.0,335.0,43.0,f,1.0,0.0
2020-07-02,"London, United Kingdom",within an hour,100%,74%,f,35.0,t,t,Filwood,51.42388,-2.57734,Entire home/apt,9.0,2.0,2 baths,4.0,5.0,5.0,365.0,2.0,365.0,19.0,257.0,2.0,t,2.0,0.0
2011-06-16,"Bristol, United Kingdom",within a day,100%,50%,f,1.0,t,t,Southville,51.44174,-2.60297,Private room,1.0,1.0,1 shared bath,1.0,1.0,5.0,32.0,5.0,32.0,0.0,14.0,56.0,f,1.0,1.0
2019-01-14,"Bristol, United Kingdom",within an hour,100%,100%,t,60.0,t,t,Clifton,51.45462,-2.61781,Entire home/apt,4.0,1.0,1 bath,2.0,2.0,2.0,1125.0,2.0,2.0,20.0,51.0,85.0,t,47.0,0.0
2022-10-03,,within an hour,100%,97%,t,1.0,t,t,Stoke Bishop,51.47598319999999,-2.6294162,Entire home/apt,11.0,4.0,5 baths,5.0,9.0,3.0,14.0,3.0,14.0,15.0,252.0,30.0,f,1.0,0.0
2014-09-16,"Bristol, United Kingdom",within a few hours,100%,88%,f,1.0,t,t,Bishopston & Ashley Down,51.483105,-2.59492,Private room,2.0,1.0,1 private bath,1.0,0.0,1.0,365.0,1.0,365.0,21.0,78.0,30.0,f,1.0,1.0
2014-08-03,"London, United Kingdom",within an hour,100%,73%,f,9.0,t,t,Windmill Hill,51.43577331982375,-2.597057595849037,Entire home/apt,5.0,1.0,1 bath,4.0,5.0,3.0,365.0,4.0,365.0,6.0,341.0,11.0,f,6.0,0.0
2016-02-04,"Bristol, United Kingdom",,,100%,f,1.0,t,t,Westbury-on-Trym & Henleaze,51.47878,-2.60974,Private room,2.0,1.5,1.5 baths,1.0,1.0,1.0,15.0,1.0,15.0,29.0,364.0,18.0,f,1.0,1.0
2017-03-26,"Bristol, United Kingdom",within a few hours,100%,83%,t,3.0,t,t,Central,51.46105,-2.60176,Private room,2.0,1.0,1 shared bath,1.0,1.0,2.0,50.0,2.0,50.0,29.0,362.0,8.0,f,3.0,3.0
2013-10-01,"England, United Kingdom",within a few hours,100%,88%,t,1.0,t,t,Frome Vale,51.48745,-2.54233,Entire home/apt,2.0,1.0,1 bath,1.0,1.0,2.0,365.0,1.0,365.0,13.0,120.0,19.0,f,1.0,0.0
2013-06-01,"Bristol, United Kingdom",within a day,50%,100%,f,1.0,t,t,St George West,51.46188278020382,-2.542218255819704,Private room,2.0,1.0,1 bath,1.0,1.0,3.0,90.0,3.0,90.0,14.0,164.0,2.0,f,1.0,1.0
2024-12-15,,within an hour,100%,99%,f,27.0,t,t,Clifton Down,51.46498,-2.60852,Entire home/apt,8.0,1.0,1 bath,1.0,4.0,2.0,365.0,2.0,365.0,21.0,325.0,2.0,t,4.0,0.0
2015-03-07,"Bristol, United Kingdom",within an hour,100%,99%,t,1.0,t,t,Redland,51.4772,-2.59233,Entire home/apt,2.0,1.0,1 bath,1.0,1.0,1.0,730.0,1.0,1125.0,9.0,39.0,452.87,t,1.0,0.0
2019-09-18,"Bristol, United Kingdom",,,,f,1.0,t,t,Filwood,51.42584,-2.58523,Entire home/apt,4.0,1.0,1 bath,1.0,2.0,1.0,14.0,1.0,14.0,0.0,18.0,262.0,f,1.0,0.0
2016-03-31,"Bristol, United Kingdom",within an hour,100%,100%,f,210.0,t,t,Hotwells & Harbourside,51.449651,-2.6152811,Entire home/apt,2.0,1.0,1 bath,1.0,1.0,1.0,365.0,1.0,365.0,2.0,313.0,20.0,t,148.0,3.0
2012-05-22,,within an hour,100%,100%,f,2.0,t,t,Eastville,51.47322197298762,-2.552382507822858,Entire home/apt,4.0,4.0,4 baths,4.0,4.0,1.0,365.0,1.0,365.0,30.0,135.0,0.0,f,1.0,0.0
2015-07-29,"Barcelona, Spain",within a few hours,100%,100%,f,1.0,t,t,Easton,51.46628074277256,-2.557549957890654,Entire home/apt,2.0,1.0,1 bath,1.0,1.0,7.0,100.0,7.0,100.0,21.0,199.0,1.0,f,1.0,0.0
2012-07-16,"Bristol, United Kingdom",within an hour,100%,71%,t,1.0,t,t,Bishopston & Ashley Down,51.4791038,-2.5778953,Private room,2.0,0.5,Shared half-bath,1.0,1.0,1.0,7.0,1.0,7.0,20.0,75.0,37.0,f,1.0,1.0
2017-04-13,"Bristol, United Kingdom",within an hour,99%,97%,f,100.0,t,t,Lawrence Hill,51.4465,-2.57626,Entire home/apt,4.0,1.0,1 bath,1.0,3.0,1.0,1125.0,2.0,1125.0,26.0,356.0,14.0,f,67.0,0.0
2022-04-13,,within an hour,100%,97%,t,1.0,t,t,Clifton,51.45659,-2.61345,Entire home/apt,2.0,1.5,1.5 baths,1.0,0.0,2.0,365.0,2.0,1125.0,22.0,308.0,129.0,t,1.0,0.0
2022-12-19,,within an hour,100%,100%,f,1.0,t,t,Frome Vale,51.4819804566531,-2.537270547671537,Entire home/apt,6.0,1.5,1.5 baths,3.0,3.0,2.0,365.0,2.0,365.0,16.0,342.0,0.0,f,1.0,0.0
2019-04-30,"Long Compton, United Kingdom",within an hour,100%,100%,f,18.0,t,t,Central,51.45166,-2.59171,Entire home/apt,6.0,2.0,2 baths,3.0,4.0,2.0,365.0,2.0,1125.0,0.0,209.0,26.0,t,1.0,0.0
2012-09-12,"Bristol, United Kingdom",within a day,100%,0%,f,1.0,t,t,St George West,51.46317,-2.54547,Private room,2.0,1.5,1.5 baths,1.0,1.0,2.0,365.0,2.0,365.0,27.0,267.0,0.0,f,1.0,1.0
2016-04-03,"Bristol, United Kingdom",within an hour,80%,96%,f,6.0,t,t,Lockleaze,51.49487234740865,-2.56692424529422,Private room,2.0,1.5,1.5 shared baths,1.0,1.0,1.0,365.0,1.0,1125.0,30.0,365.0,0.0,f,5.0,5.0
2024-02-22,"Bristol, United Kingdom",within an hour,100%,96%,f,4.0,t,t,Brislington East,51.4538063583533,-2.540254034557332,Entire home/apt,5.0,1.5,1.5 baths,3.0,4.0,7.0,365.0,7.0,365.0,14.0,349.0,0.0,f,4.0,0.0
2016-05-27,"Bristol, United Kingdom",within an hour,100%,98%,t,1.0,t,t,Hartcliffe & Withywood,51.40898774863295,-2.6309124380350117,Entire home/apt,2.0,1.0,1 bath,1.0,1.0,1.0,365.0,1.0,365.0,5.0,181.0,144.0,f,1.0,0.0
2017-04-13,"Bristol, United Kingdom",within an hour,99%,97%,f,100.0,t,t,Central,51.45797197739417,-2.59657068374456,Entire home/apt,2.0,1.0,1 bath,1.0,1.0,1.0,365.0,1.0,365.0,27.0,362.0,4.0,t,67.0,0.0
2022-09-08,,within an hour,100%,99%,f,1.0,t,t,Clifton,51.4562,-2.62056,Entire home/apt,2.0,1.0,1 bath,1.0,1.0,2.0,1125.0,2.0,365.0,11.0,338.0,112.0,t,1.0,0.0
2014-07-30,"Bristol, United Kingdom",within an hour,100%,99%,f,4.0,t,t,Central,51.456004570607696,-2.5977509085983286,Entire home/apt,4.0,1.0,1 bath,1.0,2.0,2.0,365.0,2.0,1125.0,9.0,9.0,21.0,t,3.0,0.0
2022-04-04,"Bristol, United Kingdom",within an hour,100%,100%,f,19.0,t,t,Brislington West,51.43457,-2.55968,Entire home/apt,5.0,2.0,2 baths,2.0,3.0,2.0,365.0,1.0,365.0,28.0,41.0,13.0,t,14.0,0.0
2013-11-14,"Bristol, United Kingdom",within an hour,100%,82%,f,1.0,t,t,Clifton Down,51.460015208310445,-2.6150258551559413,Entire home/apt,2.0,1.0,1 bath,1.0,1.0,2.0,150.0,2.0,1125.0,0.0,27.0,29.0,t,1.0,0.0
2024-10-16,,within an hour,100%,100%,f,4.0,t,t,Central,51.459528192446456,-2.584139778642534,Entire home/apt,2.0,1.0,1 bath,1.0,1.0,2.0,365.0,2.0,365.0,0.0,7.0,0.0,t,4.0,0.0
2014-08-03,"Bristol, United Kingdom",within an hour,100%,91%,t,1.0,t,t,Southville,51.44079,-2.61165,Private room,2.0,1.5,1.5 baths,1.0,1.0,1.0,1125.0,1.0,1125.0,20.0,332.0,37.0,f,1.0,1.0
2016-08-19,"Bristol, United Kingdom",within an hour,100%,98%,f,2.0,t,t,Ashley,51.46131,-2.58539,Entire home/apt,2.0,1.5,1.5 baths,1.0,1.0,2.0,7.0,1.0,7.0,26.0,359.0,148.0,f,2.0,0.0
2017-04-13,"Bristol, United Kingdom",within an hour,99%,97%,f,100.0,t,t,Cotham,51.46351,-2.60291,Entire home/apt,6.0,2.0,2 baths,2.0,4.0,1.0,1125.0,1.0,1125.0,0.0,243.0,28.0,f,67.0,0.0
2019-12-11,"England, United Kingdom",within an hour,97%,96%,t,3.0,t,t,Brislington West,51.43733,-2.5527,Entire home/apt,6.0,1.5,1.5 baths,3.0,4.0,2.0,365.0,1.0,1125.0,11.0,134.0,102.0,t,2.0,0.0
2015-01-16,"Bristol, United Kingdom",within a few hours,100%,90%,f,1.0,t,t,Ashley,51.46703,-2.58228,Entire home/apt,2.0,1.5,1.5 baths,1.0,1.0,1.0,130.0,1.0,1125.0,7.0,11.0,73.0,f,1.0,0.0
2016-03-31,"Bristol, United Kingdom",within an hour,100%,100%,f,210.0,t,t,Easton,51.466076,-2.563031,Entire home/apt,4.0,1.0,1 bath,1.0,1.0,1.0,365.0,1.0,365.0,0.0,318.0,11.0,f,148.0,3.0
2023-06-13,,,,,f,1.0,t,t,Redland,51.4710822,-2.6059692,Entire home/apt,4.0,1.0,1 bath,2.0,2.0,2.0,31.0,2.0,31.0,23.0,358.0,0.0,f,1.0,0.0
2017-02-10,"Bristol, United Kingdom",,,100%,f,1.0,t,t,Southville,51.44614,-2.60512,Entire home/apt,4.0,1.0,1 bath,2.0,2.0,4.0,20.0,4.0,20.0,0.0,74.0,4.0,f,1.0,0.0
2022-05-12,,within a few hours,100%,68%,f,1.0,t,t,Redland,51.474056,-2.5950967,Private room,4.0,2.0,2 baths,2.0,2.0,3.0,365.0,3.0,365.0,12.0,313.0,9.0,f,1.0,1.0
2016-03-31,"Bristol, United Kingdom",within an hour,100%,100%,f,210.0,t,t,Central,51.4557,-2.59939,Entire home/apt,2.0,1.0,1 bath,0.0,1.0,1.0,365.0,1.0,365.0,18.0,292.0,79.0,f,148.0,3.0
2016-06-03,"Bristol, United Kingdom",within a few hours,100%,50%,t,1.0,t,t,Westbury-on-Trym & Henleaze,51.488,-2.61019,Private room,2.0,1.0,1 private bath,1.0,1.0,1.0,14.0,1.0,14.0,9.0,41.0,24.0,f,1.0,1.0
2013-06-27,"Bristol, United Kingdom",within a day,100%,70%,t,1.0,t,t,Lawrence Hill,51.45919,-2.57566,Private room,2.0,1.0,1 shared bath,1.0,1.0,4.0,150.0,1.0,150.0,7.0,120.0,275.0,f,1.0,1.0
2016-01-05,"Bristol, United Kingdom",within a few hours,92%,76%,t,2.0,t,f,Frome Vale,51.490413,-2.52,Private room,1.0,1.0,1 shared bath,1.0,1.0,1.0,1125.0,1.0,1125.0,12.0,346.0,57.0,f,2.0,2.0
2013-03-21,"Bristol, United Kingdom",within an hour,100%,99%,f,14.0,t,t,Horfield,51.493327,-2.5934029,Private room,2.0,0.5,Shared half-bath,1.0,1.0,28.0,365.0,28.0,365.0,0.0,323.0,1.0,t,11.0,7.0
2021-12-04,,,,,f,1.0,t,t,Eastville,51.47013,-2.55912,Private room,1.0,2.0,2 shared baths,2.0,1.0,30.0,365.0,30.0,365.0,30.0,365.0,1.0,t,1.0,1.0
2015-12-18,"Bristol, United Kingdom",within an hour,100%,97%,f,33.0,t,t,Cotham,51.465786,-2.599881,Entire home/apt,2.0,1.0,1 bath,1.0,1.0,30.0,300.0,7.0,300.0,16.0,76.0,37.0,t,26.0,0.0
2015-08-03,"Bath, United Kingdom",within an hour,100%,93%,f,1.0,t,t,Windmill Hill,51.43434367408484,-2.5869926065206528,Entire home/apt,4.0,1.0,1 bath,2.0,2.0,2.0,365.0,2.0,365.0,17.0,43.0,6.0,t,1.0,0.0
2015-01-13,"Bristol, United Kingdom",within a few hours,100%,89%,f,1.0,t,t,Eastville,51.47848195178405,-2.5403178110718727,Entire home/apt,4.0,1.0,1 bath,1.0,2.0,2.0,1125.0,2.0,1125.0,20.0,150.0,13.0,f,1.0,0.0
2023-08-03,"Bristol, United Kingdom",within an hour,100%,87%,,25.0,t,t,Lawrence Hill,51.46347410549668,-2.5721448152670083,Entire home/apt,9.0,2.0,2 baths,4.0,5.0,7.0,365.0,7.0,365.0,30.0,315.0,0.0,f,18.0,0.0
2015-10-12,"England, United Kingdom",within an hour,100%,98%,t,17.0,t,t,Easton,51.4572104,-2.5550405,Entire home/apt,5.0,1.0,1 bath,3.0,3.0,3.0,45.0,3.0,45.0,18.0,154.0,0.0,t,15.0,0.0
2014-10-24,"England, United Kingdom",within an hour,100%,97%,f,1.0,t,t,Clifton Down,51.46578518857228,-2.607533298432827,Entire home/apt,2.0,1.0,1 bath,1.0,1.0,2.0,365.0,2.0,365.0,12.0,72.0,5.0,f,1.0,0.0
2014-11-02,"Bristol, United Kingdom",within a day,100%,0%,f,1.0,t,t,Windmill Hill,51.44197,-2.57634,Private room,1.0,1.0,1 bath,1.0,1.0,1.0,7.0,1.0,7.0,0.0,47.0,0.0,f,1.0,1.0
2025-01-27,,within an hour,100%,71%,f,2.0,t,t,Eastville,51.46719,-2.53781,Private room,2.0,0.0,0 shared baths,1.0,1.0,1.0,365.0,1.0,365.0,29.0,364.0,0.0,f,2.0,2.0
2014-07-30,"Bristol, United Kingdom",within an hour,100%,99%,f,4.0,t,t,Central,51.45533,-2.59687,Entire home/apt,4.0,1.0,1 bath,1.0,1.0,2.0,365.0,2.0,1125.0,0.0,0.0,61.0,t,3.0,0.0
2016-01-18,"Bristol, United Kingdom",within an hour,100%,98%,t,1.0,t,t,Central,51.45107,-2.59368,Entire home/apt,10.0,3.5,3.5 baths,4.0,7.0,2.0,14.0,2.0,14.0,13.0,111.0,50.0,f,1.0,0.0
2023-08-30,,within an hour,100%,100%,f,1.0,t,t,Easton,51.4617079,-2.5564003,Entire home/apt,4.0,1.0,1 bath,2.0,3.0,1.0,365.0,1.0,365.0,24.0,137.0,5.0,t,1.0,0.0
2017-10-01,"Leeds, United Kingdom",within an hour,100%,100%,f,194.0,t,t,Hotwells & Harbourside,51.44702,-2.61904,Entire home/apt,12.0,2.0,2 baths,4.0,8.0,2.0,365.0,2.0,365.0,16.0,125.0,1.0,t,22.0,0.0
2014-11-06,"Bristol, United Kingdom",within an hour,100%,100%,f,1.0,t,t,Brislington East,51.4532,-2.54499,Entire home/apt,2.0,1.0,1 bath,0.0,1.0,4.0,1125.0,10.0,1125.0,19.0,32.0,148.0,t,1.0,0.0
2019-01-14,"Bristol, United Kingdom",within an hour,100%,100%,t,60.0,t,t,Clifton Down,51.46718,-2.60977,Entire home/apt,4.0,1.0,1 bath,2.0,3.0,2.0,1125.0,2.0,2.0,15.0,247.0,82.0,t,47.0,0.0
2016-03-31,"Bristol, United Kingdom",within an hour,100%,100%,f,210.0,t,t,Southville,51.44034194946289,-2.609283924102783,Entire home/apt,4.0,0.0,0 baths,2.0,2.0,1.0,365.0,1.0,1125.0,0.0,0.0,27.0,f,148.0,3.0
2017-04-13,"Bristol, United Kingdom",within an hour,99%,97%,f,100.0,t,t,Central,51.46058,-2.60281,Entire home/apt,2.0,1.0,1 bath,0.0,1.0,1.0,365.0,2.0,365.0,6.0,331.0,7.0,f,67.0,0.0
2014-09-08,"Bristol, United Kingdom",within a few hours,100%,86%,f,1.0,t,t,Windmill Hill,51.4398069952597,-2.592594064772129,Entire home/apt,4.0,2.0,2 baths,2.0,2.0,2.0,21.0,2.0,21.0,0.0,26.0,13.0,f,1.0,0.0
2016-08-24,"Bristol, United Kingdom",within an hour,100%,100%,f,3.0,t,t,Clifton,51.45494,-2.6231,Entire home/apt,4.0,1.0,1 bath,2.0,2.0,1.0,90.0,1.0,1125.0,14.0,81.0,143.0,t,2.0,0.0
2018-10-27,"Bristol, United Kingdom",,,,f,1.0,t,f,Stoke Bishop,51.48224,-2.64552,Private room,1.0,1.0,1 shared bath,1.0,1.0,2.0,4.0,2.0,4.0,30.0,90.0,6.0,f,1.0,1.0
2014-06-10,"Bristol, United Kingdom",within an hour,100%,100%,t,39.0,t,f,Hotwells & Harbourside,51.45112,-2.60665,Entire home/apt,4.0,2.0,2 baths,2.0,2.0,3.0,365.0,3.0,999.0,20.0,80.0,22.0,t,20.0,0.0
2016-03-31,"Bristol, United Kingdom",within an hour,100%,100%,f,210.0,t,t,Horfield,51.488222,-2.5851802,Entire home/apt,2.0,1.0,1 bath,0.0,1.0,1.0,365.0,1.0,365.0,19.0,345.0,7.0,t,148.0,3.0
2015-02-17,"Bristol, United Kingdom",within a day,100%,80%,f,1.0,t,t,Clifton Down,51.46524,-2.6126,Private room,1.0,1.5,1.5 baths,1.0,1.0,2.0,20.0,2.0,20.0,21.0,81.0,10.0,f,1.0,1.0
2019-03-03,"Bath, United Kingdom",within an hour,100%,100%,t,1.0,t,t,Horfield,51.49552,-2.5958,Entire home/apt,8.0,2.5,2.5 baths,3.0,4.0,2.0,365.0,2.0,999.0,0.0,87.0,14.0,t,1.0,0.0
2024-08-19,,within an hour,100%,99%,f,11.0,t,t,Hotwells & Harbourside,51.44863,-2.60398,Entire home/apt,2.0,1.0,1 bath,1.0,1.0,2.0,365.0,2.0,365.0,0.0,303.0,0.0,t,2.0,0.0
2023-08-03,"Bristol, United Kingdom",within an hour,100%,87%,,25.0,t,t,Central,51.4576905184963,-2.596078352031246,Entire home/apt,6.0,1.0,1 bath,2.0,3.0,7.0,365.0,7.0,365.0,30.0,315.0,0.0,f,18.0,0.0
2023-06-14,"London, United Kingdom",,,100%,f,210.0,t,t,Lawrence Hill,51.4554,-2.58009,Entire home/apt,2.0,1.0,1 bath,1.0,1.0,3.0,365.0,2.0,365.0,2.0,81.0,2.0,t,7.0,2.0
2013-04-30,"Bristol, United Kingdom",within an hour,100%,84%,t,4.0,t,t,Hengrove & Whitchurch Park,51.41832,-2.56257,Private room,1.0,1.0,1 shared bath,1.0,1.0,1.0,30.0,1.0,1125.0,29.0,179.0,66.0,t,4.0,4.0
2022-04-04,"Bristol, United Kingdom",within an hour,100%,100%,f,19.0,t,t,Southville,51.4445825,-2.5926517,Entire home/apt,2.0,1.0,1 bath,1.0,1.0,2.0,365.0,1.0,365.0,23.0,53.0,5.0,t,14.0,0.0
2016-07-04,"Bristol, United Kingdom",within an hour,100%,99%,t,8.0,t,t,Clifton Down,51.45869,-2.60971,Entire home/apt,2.0,1.5,1.5 baths,1.0,1.0,2.0,28.0,2.0,1125.0,18.0,290.0,63.0,t,7.0,0.0
2015-08-04,"Bristol, United Kingdom",within a few hours,100%,91%,t,2.0,t,t,St George Central,51.461978622151726,-2.523700596958929,Entire home/apt,12.0,2.0,2 baths,5.0,7.0,2.0,186.0,2.0,186.0,21.0,235.0,50.0,f,1.0,0.0
2017-12-30,"Bristol, United Kingdom",within an hour,100%,97%,t,27.0,t,t,Central,51.45307,-2.59657,Entire home/apt,2.0,1.0,1 bath,1.0,1.0,2.0,1125.0,1.0,1125.0,22.0,333.0,62.0,f,21.0,0.0
2017-06-12,"Manchester, United Kingdom",within an hour,100%,98%,f,8.0,t,t,St George Central,51.46472,-2.53683,Entire home/apt,5.0,1.0,1 bath,2.0,3.0,3.0,365.0,1.0,1125.0,13.0,247.0,41.0,t,3.0,0.0
2016-08-19,"Bristol, United Kingdom",within an hour,100%,98%,f,2.0,t,t,Ashley,51.46174,-2.58587,Entire home/apt,2.0,1.5,1.5 baths,0.0,1.0,2.0,1125.0,1.0,1125.0,11.0,335.0,128.0,f,2.0,0.0
2016-03-31,"Bristol, United Kingdom",within an hour,100%,100%,f,210.0,t,t,Clifton Down,51.46255,-2.61483,Private room,2.0,1.0,1 private bath,0.0,1.0,1.0,1125.0,1.0,1125.0,25.0,337.0,56.0,f,148.0,3.0
2023-04-05,,within an hour,100%,33%,t,2.0,t,f,Easton,51.45641,-2.55951,Private room,2.0,1.0,1 bath,1.0,1.0,20.0,1125.0,20.0,1125.0,17.0,158.0,5.0,f,2.0,1.0
2022-05-06,,within an hour,100%,97%,f,72.0,t,f,Central,51.45141,-2.59771,Entire home/apt,2.0,1.0,1 bath,1.0,1.0,2.0,180.0,2.0,1125.0,6.0,321.0,56.0,f,5.0,0.0
2017-04-13,"Bristol, United Kingdom",within an hour,99%,97%,f,100.0,t,t,Clifton Down,51.46756,-2.61257,Entire home/apt,4.0,1.0,1 bath,1.0,2.0,1.0,365.0,1.0,365.0,24.0,332.0,7.0,t,67.0,0.0
2014-08-28,"Bristol, United Kingdom",a few days or more,0%,,f,1.0,t,t,Redland,51.47267,-2.59441,Private room,2.0,1.0,1 bath,1.0,1.0,30.0,1125.0,30.0,1125.0,30.0,365.0,33.0,f,1.0,1.0
2013-10-06,"Bristol, United Kingdom",within a few hours,89%,92%,t,1.0,t,t,Clifton,51.45196,-2.62481,Entire home/apt,4.0,1.0,1 bath,2.0,3.0,4.0,365.0,4.0,365.0,0.0,273.0,26.0,f,1.0,0.0
2017-04-13,"Bristol, United Kingdom",within an hour,99%,97%,f,100.0,t,t,Central,51.46069022597495,-2.607797638090454,Entire home/apt,2.0,1.0,1 bath,1.0,1.0,1.0,365.0,2.0,365.0,23.0,352.0,15.0,t,67.0,0.0
2019-04-03,"England, United Kingdom",,,93%,f,2.0,t,f,Westbury-on-Trym & Henleaze,51.49016,-2.60368,Private room,1.0,1.5,1.5 baths,1.0,1.0,1.0,7.0,1.0,1125.0,29.0,89.0,24.0,t,2.0,2.0
2016-10-25,"Bristol, United Kingdom",within an hour,91%,99%,f,5.0,t,t,Ashley,51.46486,-2.58659,Entire home/apt,3.0,1.5,1.5 baths,1.0,1.0,1.0,1125.0,1.0,1125.0,14.0,27.0,119.0,f,5.0,2.0
2019-07-05,,,,33%,f,1.0,t,t,St George Central,51.46129,-2.52061,Entire home/apt,4.0,1.5,1.5 baths,2.0,5.0,2.0,30.0,2.0,30.0,28.0,88.0,8.0,f,1.0,0.0
2018-01-23,"England, United Kingdom",within a few hours,100%,83%,f,1.0,t,t,Bishopston & Ashley Down,51.48154,-2.58454,Entire home/apt,4.0,1.0,1 bath,1.0,2.0,2.0,360.0,2.0,360.0,28.0,166.0,40.0,f,1.0,0.0
2019-06-03,"Bristol, United Kingdom",within an hour,100%,95%,t,1.0,t,t,Clifton,51.45205,-2.61783,Entire home/apt,4.0,1.0,1 bath,1.0,2.0,3.0,30.0,3.0,30.0,11.0,17.0,150.0,f,1.0,0.0
2015-06-23,"Bristol, United Kingdom",within a day,100%,38%,f,1.0,t,t,Redland,51.47854,-2.60181,Entire home/apt,8.0,2.5,2.5 baths,5.0,5.0,5.0,21.0,1.0,21.0,0.0,27.0,9.0,f,1.0,0.0
2017-07-26,"Bristol, United Kingdom",within an hour,100%,46%,f,1.0,t,t,Eastville,51.4684,-2.54206,Private room,1.0,1.0,1 bath,1.0,1.0,3.0,10.0,3.0,10.0,30.0,90.0,10.0,f,1.0,1.0
2017-01-02,"Bristol, United Kingdom",a few days or more,0%,0%,f,2.0,t,t,Eastville,51.47785,-2.53993,Private room,2.0,1.0,1 private bath,1.0,1.0,2.0,1125.0,2.0,1125.0,30.0,270.0,37.0,f,2.0,1.0
2017-02-10,"Saltburn-by-the-Sea, United Kingdom",within an hour,100%,100%,f,210.0,t,t,Lockleaze,51.49111,-2.56339,Entire home/apt,8.0,1.0,1 bath,4.0,6.0,3.0,28.0,2.0,1125.0,25.0,357.0,0.0,t,2.0,0.0
2019-04-10,,within an hour,95%,100%,f,6.0,t,t,Clifton Down,51.45847,-2.611,Private room,2.0,1.0,1 private bath,1.0,1.0,1.0,1125.0,1.0,1125.0,23.0,353.0,74.0,t,6.0,6.0
2015-08-05,"Bristol, United Kingdom",within an hour,100%,86%,t,1.0,t,t,Redland,51.47371156888308,-2.598336338996887,Entire home/apt,6.0,2.0,2 baths,3.0,4.0,2.0,365.0,2.0,365.0,23.0,162.0,15.0,f,1.0,0.0
2023-12-11,"Bristol, United Kingdom",within an hour,100%,100%,t,3.0,t,t,Lawrence Hill,51.4569762,-2.5784033,Entire home/apt,6.0,1.5,1.5 baths,1.0,5.0,1.0,1125.0,1.0,1125.0,8.0,263.0,95.0,t,3.0,0.0
2015-10-31,"Bristol, United Kingdom",,,67%,f,1.0,t,t,St George West,51.46037,-2.54778,Entire home/apt,2.0,1.0,1 bath,1.0,1.0,28.0,90.0,28.0,90.0,0.0,43.0,14.0,f,1.0,0.0
2016-10-22,"Bristol, United Kingdom",within an hour,100%,92%,t,1.0,t,t,Southville,51.44133,-2.60616,Entire home/apt,6.0,1.0,1 bath,3.0,4.0,2.0,10.0,2.0,10.0,4.0,34.0,32.0,f,1.0,0.0
2022-04-04,"Bristol, United Kingdom",within an hour,100%,100%,f,19.0,t,t,Ashley,51.4638143,-2.5846328,Entire home/apt,2.0,1.0,1 bath,1.0,1.0,2.0,365.0,2.0,365.0,4.0,240.0,16.0,t,14.0,0.0
2024-02-22,,within an hour,100%,100%,t,3.0,f,t,Lawrence Hill,51.4526798,-2.5761442,Entire home/apt,6.0,1.5,1.5 baths,2.0,3.0,1.0,365.0,1.0,365.0,7.0,283.0,34.0,t,3.0,0.0
2021-12-01,,within an hour,99%,97%,f,46.0,t,t,Clifton Down,51.45883,-2.6089,Entire home/apt,2.0,1.0,1 bath,0.0,1.0,1.0,365.0,1.0,999.0,28.0,355.0,8.0,f,30.0,0.0
2016-04-14,,within a day,100%,0%,f,1.0,t,f,Clifton,51.45277,-2.62063,Entire home/apt,6.0,2.0,2 baths,3.0,4.0,4.0,18.0,4.0,18.0,27.0,267.0,0.0,f,1.0,0.0
2014-06-10,"Bristol, United Kingdom",within an hour,100%,100%,t,39.0,t,f,Stockwood,51.41863,-2.54123,Entire home/apt,8.0,2.0,2 baths,4.0,5.0,3.0,999.0,3.0,90.0,7.0,64.0,7.0,t,20.0,0.0
2015-12-07,"Bristol, United Kingdom",within an hour,100%,99%,t,3.0,t,t,Horfield,51.49048146378148,-2.584884725511074,Private room,1.0,1.5,1.5 shared baths,1.0,1.0,2.0,30.0,1.0,30.0,15.0,149.0,130.0,t,2.0,1.0
2014-07-02,,within an hour,100%,98%,f,3.0,t,t,Southville,51.44644,-2.60623,Entire home/apt,8.0,2.0,2 baths,4.0,4.0,7.0,31.0,7.0,31.0,1.0,151.0,43.0,f,1.0,0.0
2017-04-13,"Bristol, United Kingdom",within an hour,99%,97%,f,100.0,t,t,Central,51.45942275358996,-2.607604194551743,Entire home/apt,2.0,1.0,1 bath,1.0,1.0,1.0,365.0,2.0,365.0,22.0,346.0,9.0,t,67.0,0.0
2017-04-13,"Bristol, United Kingdom",within an hour,99%,97%,f,100.0,t,t,Central,51.44689386377298,-2.5995097597151045,Entire home/apt,4.0,1.0,1 bath,1.0,2.0,1.0,365.0,1.0,365.0,13.0,255.0,1.0,f,67.0,0.0
2013-10-16,"Bristol, United Kingdom",within a day,100%,77%,t,2.0,t,t,Windmill Hill,51.44103,-2.59149,Entire home/apt,6.0,1.0,1 bath,3.0,4.0,2.0,1125.0,2.0,1125.0,8.0,66.0,66.0,f,1.0,0.0
2022-01-08,"Bristol, United Kingdom",within an hour,100%,95%,t,20.0,t,t,Southmead,51.5,-2.6031748,Entire home/apt,6.0,2.0,2 baths,4.0,5.0,14.0,999.0,2.0,999.0,23.0,358.0,1.0,t,13.0,0.0
2013-01-10,"Bristol, United Kingdom",,,0%,f,1.0,t,t,Redland,51.47085,-2.59363,Entire home/apt,1.0,2.0,2 baths,1.0,1.0,1.0,365.0,1.0,365.0,29.0,269.0,0.0,f,1.0,0.0
2021-06-27,"England, United Kingdom",within a few hours,100%,100%,f,2.0,f,f,Henbury & Brentry,51.5,-2.62186,Entire home/apt,1.0,1.0,1 bath,1.0,1.0,3.0,365.0,3.0,365.0,0.0,230.0,24.0,f,2.0,1.0
2023-04-17,"Bristol, United Kingdom",within an hour,100%,100%,f,1.0,t,t,Ashley,51.4633756,-2.5842597,Entire home/apt,8.0,1.0,1 bath,2.0,6.0,1.0,1125.0,1.0,1125.0,10.0,11.0,159.0,t,1.0,0.0
2015-10-12,"England, United Kingdom",within an hour,100%,98%,t,17.0,t,t,Lockleaze,51.49022,-2.57717,Entire home/apt,8.0,1.0,1 bath,4.0,4.0,3.0,45.0,1.0,45.0,0.0,117.0,7.0,f,15.0,0.0
2017-04-13,"Bristol, United Kingdom",within an hour,99%,97%,f,100.0,t,t,Brislington West,51.44084,-2.55956,Entire home/apt,4.0,1.0,1 bath,1.0,3.0,1.0,1125.0,1.0,1125.0,27.0,362.0,47.0,f,67.0,0.0
2011-09-12,"Bristol, United Kingdom",,,,f,1.0,t,t,Redland,51.48039,-2.59567,Entire home/apt,8.0,2.0,2 baths,4.0,5.0,7.0,14.0,7.0,14.0,0.0,135.0,2.0,f,1.0,0.0
2017-10-11,,within an hour,100%,96%,f,39.0,t,t,Cotham,51.4643,-2.59808,Entire home/apt,4.0,1.0,1 bath,2.0,2.0,15.0,365.0,15.0,365.0,24.0,359.0,2.0,f,25.0,0.0
2015-06-23,"England, United Kingdom",within a day,100%,100%,f,1.0,t,t,Bishopston & Ashley Down,51.48288,-2.58859,Entire home/apt,4.0,2.0,2 baths,2.0,2.0,2.0,365.0,2.0,365.0,4.0,24.0,3.0,f,1.0,0.0
2012-03-08,"Bristol, United Kingdom",within an hour,100%,100%,t,4.0,t,t,Clifton Down,51.45965,-2.60998,Private room,2.0,1.0,1 private bath,1.0,1.0,1.0,365.0,1.0,365.0,0.0,87.0,63.0,f,1.0,1.0
2015-10-19,"Bristol, United Kingdom",within an hour,100%,90%,t,2.0,t,t,Easton,51.46784,-2.55824,Private room,2.0,1.0,1 shared bath,1.0,2.0,1.0,365.0,1.0,365.0,25.0,85.0,145.0,f,2.0,2.0
2023-04-06,,within a day,100%,,f,1.0,f,t,Bishopston & Ashley Down,51.47561,-2.57917,Private room,2.0,0.5,Private half-bath,1.0,1.0,1.0,365.0,1.0,365.0,30.0,365.0,0.0,f,1.0,1.0
2021-10-18,"Bristol, United Kingdom",within a day,75%,40%,f,7.0,t,t,Ashley,51.47073,-2.585,Private room,2.0,1.0,1 shared bath,1.0,1.0,7.0,365.0,7.0,365.0,30.0,365.0,20.0,f,7.0,7.0
2014-06-10,"Bristol, United Kingdom",within an hour,100%,100%,t,39.0,t,f,Hengrove & Whitchurch Park,51.42459378482527,-2.571151324623969,Entire home/apt,5.0,1.0,1 bath,3.0,3.0,3.0,365.0,3.0,999.0,28.0,85.0,0.0,t,20.0,0.0
2021-12-01,,within an hour,99%,97%,f,46.0,t,t,Clifton Down,51.45895,-2.60899,Entire home/apt,4.0,1.0,1 bath,0.0,2.0,1.0,365.0,1.0,999.0,27.0,360.0,97.0,f,30.0,0.0
2021-05-24,"Bristol, United Kingdom",,,88%,t,1.0,t,t,St George Central,51.46018570978765,-2.532441511656325,Private room,1.0,1.0,1 shared bath,1.0,1.0,1.0,365.0,1.0,365.0,30.0,365.0,0.0,f,1.0,1.0
2023-03-25,"Chippenham, United Kingdom",within an hour,100%,99%,f,11.0,t,t,Lawrence Hill,51.46585,-2.56743,Entire home/apt,4.0,1.0,1 bath,2.0,4.0,2.0,365.0,2.0,365.0,2.0,294.0,16.0,t,2.0,0.0
2013-05-08,"Bristol, United Kingdom",within a few hours,100%,100%,f,1.0,t,t,Clifton,51.45040854995515,-2.611163457672117,Entire home/apt,6.0,2.0,2 baths,3.0,3.0,2.0,28.0,2.0,28.0,6.0,134.0,0.0,f,1.0,0.0
2016-07-06,"Bristol, United Kingdom",within a few hours,100%,69%,t,2.0,t,t,Stoke Bishop,51.48582,-2.65034,Private room,1.0,1.0,1 shared bath,1.0,1.0,2.0,14.0,2.0,14.0,29.0,269.0,23.0,f,2.0,2.0
2021-12-01,,within an hour,99%,97%,f,46.0,t,t,Hotwells & Harbourside,51.4544,-2.6065,Entire home/apt,2.0,1.0,1 bath,1.0,1.0,1.0,365.0,2.0,999.0,30.0,353.0,10.0,f,30.0,0.0
2016-03-31,"Bristol, United Kingdom",within an hour,100%,100%,f,210.0,t,t,Central,51.4539596,-2.6000161,Entire home/apt,2.0,1.0,1 bath,0.0,1.0,1.0,365.0,1.0,365.0,0.0,245.0,21.0,t,148.0,3.0
2010-09-01,"England, United Kingdom",within a day,100%,81%,t,1.0,t,t,St George West,51.46189,-2.54464,Entire home/apt,2.0,1.0,1 bath,1.0,1.0,2.0,1125.0,2.0,1125.0,4.0,15.0,35.0,f,1.0,0.0
2016-02-21,"Bristol, United Kingdom",,,100%,f,1.0,t,t,Horfield,51.49215732001757,-2.591594768786629,Entire home/apt,5.0,1.0,1 bath,3.0,3.0,14.0,120.0,14.0,120.0,0.0,105.0,5.0,f,1.0,0.0
2016-06-13,"Bristol, United Kingdom",within a few hours,100%,0%,f,1.0,t,t,Lawrence Hill,51.45590265043076,-2.564296424388885,Private room,2.0,1.0,1 shared bath,1.0,1.0,1.0,365.0,1.0,365.0,0.0,235.0,11.0,f,1.0,1.0
2019-08-19,,within an hour,100%,100%,t,5.0,t,t,Central,51.45344924926758,-2.592478036880493,Entire home/apt,2.0,1.0,1 bath,1.0,1.0,7.0,200.0,2.0,999.0,11.0,207.0,413.0,t,5.0,0.0
2017-04-13,"Bristol, United Kingdom",within an hour,99%,97%,f,100.0,t,t,Brislington West,51.44108,-2.56097,Hotel room,4.0,1.0,1 bath,1.0,3.0,1.0,1125.0,1.0,1125.0,27.0,362.0,29.0,f,67.0,0.0
2021-04-26,,within an hour,100%,74%,t,1.0,t,t,Windmill Hill,51.44099,-2.5799,Private room,1.0,1.0,1 private bath,1.0,1.0,2.0,14.0,2.0,14.0,0.0,50.0,12.0,f,1.0,1.0
2021-07-03,"Cheltenham, United Kingdom",within an hour,83%,100%,f,15.0,t,t,Ashley,51.46010884706652,-2.585404289997988,Entire home/apt,4.0,1.0,1 bath,2.0,2.0,2.0,30.0,2.0,1125.0,19.0,320.0,32.0,t,15.0,0.0
2016-03-31,"Bristol, United Kingdom",within an hour,100%,100%,f,210.0,t,t,Central,51.4579487,-2.5989483,Entire home/apt,4.0,1.0,1 bath,2.0,2.0,1.0,365.0,1.0,365.0,18.0,329.0,0.0,t,148.0,3.0
2015-06-25,"Bristol, United Kingdom",within a few hours,100%,74%,f,2.0,t,t,Redland,51.47971,-2.58949,Private room,2.0,1.0,1 shared bath,1.0,1.0,2.0,30.0,2.0,30.0,21.0,348.0,1.0,f,2.0,1.0
2014-10-26,"Bristol, United Kingdom",within a day,100%,59%,t,1.0,t,t,Clifton Down,51.46115,-2.61157,Entire home/apt,2.0,1.0,1 bath,0.0,2.0,3.0,60.0,3.0,60.0,5.0,236.0,164.0,f,1.0,0.0
2012-04-09,"Bristol, United Kingdom",within a few hours,100%,100%,t,2.0,t,t,Redland,51.4738,-2.60615,Entire home/apt,5.0,2.0,2 baths,3.0,5.0,2.0,28.0,2.0,28.0,6.0,247.0,452.87,f,2.0,0.0
2017-06-02,"Frampton Cotterell, United Kingdom",within an hour,100%,99%,f,52.0,t,t,Frome Vale,51.4859878,-2.52,Entire home/apt,3.0,1.0,1 bath,0.0,2.0,2.0,365.0,1.0,365.0,24.0,351.0,55.0,t,4.0,0.0
2015-03-28,"Bristol, United Kingdom",,,50%,f,1.0,t,t,Westbury-on-Trym & Henleaze,51.49025,-2.6039,Entire home/apt,2.0,1.0,1 bath,1.0,1.0,4.0,1125.0,4.0,1125.0,12.0,242.0,11.0,f,1.0,0.0
2018-07-13,,within an hour,100%,100%,f,4.0,t,t,Clifton Down,51.46466,-2.61723,Entire home/apt,4.0,1.0,1 bath,2.0,2.0,1.0,1125.0,2.0,1125.0,22.0,294.0,37.0,t,4.0,0.0
2012-08-15,"Bristol, United Kingdom",within a few hours,100%,97%,t,2.0,t,t,Southville,51.44376,-2.59732,Entire home/apt,2.0,1.5,1.5 baths,1.0,0.0,1.0,1125.0,3.0,1125.0,14.0,320.0,80.0,f,2.0,0.0
2018-01-16,"Bristol, United Kingdom",a few days or more,0%,40%,f,6.0,t,t,Horfield,51.49092,-2.58538,Private room,1.0,1.0,1 bath,1.0,1.0,7.0,365.0,7.0,365.0,27.0,362.0,0.0,f,6.0,6.0
2019-06-01,"Bristol, United Kingdom",,,100%,f,1.0,t,t,Lockleaze,51.48589,-2.56741,Entire home/apt,1.0,1.0,1 bath,1.0,1.0,1.0,1125.0,1.0,1125.0,0.0,137.0,176.0,t,1.0,0.0
2014-11-15,"Bristol, United Kingdom",within a few hours,100%,88%,t,1.0,t,t,Brislington West,51.44414,-2.56624,Private room,2.0,1.5,1.5 baths,1.0,1.0,1.0,3.0,1.0,3.0,28.0,359.0,265.0,f,1.0,1.0
2015-11-05,"England, United Kingdom",within an hour,100%,98%,t,193.0,t,t,Southville,51.44554,-2.60951,Entire home/apt,6.0,1.5,1.5 baths,3.0,4.0,3.0,150.0,2.0,150.0,18.0,318.0,25.0,t,4.0,0.0
2014-03-02,"Bristol, United Kingdom",,,,f,1.0,t,t,Frome Vale,51.48233,-2.5261,Entire home/apt,7.0,1.5,1.5 baths,4.0,7.0,7.0,7.0,7.0,7.0,23.0,263.0,0.0,f,1.0,0.0
2021-07-03,"Cheltenham, United Kingdom",within an hour,83%,100%,f,15.0,t,t,Hotwells & Harbourside,51.451324,-2.607754,Entire home/apt,2.0,1.0,1 bath,1.0,1.0,2.0,28.0,2.0,1125.0,30.0,338.0,31.0,t,15.0,0.0
2016-05-27,"Bristol, United Kingdom",within an hour,100%,,f,1.0,t,f,Brislington West,51.44683587988226,-2.55262738877934,Entire home/apt,3.0,2.0,2 baths,3.0,3.0,30.0,30.0,30.0,30.0,30.0,365.0,0.0,t,1.0,0.0
2016-01-25,"Bristol, United Kingdom",,,100%,f,1.0,t,t,St George Central,51.46195,-2.53167,Entire home/apt,2.0,1.0,1 bath,1.0,1.0,2.0,7.0,2.0,7.0,3.0,3.0,5.0,f,1.0,0.0
2015-11-05,"England, United Kingdom",within an hour,100%,98%,t,193.0,t,t,Clifton,51.4558,-2.61431,Entire home/apt,2.0,1.0,1 bath,1.0,1.0,3.0,150.0,3.0,150.0,12.0,72.0,120.0,f,4.0,0.0
2016-08-18,"England, United Kingdom",within an hour,100%,97%,f,7.0,t,t,Bishopston & Ashley Down,51.48045,-2.57991,Entire home/apt,4.0,1.0,1 bath,1.0,2.0,7.0,1125.0,7.0,1125.0,0.0,130.0,10.0,t,3.0,0.0
2013-07-20,"England, United Kingdom",within an hour,100%,59%,t,2.0,t,t,Hotwells & Harbourside,51.44716,-2.6039,Private room,2.0,1.5,1.5 baths,1.0,1.0,2.0,30.0,2.0,30.0,28.0,354.0,380.0,f,2.0,1.0
2014-06-10,"Bristol, United Kingdom",within an hour,100%,100%,t,39.0,t,f,Bishopston & Ashley Down,51.47384,-2.58565,Entire home/apt,2.0,1.0,1 bath,1.0,1.0,2.0,1125.0,3.0,99.0,30.0,87.0,65.0,t,20.0,0.0
2022-01-25,,within a few hours,100%,86%,t,1.0,t,t,Frome Vale,51.483142,-2.5394086,Entire home/apt,4.0,1.0,1 bath,2.0,2.0,1.0,62.0,1.0,62.0,12.0,136.0,159.0,f,1.0,0.0
2024-05-11,"Newcastle upon Tyne, United Kingdom",,,,f,1.0,t,t,Central,51.45165,-2.59271,Entire home/apt,6.0,3.0,3 baths,2.0,2.0,1.0,50.0,1.0,50.0,23.0,141.0,452.87,f,1.0,0.0
2016-09-09,"Bristol, United Kingdom",within an hour,100%,97%,t,1.0,t,t,Brislington East,51.43598,-2.55157,Entire home/apt,5.0,1.5,1.5 baths,3.0,3.0,2.0,7.0,2.0,1125.0,2.0,49.0,145.0,f,1.0,0.0
2018-09-10,"England, United Kingdom",within an hour,100%,100%,f,3.0,t,t,Frome Vale,51.4800754,-2.5299521,Entire home/apt,2.0,1.0,1 bath,1.0,1.0,2.0,1125.0,2.0,1125.0,28.0,333.0,14.0,t,3.0,0.0
2018-10-29,"Bristol, United Kingdom",,,42%,t,1.0,t,t,Hengrove & Whitchurch Park,51.42016,-2.57484,Private room,1.0,0.0,0 shared baths,2.0,1.0,1.0,365.0,1.0,365.0,7.0,7.0,15.0,f,1.0,1.0
2013-03-31,"England, United Kingdom",within an hour,100%,82%,f,1.0,t,t,Redland,51.47721,-2.59551,Entire home/apt,4.0,1.0,1 bath,1.0,2.0,2.0,35.0,2.0,35.0,26.0,352.0,95.0,f,1.0,0.0
2023-06-19,"London, United Kingdom",within an hour,100%,92%,f,7.0,t,t,Windmill Hill,51.4402819,-2.5785965,Entire home/apt,3.0,1.0,1 bath,1.0,1.0,1.0,365.0,2.0,1125.0,26.0,60.0,5.0,t,4.0,0.0
2022-06-30,,within an hour,100%,100%,f,54.0,t,t,St George West,51.46056,-2.54662,Entire home/apt,4.0,1.0,1 bath,1.0,1.0,1.0,365.0,1.0,1.0,0.0,86.0,0.0,t,32.0,0.0
2015-02-06,"Bristol, United Kingdom",within a few hours,100%,78%,t,4.0,t,t,Knowle,51.43706,-2.56367,Entire home/apt,8.0,1.5,1.5 baths,3.0,2.0,2.0,365.0,2.0,365.0,18.0,105.0,0.0,f,4.0,3.0
2013-05-18,"Bristol, United Kingdom",within a few hours,90%,47%,f,2.0,t,t,Knowle,51.43868,-2.56715,Private room,1.0,1.0,1 shared bath,1.0,1.0,2.0,90.0,2.0,90.0,30.0,274.0,68.0,f,2.0,2.0
2015-11-17,United Kingdom,within a few hours,100%,42%,f,3.0,t,t,Brislington West,51.43553,-2.5535,Private room,1.0,1.5,1.5 shared baths,1.0,1.0,2.0,365.0,2.0,365.0,30.0,365.0,13.0,f,3.0,3.0
2016-01-07,"Bristol, United Kingdom",,,,f,1.0,t,t,Windmill Hill,51.44077,-2.5825,Entire home/apt,2.0,1.0,1 bath,1.0,1.0,10.0,28.0,10.0,1125.0,29.0,364.0,269.0,f,1.0,0.0
2016-03-31,"Bristol, United Kingdom",within an hour,100%,100%,f,210.0,t,t,Cotham,51.4639663,-2.6023948,Entire home/apt,4.0,2.0,2 baths,2.0,2.0,2.0,365.0,1.0,1125.0,10.0,282.0,65.0,t,148.0,3.0
2018-03-31,"Bristol, United Kingdom",within an hour,100%,100%,t,1.0,t,t,St George Troopers Hill,51.45461,-2.5289,Entire home/apt,4.0,2.0,2 baths,2.0,2.0,4.0,90.0,5.0,90.0,12.0,15.0,10.0,f,1.0,0.0
2015-09-27,"Bristol, United Kingdom",within an hour,100%,100%,t,1.0,t,t,Cotham,51.46609,-2.60554,Private room,1.0,1.0,1 shared bath,1.0,1.0,2.0,15.0,1.0,1125.0,19.0,158.0,204.0,t,1.0,1.0
2021-07-11,,,,,f,1.0,f,f,Stockwood,51.41379,-2.55816,Private room,1.0,1.0,1 private bath,1.0,1.0,1.0,15.0,1.0,15.0,30.0,365.0,63.0,f,1.0,1.0
2013-01-25,"Bristol, United Kingdom",,,100%,f,1.0,t,t,Bishopston & Ashley Down,51.47592,-2.58446,Entire home/apt,6.0,2.5,2.5 baths,3.0,3.0,3.0,730.0,3.0,730.0,12.0,22.0,31.0,f,1.0,0.0
2020-03-13,"Bristol, United Kingdom",within an hour,100%,93%,t,1.0,t,t,Brislington East,51.4394487,-2.5493124,Entire home/apt,10.0,2.0,2 baths,5.0,6.0,1.0,1125.0,1.0,1125.0,12.0,277.0,62.0,f,1.0,0.0
2016-10-03,"Bristol, United Kingdom",within an hour,100%,96%,t,1.0,t,t,Cotham,51.46832,-2.5942,Entire home/apt,4.0,1.0,1 bath,2.0,2.0,3.0,730.0,3.0,730.0,11.0,248.0,86.0,f,1.0,0.0
2022-01-08,"Bristol, United Kingdom",within an hour,100%,95%,t,20.0,t,t,Cotham,51.46413,-2.59548,Entire home/apt,4.0,1.0,1 bath,2.0,2.0,4.0,365.0,2.0,999.0,12.0,162.0,2.0,t,13.0,0.0
2016-11-05,"Bristol, United Kingdom",within a few hours,100%,99%,t,1.0,t,t,Southville,51.440566666802894,-2.599949017167092,Entire home/apt,2.0,1.0,1 bath,1.0,1.0,2.0,365.0,1.0,365.0,6.0,143.0,38.0,f,1.0,0.0
2019-01-14,"Bristol, United Kingdom",within an hour,100%,100%,t,60.0,t,t,Bishopsworth,51.43256,-2.60751,Entire home/apt,8.0,2.0,2 baths,4.0,4.0,2.0,1125.0,2.0,2.0,24.0,336.0,103.0,t,47.0,0.0
2016-03-31,"Bristol, United Kingdom",within an hour,100%,100%,f,210.0,t,t,Central,51.4532955,-2.5966296,Entire home/apt,2.0,1.0,1 bath,1.0,1.0,1.0,365.0,1.0,1125.0,0.0,260.0,9.0,t,148.0,3.0
2021-07-13,,within an hour,100%,100%,f,1.0,t,t,Stoke Bishop,51.48574,-2.64497,Entire home/apt,5.0,2.0,2 baths,2.0,3.0,2.0,365.0,2.0,365.0,0.0,262.0,2.0,t,1.0,0.0
2017-02-19,"Bristol, United Kingdom",within a few hours,100%,50%,f,1.0,t,t,Cotham,51.4678431,-2.5920382,Entire home/apt,4.0,1.0,1 bath,2.0,2.0,2.0,28.0,2.0,28.0,0.0,45.0,0.0,f,1.0,0.0
2019-06-25,"Bristol, United Kingdom",within a few hours,100%,100%,f,1.0,t,t,Central,51.44582,-2.59804,Entire home/apt,4.0,2.0,2 baths,2.0,2.0,2.0,31.0,2.0,31.0,18.0,59.0,5.0,f,1.0,0.0
2014-02-27,"Bristol, United Kingdom",within an hour,100%,97%,f,1.0,t,t,Lawrence Hill,51.4560705,-2.5793181,Entire home/apt,6.0,1.0,1 bath,3.0,4.0,2.0,60.0,2.0,60.0,12.0,272.0,15.0,f,1.0,0.0
2015-03-13,"Stroud, United Kingdom",within an hour,100%,100%,t,4.0,t,t,Easton,51.46337035166566,-2.563805957171948,Private room,2.0,1.5,1.5 shared baths,1.0,2.0,6.0,1125.0,6.0,1125.0,30.0,90.0,72.0,f,4.0,4.0
2014-03-06,"London, United Kingdom",within a few hours,100%,95%,t,2.0,t,t,Clifton Down,51.46270047721888,-2.607627175748348,Entire home/apt,2.0,1.0,1 bath,1.0,1.0,2.0,365.0,2.0,365.0,21.0,239.0,19.0,f,1.0,0.0
2014-06-10,"Bristol, United Kingdom",within an hour,100%,100%,t,39.0,t,f,Horfield,51.49608008156984,-2.589273358756205,Entire home/apt,7.0,3.0,3 baths,4.0,5.0,3.0,365.0,3.0,999.0,21.0,81.0,0.0,t,20.0,0.0
2013-05-10,"Bristol, United Kingdom",within an hour,100%,46%,f,1.0,t,t,Redland,51.48046,-2.602,Entire home/apt,1.0,1.0,1 bath,1.0,3.0,4.0,250.0,4.0,250.0,20.0,170.0,37.0,f,1.0,0.0
2014-02-04,"Bristol, United Kingdom",,,,f,1.0,t,t,Bedminster,51.43540832619953,-2.612801842034974,Entire home/apt,6.0,2.0,2 baths,3.0,3.0,7.0,365.0,7.0,365.0,0.0,52.0,0.0,f,1.0,0.0
2024-06-23,"Bristol, United Kingdom",within an hour,100%,100%,f,1.0,t,t,Brislington West,51.44602,-2.5464,Entire home/apt,2.0,1.0,1 bath,1.0,2.0,5.0,730.0,2.0,999.0,28.0,178.0,3.0,t,1.0,0.0
2014-08-23,"Bristol, United Kingdom",within an hour,100%,100%,t,1.0,t,t,Clifton Down,51.46903,-2.61884,Entire home/apt,4.0,1.0,1 bath,2.0,2.0,3.0,90.0,3.0,90.0,9.0,46.0,260.0,t,1.0,0.0
2020-06-28,"Bristol, United Kingdom",,,18%,f,1.0,t,f,Hengrove & Whitchurch Park,51.40418,-2.57955,Entire home/apt,2.0,1.5,1.5 baths,1.0,1.0,1.0,365.0,1.0,365.0,30.0,365.0,4.0,f,1.0,0.0
2016-03-31,"Bristol, United Kingdom",within an hour,100%,100%,f,210.0,t,t,Southville,51.4456034,-2.6139479,Entire home/apt,2.0,1.0,1 bath,1.0,1.0,1.0,131.0,1.0,1125.0,7.0,177.0,1.0,t,148.0,3.0
2015-05-19,"England, United Kingdom",within an hour,100%,100%,t,1.0,t,t,Clifton,51.457269981148784,-2.618069015443325,Entire home/apt,4.0,1.0,1 bath,2.0,2.0,2.0,42.0,2.0,1125.0,16.0,109.0,319.0,f,1.0,0.0
2016-07-27,"Bristol, United Kingdom",within a day,100%,64%,t,2.0,t,t,Cotham,51.46567355299271,-2.5936931232962537,Entire home/apt,8.0,2.0,2 baths,4.0,4.0,3.0,29.0,3.0,29.0,11.0,49.0,0.0,f,1.0,0.0
2014-08-27,"Bristol, United Kingdom",within an hour,100%,97%,t,1.0,t,t,Clifton Down,51.46993,-2.61109,Private room,2.0,0.0,0 shared baths,1.0,1.0,1.0,7.0,1.0,1125.0,24.0,82.0,163.0,t,1.0,1.0
2015-03-13,"Stroud, United Kingdom",within an hour,100%,100%,t,4.0,t,t,Easton,51.4623140583691,-2.5624069067451853,Private room,2.0,1.0,1 shared bath,1.0,1.0,6.0,1125.0,6.0,1125.0,16.0,76.0,47.0,f,4.0,4.0
2021-01-21,,within an hour,100%,100%,f,3.0,t,t,Hotwells & Harbourside,51.4469478,-2.6034211,Entire home/apt,2.0,1.5,1.5 baths,1.0,2.0,2.0,365.0,2.0,365.0,23.0,263.0,2.0,f,2.0,0.0
2017-01-14,"Oldbury Naite, United Kingdom",within an hour,100%,100%,t,1.0,t,t,Windmill Hill,51.4386029882769,-2.595774494111538,Entire home/apt,9.0,3.0,3 baths,5.0,5.0,3.0,365.0,3.0,365.0,18.0,88.0,31.0,f,1.0,0.0
2016-02-11,"England, United Kingdom",within a day,50%,70%,f,1.0,t,f,Bedminster,51.43519,-2.60958,Entire home/apt,4.0,1.0,1 bath,2.0,2.0,2.0,1125.0,2.0,1125.0,11.0,69.0,22.0,f,1.0,0.0
2024-11-22,,within an hour,100%,100%,f,1.0,t,t,Stoke Bishop,51.481020006744615,-2.634803112795458,Entire home/apt,4.0,1.5,1.5 baths,2.0,2.0,2.0,1125.0,2.0,365.0,0.0,316.0,5.0,t,1.0,0.0
2021-06-28,"Bristol, United Kingdom",within an hour,100%,98%,f,2.0,t,t,Southville,51.44376,-2.60457,Entire home/apt,4.0,1.0,1 bath,2.0,2.0,2.0,1125.0,1.0,365.0,3.0,3.0,78.0,t,2.0,0.0
2016-07-04,"Bristol, United Kingdom",within an hour,100%,99%,t,8.0,t,t,Clifton Down,51.46443,-2.61578,Entire home/apt,5.0,1.0,1 bath,2.0,2.0,2.0,28.0,2.0,1125.0,16.0,271.0,44.0,f,7.0,0.0
2016-06-21,"Bristol, United Kingdom",within an hour,100%,90%,t,3.0,t,t,Lawrence Hill,51.45906,-2.565,Entire home/apt,3.0,1.0,1 bath,2.0,2.0,10.0,1125.0,10.0,1125.0,18.0,219.0,107.0,f,3.0,2.0
2018-08-24,,within an hour,100%,100%,f,1.0,t,t,Lockleaze,51.48601,-2.56649,Private room,2.0,1.0,1 shared bath,1.0,1.0,1.0,28.0,1.0,1125.0,20.0,162.0,376.0,f,1.0,1.0
2015-05-20,,within a day,70%,63%,f,1.0,t,t,Bishopston & Ashley Down,51.4779,-2.58204,Entire home/apt,4.0,1.0,1 bath,2.0,2.0,2.0,21.0,2.0,21.0,24.0,319.0,56.0,f,1.0,0.0
2021-02-23,"London, United Kingdom",within an hour,100%,99%,f,24.0,t,f,Clifton,51.4562468189692,-2.6130139354533606,Entire home/apt,6.0,1.0,1 bath,2.0,4.0,2.0,365.0,2.0,365.0,20.0,347.0,1.0,t,1.0,0.0
2012-09-29,"Bristol, United Kingdom",within a few hours,100%,75%,f,1.0,t,t,Knowle,51.43368,-2.57833,Entire home/apt,2.0,1.0,1 bath,1.0,1.0,1.0,14.0,1.0,14.0,10.0,79.0,2.0,f,1.0,0.0
2024-12-18,"Bristol, United Kingdom",within an hour,100%,100%,f,2.0,t,t,Clifton Down,51.4582,-2.61255,Entire home/apt,4.0,1.0,1 bath,2.0,2.0,2.0,1125.0,2.0,365.0,5.0,280.0,12.0,t,2.0,0.0
2024-03-25,"Bristol, United Kingdom",within an hour,90%,94%,f,1.0,f,t,Lawrence Hill,51.4594721,-2.5763487,Entire home/apt,4.0,1.5,1.5 baths,2.0,2.0,1.0,1125.0,1.0,1125.0,21.0,205.0,11.0,t,1.0,0.0
2017-04-13,"Bristol, United Kingdom",within an hour,99%,97%,f,100.0,t,t,Westbury-on-Trym & Henleaze,51.47876,-2.60806,Entire home/apt,2.0,1.0,1 bath,0.0,2.0,1.0,1125.0,2.0,1125.0,15.0,342.0,22.0,f,67.0,0.0
2014-11-09,"Bristol, United Kingdom",within an hour,100%,77%,t,5.0,t,f,Brislington East,51.43599,-2.54721,Private room,1.0,1.0,1 shared bath,1.0,1.0,5.0,365.0,5.0,365.0,16.0,218.0,14.0,f,4.0,3.0
2014-08-25,United Kingdom,,,25%,f,3.0,t,t,Avonmouth & Lawrence Weston,51.496395111083984,-2.64626407623291,Entire home/apt,5.0,1.5,1.5 baths,3.0,4.0,1.0,730.0,7.0,730.0,30.0,90.0,1.0,f,2.0,0.0
2013-10-13,"Bristol, United Kingdom",a few days or more,0%,,f,1.0,t,t,Lockleaze,51.47498,-2.57041,Private room,2.0,1.0,1 shared bath,1.0,2.0,30.0,111.0,30.0,111.0,27.0,177.0,3.0,f,1.0,1.0
2016-06-06,"Bristol, United Kingdom",,,,f,20.0,t,t,Ashley,51.4662,-2.58887,Entire home/apt,2.0,1.0,1 bath,1.0,1.0,2.0,28.0,2.0,28.0,15.0,131.0,422.0,f,14.0,4.0
2017-04-13,"Bristol, United Kingdom",within an hour,99%,97%,f,100.0,t,t,Clifton,51.45666,-2.60965,Entire home/apt,4.0,1.0,1 bath,1.0,3.0,1.0,1125.0,1.0,1125.0,0.0,286.0,23.0,f,67.0,0.0
2021-07-03,"Cheltenham, United Kingdom",within an hour,83%,100%,f,15.0,t,t,Ashley,51.46081,-2.5863,Entire home/apt,2.0,1.0,1 bath,1.0,1.0,2.0,28.0,2.0,1125.0,20.0,343.0,38.0,t,15.0,0.0
2024-09-03,,within an hour,100%,98%,f,67.0,t,t,Eastville,51.47266632145587,-2.545426275147493,Entire home/apt,7.0,1.0,1 bath,4.0,5.0,2.0,365.0,7.0,365.0,0.0,215.0,1.0,t,13.0,0.0
2016-03-31,"Bristol, United Kingdom",within an hour,100%,100%,f,210.0,t,t,Clifton,51.4564837,-2.6185424,Entire home/apt,2.0,1.0,1 bath,1.0,1.0,1.0,365.0,1.0,365.0,0.0,291.0,12.0,t,148.0,3.0
2017-04-13,"Bristol, United Kingdom",within an hour,99%,97%,f,100.0,t,t,Clifton,51.45726,-2.61104,Entire home/apt,6.0,1.0,1 bath,2.0,4.0,1.0,1125.0,1.0,1125.0,0.0,214.0,19.0,f,67.0,0.0
2022-01-08,"Bristol, United Kingdom",within an hour,100%,95%,t,20.0,t,t,Central,51.451832,-2.5871563,Entire home/apt,5.0,2.0,2 baths,2.0,5.0,3.0,365.0,2.0,999.0,0.0,286.0,10.0,t,13.0,0.0
2023-03-20,,within a day,100%,96%,t,1.0,t,t,Bishopston & Ashley Down,51.48426,-2.5895,Entire home/apt,4.0,2.0,2 baths,2.0,2.0,2.0,1125.0,2.0,365.0,0.0,129.0,32.0,f,1.0,0.0
2015-05-07,"Bristol, United Kingdom",within an hour,100%,100%,t,14.0,t,t,Avonmouth & Lawrence Weston,51.5,-2.64918,Entire home/apt,9.0,2.0,2 baths,5.0,9.0,3.0,30.0,2.0,1125.0,30.0,349.0,20.0,f,11.0,5.0
2014-07-23,"London, United Kingdom",within an hour,100%,99%,t,1.0,t,t,Central,51.46313,-2.59215,Entire home/apt,2.0,1.0,1 bath,1.0,1.0,2.0,1125.0,2.0,1125.0,16.0,66.0,263.0,t,1.0,0.0
2017-04-13,"Bristol, United Kingdom",within an hour,99%,97%,f,100.0,t,t,Clifton Down,51.461850507717976,-2.6160316750522288,Entire home/apt,2.0,1.0,1 bath,1.0,1.0,1.0,365.0,1.0,365.0,29.0,364.0,1.0,t,67.0,0.0
2019-08-06,"England, United Kingdom",within an hour,100%,100%,t,1.0,t,t,St George Central,51.46102,-2.53071,Entire home/apt,10.0,4.0,4.5 baths,5.0,5.0,2.0,1125.0,2.0,2.0,9.0,203.0,65.0,t,1.0,0.0
2015-02-04,"Bristol, United Kingdom",within an hour,100%,79%,t,1.0,t,t,Stoke Bishop,51.48123,-2.62655,Entire home/apt,9.0,3.5,3.5 baths,5.0,5.0,2.0,7.0,2.0,1125.0,15.0,266.0,53.0,f,1.0,0.0
2013-09-20,"Bristol, United Kingdom",within an hour,100%,99%,t,1.0,t,t,Central,51.44792,-2.59264,Entire home/apt,4.0,1.5,1.5 baths,2.0,3.0,2.0,89.0,1.0,1125.0,26.0,149.0,179.0,f,1.0,0.0
2016-03-31,"Bristol, United Kingdom",within an hour,100%,100%,f,210.0,t,t,Easton,51.466076,-2.563031,Entire home/apt,4.0,1.0,1 bath,1.0,1.0,1.0,365.0,1.0,365.0,0.0,319.0,20.0,f,148.0,3.0
2024-11-01,,within a few hours,90%,69%,f,1.0,t,f,Easton,51.4631366,-2.554434053967294,Entire home/apt,3.0,1.0,1 bath,1.0,1.0,2.0,14.0,2.0,14.0,8.0,59.0,13.0,f,1.0,0.0
2016-03-31,"Bristol, United Kingdom",within an hour,100%,100%,f,210.0,t,t,Clifton,51.4564837,-2.6185424,Entire home/apt,2.0,1.0,1 bath,1.0,1.0,1.0,365.0,1.0,365.0,2.0,325.0,28.0,t,148.0,3.0
2015-10-13,"London, United Kingdom",within an hour,100%,75%,f,1.0,t,t,Clifton Down,51.46933878969503,-2.6162249967455864,Entire home/apt,4.0,1.0,1 bath,2.0,2.0,3.0,365.0,3.0,1125.0,16.0,76.0,2.0,t,1.0,0.0
2017-01-09,"Bristol, United Kingdom",within an hour,100%,93%,t,1.0,t,t,Clifton,51.45618,-2.61197,Entire home/apt,2.0,1.0,1 bath,1.0,1.0,2.0,90.0,2.0,90.0,18.0,116.0,13.0,f,1.0,0.0
2013-06-25,"Bristol, United Kingdom",,,100%,f,1.0,t,t,Horfield,51.49328,-2.58636,Entire home/apt,6.0,1.0,1 bath,4.0,5.0,3.0,14.0,3.0,14.0,0.0,63.0,15.0,f,1.0,0.0
2013-07-29,"Bristol, United Kingdom",within an hour,100%,17%,f,1.0,t,t,St George Central,51.46259362170135,-2.52,Private room,1.0,1.0,1 bath,1.0,1.0,1.0,7.0,1.0,7.0,0.0,0.0,4.0,f,1.0,1.0
2014-04-10,"Bristol, United Kingdom",within a few hours,100%,0%,f,2.0,t,t,Knowle,51.43477,-2.57704,Private room,1.0,1.0,1 private bath,1.0,1.0,3.0,365.0,3.0,365.0,30.0,365.0,0.0,f,2.0,2.0
2025-01-27,,within an hour,100%,71%,f,2.0,t,t,Eastville,51.46799871856155,-2.5378637105447224,Private room,2.0,1.0,1 shared bath,1.0,1.0,1.0,365.0,1.0,365.0,30.0,365.0,2.0,f,2.0,2.0
2019-12-06,,,,100%,t,1.0,t,t,Clifton Down,51.4595947265625,-2.611020088195801,Entire home/apt,2.0,1.5,1.5 baths,1.0,1.0,1.0,365.0,1.0,1125.0,0.0,19.0,66.0,f,1.0,0.0
2016-03-26,"Bristol, United Kingdom",within an hour,100%,80%,t,1.0,t,t,Bishopston & Ashley Down,51.48172,-2.58415,Private room,5.0,1.0,1 private bath,2.0,3.0,1.0,1125.0,1.0,1125.0,16.0,60.0,84.0,f,1.0,1.0
2019-10-22,"Bristol, United Kingdom",,,81%,t,3.0,t,t,Bishopsworth,51.42548,-2.60934,Private room,3.0,1.0,1 shared bath,2.0,2.0,14.0,150.0,14.0,150.0,30.0,90.0,9.0,f,3.0,3.0
2014-11-01,"Bristol, United Kingdom",within a few hours,100%,46%,f,3.0,t,t,Westbury-on-Trym & Henleaze,51.49412,-2.63363,Private room,2.0,1.5,1.5 shared baths,1.0,1.0,1.0,365.0,1.0,365.0,29.0,364.0,12.0,f,2.0,2.0
2015-07-23,"Bristol, United Kingdom",a few days or more,0%,,f,1.0,t,f,Brislington West,51.4312,-2.54677,Private room,2.0,1.0,1 shared bath,1.0,1.0,1.0,365.0,1.0,365.0,30.0,365.0,0.0,f,1.0,1.0
2016-06-06,"Bristol, United Kingdom",within an hour,100%,100%,t,2.0,t,t,Ashley,51.47152,-2.57806,Private room,2.0,0.5,Shared half-bath,1.0,1.0,3.0,30.0,3.0,1125.0,16.0,97.0,93.0,t,2.0,2.0
2015-10-26,"Bristol, United Kingdom",within an hour,100%,46%,t,1.0,t,t,Southville,51.44533819999999,-2.597639,Private room,2.0,1.0,1 shared bath,1.0,1.0,1.0,1125.0,1.0,1125.0,20.0,54.0,31.0,f,1.0,1.0
2015-11-05,"Bristol, United Kingdom",within an hour,100%,99%,t,1.0,t,t,Clifton Down,51.46924,-2.61052,Entire home/apt,2.0,1.0,1 bath,1.0,1.0,1.0,28.0,1.0,1125.0,3.0,40.0,452.87,f,1.0,0.0
2019-08-19,,within an hour,100%,100%,t,5.0,t,t,Central,51.45344924926758,-2.592478036880493,Entire home/apt,3.0,1.0,1 bath,1.0,1.0,1.0,1125.0,2.0,999.0,20.0,281.0,33.0,t,5.0,0.0
2020-11-13,"England, United Kingdom",within a few hours,100%,96%,f,1.0,t,t,Clifton,51.4543,-2.62349,Entire home/apt,4.0,1.0,1 bath,2.0,2.0,1.0,80.0,1.0,80.0,25.0,121.0,59.0,f,1.0,0.0
2016-03-14,"Bristol, United Kingdom",within an hour,100%,100%,t,5.0,t,t,Stoke Bishop,51.48556,-2.64582,Private room,2.0,1.0,1 shared bath,1.0,1.0,1.0,4.0,1.0,4.0,17.0,28.0,121.0,f,3.0,3.0
2021-11-22,"England, United Kingdom",within an hour,100%,93%,f,1.0,t,t,Redland,51.47030683110262,-2.604727208459483,Entire home/apt,4.0,1.5,1.5 baths,1.0,3.0,2.0,7.0,2.0,7.0,29.0,261.0,9.0,f,1.0,0.0
2023-03-09,,within a few hours,90%,79%,f,7.0,t,t,Central,51.4520825,-2.5926553,Entire home/apt,6.0,2.0,2 baths,2.0,3.0,1.0,365.0,1.0,365.0,18.0,328.0,8.0,f,5.0,0.0
2020-02-19,"Bristol, United Kingdom",a few days or more,0%,50%,f,1.0,t,t,Central,51.44785204525129,-2.583087479477392,Private room,1.0,1.0,1 shared bath,1.0,1.0,1.0,1.0,1.0,1.0,30.0,365.0,0.0,f,1.0,1.0
2022-07-14,"Bristol, United Kingdom",within an hour,100%,80%,t,2.0,t,t,Southville,51.44403,-2.61746,Private room,1.0,1.0,1 shared bath,1.0,1.0,2.0,5.0,2.0,1125.0,12.0,12.0,32.0,f,1.0,1.0
2022-01-22,"Bristol, United Kingdom",within an hour,100%,100%,f,6.0,t,t,Central,51.4543757710848,-2.5866816804260218,Entire home/apt,6.0,2.0,2 baths,2.0,5.0,2.0,365.0,2.0,365.0,11.0,296.0,5.0,t,4.0,0.0
2016-07-04,"Bristol, United Kingdom",within an hour,100%,99%,t,8.0,t,t,Hotwells & Harbourside,51.45347,-2.60382,Entire home/apt,6.0,2.0,2 baths,2.0,2.0,2.0,365.0,2.0,365.0,19.0,235.0,47.0,t,7.0,0.0
2015-07-21,"Bristol, United Kingdom",within a few hours,100%,80%,f,1.0,t,t,Windmill Hill,51.44085,-2.58028,Private room,2.0,1.5,1.5 shared baths,1.0,0.0,2.0,14.0,2.0,14.0,0.0,4.0,24.0,f,1.0,1.0
2016-03-31,"Bristol, United Kingdom",within an hour,100%,100%,f,210.0,t,t,Clifton Down,51.468494,-2.618585,Entire home/apt,2.0,1.0,1 bath,1.0,1.0,1.0,365.0,1.0,365.0,25.0,339.0,102.0,f,148.0,3.0
2013-05-09,"Bristol, United Kingdom",within an hour,100%,100%,f,1.0,t,t,St George West,51.45948634608093,-2.553373254025562,Private room,2.0,1.0,1 shared bath,1.0,1.0,2.0,365.0,2.0,365.0,29.0,87.0,2.0,f,1.0,1.0
2016-10-23,"Bristol, United Kingdom",within an hour,100%,100%,t,3.0,t,t,Cotham,51.46406,-2.59851,Private room,2.0,1.0,1 shared bath,1.0,2.0,1.0,10.0,1.0,10.0,13.0,206.0,393.0,f,3.0,3.0
2012-06-26,"Bristol, United Kingdom",within an hour,100%,98%,f,1.0,t,t,Bedminster,51.43899,-2.6037,Entire home/apt,5.0,1.0,1 bath,3.0,4.0,3.0,90.0,1.0,90.0,0.0,68.0,33.0,f,1.0,0.0
2017-04-13,"Bristol, United Kingdom",within an hour,99%,97%,f,100.0,t,t,Clifton,51.46287048546536,-2.6178166516364065,Entire home/apt,4.0,1.0,1 bath,1.0,2.0,1.0,365.0,1.0,365.0,14.0,330.0,7.0,t,67.0,0.0
2014-08-25,United Kingdom,,,25%,f,3.0,t,t,Avonmouth & Lawrence Weston,51.49674169152556,-2.647277601063251,Entire home/apt,5.0,1.0,1 bath,3.0,4.0,5.0,365.0,5.0,365.0,30.0,90.0,0.0,t,2.0,0.0
2017-08-11,"Bristol, United Kingdom",within an hour,100%,92%,f,37.0,t,t,Hotwells & Harbourside,51.45501,-2.60415,Entire home/apt,4.0,1.0,1 bath,1.0,1.0,2.0,365.0,1.0,999.0,0.0,0.0,0.0,t,25.0,0.0
2015-04-09,"Bristol, United Kingdom",within an hour,100%,56%,t,2.0,t,t,Frome Vale,51.48241,-2.52776,Private room,2.0,1.0,1 shared bath,1.0,1.0,1.0,1125.0,1.0,1125.0,30.0,90.0,85.0,f,2.0,2.0
2022-08-20,"Bristol, United Kingdom",within an hour,100%,100%,t,1.0,t,t,Central,51.4473261,-2.5860798,Private room,1.0,1.0,1 shared bath,1.0,1.0,3.0,60.0,3.0,60.0,5.0,137.0,73.0,f,1.0,1.0
2016-08-21,"Bristol, United Kingdom",within an hour,100%,76%,t,1.0,t,t,Avonmouth & Lawrence Weston,51.48657,-2.67856,Private room,1.0,1.0,1 shared bath,1.0,1.0,1.0,31.0,1.0,31.0,19.0,70.0,70.0,f,1.0,1.0
2015-01-27,,within an hour,100%,55%,f,6.0,t,t,Avonmouth & Lawrence Weston,51.49629,-2.66321,Entire home/apt,5.0,2.5,2.5 baths,3.0,4.0,5.0,365.0,5.0,365.0,0.0,166.0,1.0,t,4.0,0.0
2016-06-10,"London, United Kingdom",,,100%,f,1.0,t,t,Southville,51.43970206597442,-2.6146491807832395,Entire home/apt,6.0,1.5,1.5 baths,3.0,3.0,2.0,365.0,2.0,365.0,0.0,141.0,1.0,t,1.0,0.0
2014-06-07,"Bristol, United Kingdom",within an hour,80%,95%,f,2.0,t,t,Ashley,51.46961,-2.587,Entire home/apt,8.0,1.0,1 bath,4.0,5.0,2.0,365.0,2.0,1125.0,24.0,88.0,14.0,f,2.0,0.0
2013-04-18,"Bristol, United Kingdom",within an hour,100%,100%,t,3.0,t,t,Bishopston & Ashley Down,51.47966,-2.57959,Entire home/apt,4.0,2.0,2 baths,2.0,2.0,3.0,365.0,2.0,1125.0,0.0,19.0,5.0,t,3.0,2.0
2022-06-30,,within an hour,100%,100%,f,54.0,t,t,St George West,51.46050673770871,-2.551512995546688,Entire home/apt,4.0,1.0,1 bath,1.0,2.0,1.0,90.0,2.0,90.0,0.0,65.0,0.0,t,32.0,0.0
2022-11-30,,within an hour,100%,100%,f,14.0,t,t,Lawrence Hill,51.45686,-2.56261,Entire home/apt,4.0,1.0,1 bath,1.0,3.0,1.0,365.0,1.0,731.0,26.0,355.0,7.0,t,14.0,0.0
2013-07-22,,within an hour,100%,100%,f,2.0,t,t,Ashley,51.4618163,-2.5847128,Entire home/apt,6.0,2.5,2.5 baths,3.0,3.0,1.0,365.0,1.0,365.0,21.0,320.0,183.0,f,2.0,0.0
2018-03-27,"England, United Kingdom",,,0%,f,1.0,t,t,Ashley,51.46426,-2.58609,Entire home/apt,4.0,2.0,2 baths,2.0,2.0,2.0,30.0,2.0,30.0,1.0,12.0,3.0,f,1.0,0.0
2019-01-14,"Bristol, United Kingdom",within an hour,100%,100%,t,60.0,t,t,Clifton Down,51.46733,-2.60987,Entire home/apt,4.0,2.0,2 baths,2.0,2.0,2.0,1125.0,2.0,2.0,21.0,52.0,93.0,t,47.0,0.0
2016-02-03,"Bristol, United Kingdom",within a few hours,100%,99%,f,6.0,t,t,Eastville,51.47364,-2.56017,Private room,1.0,2.0,2 shared baths,1.0,1.0,5.0,1125.0,1.0,1125.0,15.0,75.0,63.0,f,6.0,6.0
2022-02-23,"Bristol, United Kingdom",within an hour,100%,100%,t,2.0,t,t,Central,51.45839,-2.59724,Private room,2.0,2.0,2 baths,1.0,1.0,2.0,365.0,2.0,365.0,3.0,3.0,3.0,t,2.0,1.0
2014-07-22,"Bristol, United Kingdom",within a few hours,100%,63%,t,2.0,t,t,Knowle,51.43104,-2.57209,Private room,1.0,1.0,1 shared bath,1.0,1.0,3.0,365.0,1.0,365.0,29.0,269.0,27.0,f,2.0,2.0
2014-09-06,"Bristol, United Kingdom",within an hour,100%,96%,t,2.0,t,t,Horfield,51.49381,-2.59644,Private room,2.0,1.0,1 private bath,1.0,1.0,1.0,1125.0,1.0,1125.0,6.0,231.0,225.0,t,2.0,2.0
2017-09-15,United Kingdom,a few days or more,0%,,f,2.0,t,t,Avonmouth & Lawrence Weston,51.49801,-2.64639,Entire home/apt,5.0,1.5,1.5 baths,3.0,4.0,7.0,1125.0,1.0,1125.0,30.0,100.0,0.0,f,1.0,0.0
2024-08-23,,,,100%,f,1.0,t,f,Filwood,51.42353737968955,-2.5759797915816307,Private room,1.0,1.0,1 bath,1.0,1.0,1.0,365.0,1.0,365.0,30.0,365.0,1.0,f,1.0,1.0
2017-04-13,"Bristol, United Kingdom",within an hour,99%,97%,f,100.0,t,t,Hotwells & Harbourside,51.44707223681695,-2.6008202697014,Entire home/apt,4.0,1.0,1 bath,1.0,2.0,1.0,365.0,1.0,365.0,0.0,40.0,0.0,f,67.0,0.0
2014-06-07,"London, United Kingdom",within an hour,100%,100%,t,2.0,t,t,Windmill Hill,51.4413972,-2.5809685,Entire home/apt,5.0,1.0,1 bath,2.0,3.0,2.0,10.0,2.0,10.0,3.0,18.0,27.0,f,1.0,0.0
2019-09-12,,within an hour,100%,100%,f,1.0,t,t,Clifton,51.45215,-2.6203,Entire home/apt,2.0,1.0,1 bath,1.0,1.0,2.0,1125.0,1.0,365.0,3.0,329.0,163.0,t,1.0,0.0
2013-06-26,"Bristol, United Kingdom",,,40%,f,1.0,t,t,Ashley,51.46527,-2.58551,Entire home/apt,5.0,1.0,1 bath,2.0,3.0,4.0,365.0,4.0,365.0,23.0,173.0,2.0,f,1.0,0.0
2014-07-24,"Bristol, United Kingdom",within an hour,100%,100%,t,1.0,t,t,Clifton,51.4551844,-2.6139426,Entire home/apt,2.0,1.0,1 bath,1.0,1.0,2.0,7.0,2.0,1125.0,24.0,148.0,106.0,f,1.0,0.0
2013-10-23,"Bristol, United Kingdom",within an hour,100%,100%,t,1.0,t,t,Southville,51.44342,-2.60112,Entire home/apt,2.0,1.0,1 bath,1.0,1.0,2.0,1125.0,1.0,1125.0,21.0,297.0,161.0,t,1.0,0.0
2017-05-31,"Bristol, United Kingdom",within an hour,100%,100%,t,1.0,t,t,Frome Vale,51.48789,-2.54244,Entire home/apt,5.0,1.0,1 bath,3.0,3.0,2.0,28.0,2.0,1125.0,0.0,31.0,97.0,t,1.0,0.0
2014-07-25,"Bristol, United Kingdom",within an hour,100%,96%,t,2.0,t,t,Windmill Hill,51.44042,-2.57154,Entire home/apt,4.0,1.0,1 bath,2.0,2.0,1.0,14.0,1.0,14.0,6.0,35.0,402.0,f,2.0,1.0
2018-03-17,"England, United Kingdom",within an hour,100%,100%,f,1.0,t,t,St George West,51.46415,-2.5445,Entire home/apt,4.0,2.0,2 baths,1.0,2.0,1.0,1125.0,1.0,1125.0,2.0,4.0,211.0,f,1.0,0.0
2024-01-15,,within an hour,100%,89%,f,1.0,f,t,Ashley,51.46091,-2.5897,Entire home/apt,5.0,1.0,1 bath,2.0,4.0,2.0,365.0,2.0,365.0,22.0,156.0,38.0,f,1.0,0.0
2016-06-19,"Bristol, United Kingdom",within an hour,100%,93%,f,1.0,t,t,Hengrove & Whitchurch Park,51.4071723,-2.5927645,Private room,1.0,1.0,1 shared bath,1.0,1.0,1.0,6.0,1.0,1125.0,24.0,289.0,5.0,f,1.0,1.0
2018-05-25,"Bristol, United Kingdom",within an hour,100%,92%,f,2.0,t,t,Bedminster,51.43707,-2.60728,Private room,2.0,1.0,1 shared bath,1.0,1.0,2.0,365.0,2.0,365.0,0.0,141.0,3.0,f,2.0,1.0
2022-11-30,,within an hour,100%,100%,f,14.0,t,t,Lawrence Hill,51.45771,-2.5791,Entire home/apt,4.0,1.0,1 bath,1.0,3.0,1.0,365.0,1.0,731.0,18.0,154.0,4.0,t,14.0,0.0
2016-01-02,"Bristol, United Kingdom",within a few hours,100%,88%,f,1.0,t,t,Ashley,51.472791,-2.5897586,Private room,1.0,1.0,1 shared bath,1.0,1.0,1.0,3.0,1.0,3.0,8.0,34.0,70.0,f,1.0,1.0
2022-01-22,"Bristol, United Kingdom",within an hour,100%,100%,f,6.0,t,t,Ashley,51.46234,-2.5900132,Entire home/apt,3.0,1.0,1 bath,1.0,1.0,2.0,365.0,2.0,365.0,8.0,306.0,3.0,t,4.0,0.0
2019-07-20,"Bristol, United Kingdom",within a few hours,100%,50%,f,1.0,t,t,Southmead,51.49969,-2.6095,Private room,2.0,1.5,1.5 shared baths,1.0,1.0,1.0,60.0,1.0,60.0,25.0,360.0,69.0,f,1.0,1.0
2016-03-31,"Bristol, United Kingdom",within an hour,100%,100%,f,210.0,t,t,Cotham,51.4640763,-2.590617,Entire home/apt,2.0,1.0,1 bath,1.0,1.0,2.0,365.0,2.0,365.0,0.0,78.0,3.0,t,148.0,3.0
2015-01-06,"Bristol, United Kingdom",within an hour,100%,98%,t,1.0,t,t,Southville,51.44089143994992,-2.600149177014828,Entire home/apt,2.0,1.0,1 bath,1.0,1.0,2.0,21.0,2.0,1125.0,6.0,310.0,97.0,t,1.0,0.0
2021-07-26,"Bristol, United Kingdom",within a few hours,98%,81%,f,4.0,t,t,Ashley,51.46661,-2.58902,Private room,2.0,1.0,1 shared bath,1.0,1.0,1.0,365.0,1.0,365.0,30.0,365.0,12.0,f,4.0,4.0
2019-02-21,"Bristol, United Kingdom",,,,f,1.0,t,t,Frome Vale,51.4875,-2.55078,Private room,1.0,1.5,1.5 shared baths,1.0,1.0,1.0,2.0,1.0,2.0,30.0,365.0,1.0,f,1.0,1.0
2015-01-11,"Bristol, United Kingdom",within an hour,100%,100%,f,1.0,t,t,Clifton Down,51.46955,-2.61318,Entire home/apt,2.0,1.0,1 bath,1.0,1.0,2.0,14.0,2.0,14.0,14.0,244.0,93.0,f,1.0,0.0
2016-06-06,"Bristol, United Kingdom",,,,f,20.0,t,t,Ashley,51.469,-2.57358,Private room,1.0,1.5,1.5 baths,1.0,1.0,2.0,365.0,2.0,365.0,12.0,59.0,42.0,f,14.0,4.0
2017-10-01,"Leeds, United Kingdom",within an hour,100%,100%,f,194.0,t,t,Stockwood,51.41942,-2.55893,Entire home/apt,12.0,1.0,1 bath,4.0,9.0,2.0,365.0,2.0,365.0,14.0,137.0,15.0,t,22.0,0.0
2019-04-10,,within an hour,95%,100%,f,6.0,t,t,Clifton Down,51.45801,-2.61115,Private room,1.0,1.0,1 shared bath,1.0,1.0,1.0,1125.0,1.0,1125.0,19.0,339.0,119.0,t,6.0,6.0
2017-04-13,"Bristol, United Kingdom",within an hour,99%,97%,f,100.0,t,t,Central,51.46084,-2.60221,Entire home/apt,2.0,1.0,1 bath,0.0,1.0,1.0,365.0,2.0,365.0,26.0,351.0,7.0,f,67.0,0.0
2020-08-06,"Bristol, United Kingdom",within an hour,100%,100%,f,1.0,t,t,Central,51.45987,-2.59791,Private room,1.0,1.0,1 shared bath,1.0,1.0,1.0,16.0,1.0,1125.0,0.0,298.0,152.0,f,1.0,1.0
2024-05-02,,within an hour,90%,100%,t,1.0,t,f,Clifton,51.45408,-2.62046,Entire home/apt,6.0,1.0,1 bath,4.0,4.0,2.0,1125.0,2.0,365.0,14.0,299.0,28.0,t,1.0,0.0
2021-12-01,,within an hour,99%,97%,f,46.0,t,t,Lawrence Hill,51.45691,-2.58147,Entire home/apt,6.0,2.0,2 baths,2.0,4.0,1.0,365.0,1.0,999.0,27.0,358.0,77.0,f,30.0,0.0
2015-10-12,"England, United Kingdom",within an hour,100%,98%,t,17.0,t,t,Brislington East,51.4415384,-2.5361472,Entire home/apt,3.0,1.0,1 bath,1.0,2.0,3.0,29.0,3.0,29.0,18.0,184.0,25.0,f,15.0,0.0
2014-05-28,"Bristol, United Kingdom",within an hour,100%,91%,t,1.0,t,t,Westbury-on-Trym & Henleaze,51.49057,-2.60192,Private room,2.0,1.0,1 private bath,1.0,1.0,2.0,4.0,2.0,4.0,14.0,57.0,108.0,f,1.0,1.0
2012-10-09,"Bristol, United Kingdom",within an hour,100%,100%,t,1.0,t,t,Windmill Hill,51.44090564232356,-2.5782492756843567,Entire home/apt,2.0,1.0,1 bath,1.0,1.0,1.0,14.0,1.0,14.0,12.0,142.0,452.87,t,1.0,0.0
2012-04-03,"Bristol, United Kingdom",within an hour,100%,,f,1.0,t,t,Easton,51.46765,-2.56029,Entire home/apt,5.0,2.0,2 baths,3.0,3.0,28.0,100.0,28.0,100.0,0.0,0.0,2.0,f,1.0,0.0
2016-11-16,"Bristol, United Kingdom",within an hour,100%,100%,f,6.0,t,t,Central,51.4595,-2.59293,Entire home/apt,4.0,2.0,2 baths,2.0,2.0,1.0,1125.0,2.0,1125.0,1.0,234.0,22.0,t,6.0,0.0
2017-12-30,"Bristol, United Kingdom",within an hour,100%,97%,t,27.0,t,t,Ashley,51.46859,-2.59099,Entire home/apt,8.0,3.0,3 baths,4.0,8.0,2.0,1125.0,2.0,1125.0,0.0,0.0,0.0,f,21.0,0.0
2016-03-31,"Bristol, United Kingdom",within an hour,100%,100%,f,210.0,t,t,Central,51.4539328,-2.6000476,Entire home/apt,2.0,1.0,1 bath,0.0,1.0,1.0,45.0,1.0,45.0,10.0,94.0,17.0,t,148.0,3.0
2014-06-30,"Bristol, United Kingdom",within an hour,100%,100%,t,2.0,t,t,Lawrence Hill,51.46258,-2.56678,Private room,1.0,1.0,1 shared bath,1.0,1.0,3.0,1125.0,30.0,1125.0,0.0,242.0,54.0,f,2.0,2.0
2015-05-07,"Bristol, United Kingdom",within an hour,100%,80%,t,2.0,t,t,Southville,51.44198,-2.5945,Private room,1.0,1.0,1 shared bath,1.0,1.0,2.0,120.0,2.0,1125.0,0.0,106.0,34.0,f,1.0,1.0
2014-09-12,"Perpignan, France",within a few hours,100%,100%,f,2.0,t,t,Southville,51.44477,-2.61536,Entire home/apt,4.0,1.0,1 bath,2.0,2.0,3.0,180.0,3.0,180.0,4.0,294.0,37.0,f,1.0,0.0
2013-12-24,"London, United Kingdom",within an hour,100%,100%,f,1.0,t,t,Southville,51.44195687597876,-2.6040903050946063,Private room,2.0,1.5,1.5 baths,1.0,1.0,3.0,28.0,3.0,28.0,0.0,21.0,0.0,f,1.0,1.0
2024-03-22,,within an hour,94%,97%,f,4.0,t,t,Clifton,51.4511818,-2.6212197,Entire home/apt,4.0,1.0,1 bath,2.0,0.0,2.0,365.0,2.0,365.0,30.0,249.0,4.0,f,3.0,0.0
2019-01-22,"Bristol, United Kingdom",within an hour,100%,75%,f,2.0,t,t,Avonmouth & Lawrence Weston,51.49361,-2.64789,Private room,1.0,1.0,1 shared bath,1.0,1.0,3.0,30.0,3.0,1125.0,5.0,65.0,75.0,f,2.0,2.0
2019-12-13,,within an hour,100%,100%,t,1.0,t,t,Clifton,51.4569,-2.61823,Entire home/apt,4.0,1.0,1 bath,2.0,2.0,2.0,20.0,2.0,20.0,22.0,212.0,238.0,t,1.0,0.0
2024-06-27,,within an hour,100%,100%,t,1.0,f,t,Windmill Hill,51.4358859,-2.5912068,Entire home/apt,6.0,1.0,1 bath,3.0,4.0,1.0,365.0,1.0,365.0,21.0,304.0,48.0,t,1.0,0.0
2024-04-03,,within a day,83%,80%,f,2.0,f,f,Hillfields,51.47231,-2.53589,Private room,1.0,1.0,1 bath,1.0,0.0,1.0,365.0,1.0,365.0,0.0,26.0,16.0,f,2.0,2.0
2022-01-08,"Bristol, United Kingdom",within an hour,100%,95%,t,20.0,t,t,Cotham,51.46277,-2.5949,Entire home/apt,4.0,1.0,1 bath,2.0,2.0,4.0,365.0,2.0,999.0,28.0,178.0,3.0,t,13.0,0.0
2017-10-01,"Leeds, United Kingdom",within an hour,100%,100%,f,194.0,t,t,Central,51.45176,-2.58934,Entire home/apt,6.0,1.0,1 bath,2.0,4.0,2.0,365.0,2.0,365.0,9.0,125.0,7.0,t,22.0,0.0
2015-12-18,"Bristol, United Kingdom",within an hour,100%,97%,f,33.0,t,t,Ashley,51.46114,-2.58581,Entire home/apt,4.0,1.0,1 bath,2.0,2.0,14.0,365.0,7.0,365.0,25.0,85.0,10.0,t,26.0,0.0
2016-03-31,"Bristol, United Kingdom",within an hour,100%,100%,f,210.0,t,t,Lawrence Hill,51.4568807,-2.5816885,Entire home/apt,2.0,0.0,0 baths,,1.0,1.0,365.0,1.0,365.0,6.0,321.0,0.0,t,148.0,3.0
2021-12-01,,within an hour,99%,97%,f,46.0,t,t,Hotwells & Harbourside,51.4558,-2.60704,Entire home/apt,1.0,1.0,1 bath,1.0,1.0,1.0,365.0,2.0,999.0,20.0,350.0,5.0,t,30.0,0.0
2016-07-19,"England, United Kingdom",within an hour,100%,100%,t,1.0,t,t,Ashley,51.47444,-2.58717,Private room,2.0,1.0,1 private bath,1.0,1.0,2.0,730.0,2.0,730.0,27.0,362.0,88.0,t,1.0,1.0
2015-10-19,"Bristol, United Kingdom",within an hour,100%,90%,t,2.0,t,t,Easton,51.46659,-2.56025,Private room,2.0,1.0,1 shared bath,1.0,2.0,5.0,365.0,5.0,365.0,26.0,86.0,3.0,f,2.0,2.0
2017-02-13,"Bristol, United Kingdom",within a few hours,100%,80%,t,2.0,t,t,Ashley,51.46924,-2.59052,Private room,2.0,1.5,1.5 shared baths,1.0,1.0,1.0,1125.0,1.0,1125.0,27.0,84.0,131.0,f,2.0,2.0
2021-07-03,"Cheltenham, United Kingdom",within an hour,83%,100%,f,15.0,t,t,Ashley,51.45939,-2.5873,Entire home/apt,2.0,1.0,1 bath,1.0,2.0,2.0,14.0,2.0,14.0,7.0,300.0,86.0,t,15.0,0.0
2023-12-07,,within an hour,100%,100%,f,1.0,t,t,Lawrence Hill,51.45758,-2.57821,Entire home/apt,4.0,1.0,1 bath,1.0,2.0,2.0,30.0,2.0,1125.0,20.0,167.0,19.0,f,1.0,0.0
2015-04-05,"Bristol, United Kingdom",within an hour,100%,100%,f,1.0,t,t,Westbury-on-Trym & Henleaze,51.49402618408203,-2.614129066467285,Entire home/apt,4.0,1.0,1 bath,2.0,3.0,3.0,1125.0,3.0,1125.0,18.0,217.0,3.0,t,1.0,0.0
2020-02-03,,within an hour,100%,100%,t,4.0,t,t,Clifton Down,51.4693,-2.61674,Entire home/apt,2.0,1.0,1 bath,1.0,1.0,2.0,365.0,2.0,1125.0,28.0,88.0,87.0,t,4.0,0.0
2016-03-17,"Bristol, United Kingdom",within an hour,100%,40%,f,2.0,t,t,Avonmouth & Lawrence Weston,51.48897,-2.67251,Private room,2.0,1.0,1 shared bath,1.0,1.0,1.0,31.0,1.0,31.0,28.0,178.0,19.0,f,2.0,2.0
2019-01-22,,within an hour,90%,100%,t,1.0,t,t,Ashley,51.45946,-2.58504,Entire home/apt,2.0,1.0,1 bath,1.0,1.0,2.0,1125.0,2.0,365.0,11.0,50.0,208.0,t,1.0,0.0
2021-12-01,,within an hour,99%,97%,f,46.0,t,t,Clifton,51.45555,-2.6192,Entire home/apt,4.0,1.0,1 bath,0.0,3.0,1.0,365.0,1.0,999.0,27.0,360.0,89.0,f,30.0,0.0
2022-11-30,,within an hour,100%,100%,f,14.0,t,t,Lawrence Hill,51.45621,-2.57918,Entire home/apt,6.0,2.0,2 baths,2.0,3.0,1.0,365.0,1.0,731.0,15.0,127.0,8.0,t,14.0,0.0
2021-12-01,,within an hour,99%,97%,f,46.0,t,t,Lawrence Hill,51.45685,-2.57992,Entire home/apt,4.0,1.0,1 bath,1.0,2.0,1.0,365.0,1.0,999.0,18.0,346.0,38.0,f,30.0,0.0
2022-05-06,,within an hour,100%,97%,f,72.0,t,f,Hotwells & Harbourside,51.44674676965756,-2.6092427466561845,Entire home/apt,2.0,1.0,1 bath,1.0,1.0,2.0,180.0,2.0,1125.0,20.0,102.0,0.0,f,5.0,0.0
2016-10-31,"Bristol, United Kingdom",within an hour,100%,18%,f,1.0,t,t,Ashley,51.46051,-2.58681,Entire home/apt,2.0,1.0,1 bath,1.0,1.0,5.0,1125.0,5.0,1125.0,30.0,180.0,31.0,f,1.0,0.0
2020-10-24,"Bristol, United Kingdom",,,,f,1.0,t,t,Central,51.45594999999999,-2.597732,Entire home/apt,5.0,1.0,1 bath,2.0,3.0,2.0,1125.0,2.0,3.0,17.0,125.0,24.0,t,1.0,0.0
2020-08-16,"Doncaster, United Kingdom",within an hour,100%,100%,f,28.0,t,t,Bedminster,51.435588,-2.624989,Entire home/apt,7.0,2.5,2.5 baths,3.0,4.0,1.0,1125.0,1.0,2.0,25.0,343.0,0.0,t,1.0,0.0
2017-03-23,"Bristol, United Kingdom",within an hour,100%,95%,t,5.0,t,t,Clifton,51.45346,-2.62056,Entire home/apt,5.0,2.0,2 baths,2.0,2.0,2.0,30.0,2.0,30.0,20.0,31.0,133.0,f,2.0,0.0
2016-03-31,"Bristol, United Kingdom",within an hour,100%,100%,f,210.0,t,t,Easton,51.466076,-2.563031,Entire home/apt,4.0,1.0,1 bath,1.0,1.0,1.0,365.0,1.0,365.0,0.0,299.0,15.0,f,148.0,3.0
2014-09-06,"Bristol, United Kingdom",within an hour,100%,99%,t,3.0,t,t,Ashley,51.47489,-2.57648,Private room,4.0,0.5,Shared half-bath,1.0,2.0,2.0,365.0,2.0,365.0,16.0,123.0,58.0,t,3.0,3.0
2014-12-14,"Bristol, United Kingdom",within a day,100%,83%,t,1.0,t,t,Eastville,51.47487,-2.54132,Entire home/apt,4.0,1.0,1 bath,2.0,2.0,3.0,365.0,3.0,365.0,0.0,161.0,14.0,f,1.0,0.0
2019-07-13,"Bristol, United Kingdom",within an hour,100%,100%,f,1.0,t,t,Clifton Down,51.4636,-2.61061,Entire home/apt,5.0,2.0,2 baths,2.0,3.0,3.0,7.0,3.0,7.0,29.0,342.0,43.0,f,1.0,0.0
2017-02-19,"Bristol, United Kingdom",within an hour,100%,41%,t,1.0,t,t,Clifton Down,51.46547,-2.60732,Entire home/apt,2.0,1.0,1 bath,1.0,1.0,2.0,1125.0,2.0,1125.0,30.0,365.0,32.0,f,1.0,0.0
2018-01-09,"Bristol, United Kingdom",within an hour,100%,99%,f,4.0,t,t,Cotham,51.46515,-2.59033,Private room,2.0,1.0,1 private bath,1.0,2.0,1.0,365.0,1.0,365.0,16.0,252.0,26.0,f,4.0,1.0
2017-10-30,,within an hour,100%,33%,f,4.0,t,t,Horfield,51.49902273356126,-2.5943395385049897,Entire home/apt,4.0,1.0,1 bath,3.0,3.0,30.0,365.0,30.0,365.0,9.0,240.0,0.0,t,2.0,0.0
2016-03-31,"Bristol, United Kingdom",within an hour,100%,100%,f,210.0,t,t,Central,51.456009,-2.596493,Entire home/apt,4.0,1.0,1 bath,2.0,1.0,1.0,365.0,1.0,365.0,0.0,0.0,116.0,f,148.0,3.0
2014-06-04,"Bristol, United Kingdom",within a day,100%,57%,t,1.0,t,t,Eastville,51.48038,-2.55652,Private room,2.0,1.0,1 bath,1.0,1.0,1.0,365.0,1.0,365.0,29.0,89.0,27.0,f,1.0,1.0
2016-06-06,"Bristol, United Kingdom",,,,f,20.0,t,t,St George West,51.46037,-2.55151,Entire home/apt,4.0,1.0,1 bath,1.0,2.0,2.0,28.0,2.0,1125.0,7.0,39.0,48.0,f,14.0,4.0
2017-08-11,"Bristol, United Kingdom",within an hour,100%,92%,f,37.0,t,t,Central,51.45929,-2.60825,Entire home/apt,2.0,1.0,1 bath,1.0,1.0,1.0,365.0,1.0,999.0,30.0,365.0,3.0,t,25.0,0.0
2015-02-23,"England, United Kingdom",,,,f,1.0,t,t,Southville,51.44416,-2.60867,Private room,2.0,1.0,1 shared bath,1.0,1.0,2.0,99.0,2.0,99.0,0.0,30.0,0.0,f,1.0,1.0
2023-02-17,,within an hour,100%,99%,f,156.0,t,t,Southmead,51.49309,-2.60919,Entire home/apt,8.0,2.0,2 baths,4.0,6.0,1.0,365.0,1.0,7.0,6.0,93.0,8.0,t,8.0,0.0
2016-01-26,"Bristol, United Kingdom",within a few hours,100%,,f,1.0,t,t,St George Central,51.46074,-2.53626,Private room,2.0,1.0,1 shared bath,1.0,1.0,1.0,40.0,1.0,40.0,29.0,364.0,8.0,f,1.0,1.0
2018-01-16,"Bristol, United Kingdom",a few days or more,0%,40%,f,6.0,t,t,Horfield,51.48969,-2.58517,Private room,1.0,1.0,1 bath,1.0,1.0,7.0,365.0,7.0,365.0,17.0,352.0,0.0,f,6.0,6.0
2015-09-14,"Bristol, United Kingdom",within a day,100%,91%,t,1.0,t,t,Windmill Hill,51.44435,-2.58028,Entire home/apt,4.0,1.0,1 bath,2.0,2.0,2.0,14.0,2.0,14.0,29.0,357.0,106.0,f,1.0,0.0
2016-02-09,"Bristol, United Kingdom",within an hour,100%,99%,t,2.0,t,t,Cotham,51.46894,-2.60406,Entire home/apt,2.0,1.0,1 bath,1.0,1.0,2.0,365.0,2.0,365.0,23.0,248.0,62.0,f,1.0,0.0
2016-03-31,"Bristol, United Kingdom",within an hour,100%,100%,f,210.0,t,t,Clifton Down,51.462708,-2.614004,Entire home/apt,2.0,1.0,1 bath,1.0,1.0,1.0,365.0,1.0,365.0,10.0,343.0,23.0,f,148.0,3.0
2018-05-27,"Bristol, United Kingdom",within an hour,100%,100%,t,1.0,t,t,Lawrence Hill,51.46721,-2.56655,Private room,2.0,1.0,1 private bath,2.0,2.0,2.0,7.0,2.0,7.0,29.0,364.0,96.0,f,1.0,1.0
2014-12-12,"Bristol, United Kingdom",within a few hours,100%,94%,t,2.0,t,t,Eastville,51.47733,-2.53878,Entire home/apt,2.0,1.0,1 bath,0.0,1.0,2.0,1125.0,2.0,1125.0,25.0,146.0,151.0,f,2.0,0.0
2016-03-25,"Bristol, United Kingdom",within an hour,75%,75%,f,1.0,t,t,Frome Vale,51.48307177646494,-2.529147611376492,Entire home/apt,6.0,1.0,1 bath,4.0,4.0,3.0,365.0,3.0,365.0,21.0,353.0,0.0,f,1.0,0.0
2014-04-07,"Bristol, United Kingdom",within an hour,100%,0%,f,1.0,t,t,Cotham,51.46437,-2.60411,Entire home/apt,6.0,1.0,1 bath,4.0,4.0,1.0,365.0,1.0,365.0,13.0,79.0,0.0,f,1.0,0.0
2017-08-11,"Bristol, United Kingdom",within an hour,100%,92%,f,37.0,t,t,Hotwells & Harbourside,51.4550102,-2.6041519,Entire home/apt,2.0,1.0,1 bath,1.0,1.0,2.0,365.0,1.0,999.0,0.0,0.0,0.0,t,25.0,0.0
2024-08-19,,within an hour,100%,99%,f,11.0,t,t,Lawrence Hill,51.45274449740126,-2.5778763252398456,Entire home/apt,6.0,1.5,1.5 baths,2.0,4.0,2.0,365.0,2.0,365.0,24.0,31.0,15.0,t,2.0,0.0
2013-03-21,"Bristol, United Kingdom",within an hour,100%,99%,f,14.0,t,t,Central,51.45693,-2.60767,Entire home/apt,2.0,1.0,1 bath,1.0,1.0,3.0,365.0,3.0,1125.0,10.0,262.0,20.0,t,11.0,7.0
2016-06-06,"Bristol, United Kingdom",within an hour,100%,100%,t,2.0,t,t,Ashley,51.47103,-2.57971,Private room,2.0,0.5,Shared half-bath,1.0,1.0,3.0,30.0,3.0,30.0,0.0,113.0,141.0,f,2.0,2.0
2013-05-13,"Bristol, United Kingdom",,,,f,1.0,t,t,Cotham,51.46714,-2.60138,Entire home/apt,8.0,3.0,3 baths,4.0,0.0,30.0,60.0,30.0,60.0,23.0,173.0,0.0,f,1.0,0.0
2020-11-18,,within an hour,100%,72%,t,1.0,t,t,Southmead,51.493023105588335,-2.611095553442377,Entire home/apt,2.0,1.0,1 bath,1.0,1.0,2.0,365.0,2.0,365.0,4.0,130.0,39.0,f,1.0,0.0
2017-10-11,,within an hour,100%,96%,f,39.0,t,t,Clifton Down,51.46669,-2.60971,Entire home/apt,6.0,1.0,1 bath,2.0,3.0,29.0,365.0,29.0,365.0,29.0,364.0,0.0,f,25.0,0.0
2014-05-26,"England, United Kingdom",,,,f,1.0,t,t,Brislington West,51.44408,-2.55257,Private room,1.0,1.0,1 shared bath,1.0,0.0,1.0,365.0,1.0,365.0,23.0,358.0,0.0,f,1.0,1.0
2015-06-23,"Bristol, United Kingdom",within a day,100%,40%,f,1.0,t,t,Ashley,51.46906,-2.593,Entire home/apt,6.0,3.0,3 baths,4.0,4.0,3.0,365.0,2.0,365.0,0.0,36.0,9.0,f,1.0,0.0
2016-04-18,"England, United Kingdom",within a few hours,100%,100%,f,2.0,t,t,Windmill Hill,51.4377,-2.59619,Private room,1.0,1.0,1 shared bath,1.0,1.0,14.0,60.0,21.0,60.0,0.0,75.0,20.0,f,2.0,2.0
2014-07-05,"Bristol, United Kingdom",within an hour,100%,100%,,11.0,t,t,Ashley,51.46798,-2.57444,Entire home/apt,5.0,2.0,2 baths,3.0,4.0,2.0,14.0,2.0,14.0,5.0,6.0,56.0,f,1.0,0.0
2014-01-09,"Bristol, United Kingdom",within a day,88%,26%,f,2.0,t,t,Bedminster,51.43799,-2.60643,Private room,2.0,1.0,1 shared bath,1.0,1.0,2.0,30.0,2.0,30.0,14.0,64.0,23.0,f,2.0,1.0
2015-04-15,"Bristol, United Kingdom",within a day,60%,40%,f,2.0,t,t,Easton,51.46577,-2.55555,Private room,2.0,1.0,1 private bath,1.0,1.0,1.0,60.0,1.0,60.0,0.0,126.0,27.0,f,2.0,1.0
2017-12-30,"Bristol, United Kingdom",within an hour,100%,97%,t,27.0,t,t,Clifton Down,51.46629,-2.60794,Entire home/apt,10.0,3.0,3 baths,5.0,5.0,1.0,1125.0,2.0,1125.0,0.0,4.0,81.0,f,21.0,0.0
2014-07-14,"Bristol, United Kingdom",within an hour,100%,85%,t,1.0,t,t,Ashley,51.46809,-2.58578,Private room,2.0,1.0,1 shared bath,1.0,1.0,2.0,31.0,2.0,31.0,14.0,136.0,95.0,f,1.0,1.0
2012-03-17,"Bristol, United Kingdom",within a day,100%,63%,t,1.0,t,t,Westbury-on-Trym & Henleaze,51.49491,-2.61879,Private room,3.0,1.0,1 private bath,2.0,2.0,2.0,1125.0,2.0,1125.0,0.0,142.0,110.0,f,1.0,1.0
2019-05-06,,within an hour,100%,97%,t,1.0,t,t,Filwood,51.42846,-2.59216,Private room,2.0,1.0,1 shared bath,1.0,1.0,1.0,35.0,1.0,1125.0,27.0,116.0,291.0,t,1.0,1.0
2022-06-30,,within an hour,100%,100%,f,54.0,t,t,St George West,51.46031584147507,-2.5502098584891693,Entire home/apt,4.0,1.0,1 bath,1.0,2.0,1.0,365.0,2.0,99.0,0.0,11.0,1.0,t,32.0,0.0
2025-02-15,,within a day,89%,88%,f,1.0,t,t,St George Central,51.464692268062834,-2.52,Entire home/apt,2.0,1.0,1 bath,1.0,1.0,1.0,90.0,1.0,1125.0,21.0,321.0,0.0,t,1.0,0.0
2013-04-30,"Bristol, United Kingdom",within an hour,100%,84%,t,4.0,t,t,Hengrove & Whitchurch Park,51.41853,-2.56291,Private room,2.0,1.0,1 shared bath,1.0,4.0,1.0,30.0,1.0,1125.0,28.0,363.0,120.0,f,4.0,4.0
2024-05-02,"Bristol, United Kingdom",within an hour,100%,95%,t,1.0,f,t,Stoke Bishop,51.47557963513079,-2.6347077288360654,Entire home/apt,8.0,3.0,3 baths,4.0,4.0,1.0,365.0,1.0,365.0,5.0,278.0,48.0,f,1.0,0.0
2016-03-31,"Bristol, United Kingdom",within an hour,100%,100%,f,210.0,t,t,Southville,51.4407519,-2.60013,Entire home/apt,2.0,1.0,1 bath,1.0,1.0,1.0,365.0,1.0,365.0,17.0,79.0,0.0,t,148.0,3.0
2019-01-14,"Bristol, United Kingdom",within an hour,100%,100%,t,60.0,t,t,Cotham,51.47134,-2.60788,Entire home/apt,4.0,1.5,1.5 baths,2.0,2.0,2.0,1125.0,2.0,2.0,26.0,57.0,111.0,t,47.0,0.0
2021-07-26,"Bristol, United Kingdom",within a few hours,98%,81%,f,4.0,t,t,Ashley,51.4653,-2.58942,Private room,2.0,1.0,1 private bath,1.0,1.0,1.0,1125.0,1.0,1125.0,27.0,357.0,129.0,f,4.0,4.0
2020-01-03,,within an hour,100%,100%,t,1.0,t,t,Clifton Down,51.46733,-2.61241,Entire home/apt,4.0,3.0,3 baths,2.0,2.0,2.0,1125.0,2.0,1125.0,0.0,61.0,110.0,f,1.0,0.0
2017-01-16,"Bristol, United Kingdom",within an hour,100%,87%,t,3.0,t,t,Ashley,51.46562791020435,-2.5885868445038795,Entire home/apt,2.0,1.0,1 bath,1.0,1.0,2.0,1125.0,2.0,1125.0,25.0,357.0,12.0,f,3.0,2.0
2021-09-15,"Fremington, United Kingdom",within an hour,100%,95%,t,5.0,t,t,Avonmouth & Lawrence Weston,51.4947242,-2.6653356,Entire home/apt,6.0,1.0,1 bath,3.0,5.0,1.0,365.0,1.0,1125.0,4.0,306.0,26.0,f,4.0,0.0
2016-03-31,"Bristol, United Kingdom",within an hour,100%,100%,f,210.0,t,t,Clifton Down,51.4633429,-2.6099563,Entire home/apt,2.0,1.0,1 bath,0.0,1.0,1.0,365.0,1.0,365.0,21.0,333.0,69.0,f,148.0,3.0
2015-09-01,"Bristol, United Kingdom",within a day,83%,42%,f,2.0,t,t,Ashley,51.47141,-2.59073,Entire home/apt,2.0,0.0,0 baths,1.0,1.0,1.0,365.0,1.0,365.0,2.0,231.0,10.0,f,2.0,1.0
2020-01-30,"England, United Kingdom",within an hour,100%,100%,f,2.0,t,t,Hartcliffe & Withywood,51.40966397475847,-2.619812015237017,Private room,2.0,1.0,1 shared bath,1.0,1.0,1.0,365.0,1.0,365.0,19.0,204.0,0.0,f,2.0,1.0
2018-11-19,"England, United Kingdom",within an hour,100%,96%,t,1.0,t,t,Bishopsworth,51.42852,-2.61054,Private room,2.0,1.0,1 private bath,1.0,1.0,2.0,7.0,2.0,1125.0,27.0,91.0,50.0,t,1.0,1.0
2020-07-10,,,,,f,12.0,t,t,Ashley,51.46156,-2.58528,Entire home/apt,11.0,1.5,1.5 baths,3.0,8.0,2.0,90.0,2.0,1125.0,22.0,338.0,171.0,f,9.0,0.0
2020-06-06,"Bristol, United Kingdom",within an hour,100%,36%,t,1.0,t,f,Henbury & Brentry,51.5,-2.617051813887504,Private room,1.0,1.0,1 shared bath,1.0,1.0,1.0,1125.0,1.0,1125.0,29.0,269.0,5.0,f,1.0,1.0
2016-03-31,"Bristol, United Kingdom",within an hour,100%,100%,f,210.0,t,t,Lawrence Hill,51.4568807,-2.5816885,Entire home/apt,2.0,0.0,0 baths,,1.0,1.0,365.0,1.0,365.0,4.0,315.0,6.0,t,148.0,3.0
2023-06-19,"London, United Kingdom",within an hour,100%,92%,f,7.0,t,t,Windmill Hill,51.4402819,-2.5785965,Entire home/apt,2.0,1.0,1 bath,1.0,1.0,1.0,365.0,2.0,1125.0,0.0,2.0,14.0,t,4.0,0.0
2012-07-11,"Bristol, United Kingdom",within an hour,100%,100%,f,6.0,t,t,Cotham,51.46486,-2.5921,Entire home/apt,2.0,1.0,1 bath,1.0,1.0,3.0,90.0,3.0,90.0,9.0,323.0,99.0,f,5.0,0.0
2020-02-09,"England, United Kingdom",within an hour,100%,99%,t,1.0,t,t,Cotham,51.4653,-2.59173,Entire home/apt,4.0,1.0,1 bath,2.0,3.0,2.0,1125.0,2.0,1125.0,14.0,101.0,218.0,f,1.0,0.0
2014-12-27,"England, United Kingdom",within a day,100%,60%,f,1.0,t,t,Bedminster,51.4390230576586,-2.6097234343387914,Entire home/apt,4.0,1.0,1 bath,2.0,2.0,2.0,31.0,2.0,31.0,13.0,145.0,0.0,f,1.0,0.0
2014-11-25,"Bristol, United Kingdom",within an hour,100%,86%,f,1.0,t,t,Clifton,51.45407,-2.62213,Entire home/apt,2.0,1.0,1 bath,1.0,1.0,2.0,365.0,1.0,365.0,0.0,74.0,20.0,f,1.0,0.0
2021-08-11,,within a day,100%,,f,1.0,t,f,Lawrence Hill,51.462392,-2.5761853,Entire home/apt,7.0,1.0,1 bath,4.0,5.0,2.0,365.0,2.0,365.0,20.0,247.0,1.0,t,1.0,0.0
2015-02-09,"England, United Kingdom",within a few hours,100%,87%,f,1.0,t,t,Clifton,51.4562,-2.61225,Entire home/apt,4.0,1.0,1 bath,1.0,2.0,2.0,1125.0,2.0,1125.0,26.0,77.0,103.0,f,1.0,0.0
2015-07-31,"Bristol, United Kingdom",a few days or more,0%,14%,f,1.0,t,t,Lawrence Hill,51.45604,-2.56944,Private room,4.0,1.0,1 shared bath,1.0,2.0,1.0,4.0,1.0,4.0,29.0,88.0,43.0,f,1.0,1.0
2013-08-03,"Frome, United Kingdom",within a day,100%,100%,f,1.0,t,t,Ashley,51.475201,-2.579693,Private room,2.0,1.0,1 private bath,1.0,1.0,2.0,9.0,2.0,9.0,28.0,88.0,19.0,f,1.0,1.0
2021-04-20,"Bristol, United Kingdom",within an hour,100%,100%,t,1.0,t,t,Westbury-on-Trym & Henleaze,51.47812,-2.60839,Entire home/apt,2.0,1.0,1 bath,1.0,1.0,2.0,1125.0,2.0,365.0,12.0,347.0,119.0,t,1.0,0.0
2016-09-13,"Bristol, United Kingdom",within an hour,100%,100%,t,1.0,t,t,Hillfields,51.477031514840505,-2.5214699283242226,Entire home/apt,2.0,1.0,1 bath,1.0,1.0,2.0,90.0,2.0,90.0,12.0,347.0,13.0,f,1.0,0.0
2021-09-26,"England, United Kingdom",within a few hours,100%,100%,f,1.0,f,t,Henbury & Brentry,51.5,-2.6282771676778798,Private room,1.0,1.0,1 shared bath,1.0,1.0,3.0,84.0,3.0,84.0,11.0,161.0,0.0,f,1.0,1.0
2017-04-19,"Bristol, United Kingdom",within an hour,100%,98%,t,1.0,t,f,Ashley,51.46294,-2.58476,Entire home/apt,4.0,2.0,2 baths,2.0,2.0,2.0,31.0,2.0,30.0,14.0,185.0,70.0,f,1.0,0.0
2016-03-28,"Bristol, United Kingdom",,,73%,f,2.0,t,t,Henbury & Brentry,51.5,-2.61921,Private room,2.0,1.0,1 shared bath,1.0,1.0,1.0,1125.0,1.0,1125.0,17.0,352.0,2.0,t,2.0,2.0
2016-07-26,"Bristol, United Kingdom",within an hour,100%,98%,t,1.0,t,t,Southville,51.443027006474864,-2.6123880967497826,Entire home/apt,2.0,1.0,1 bath,1.0,1.0,2.0,30.0,1.0,1125.0,15.0,202.0,39.0,f,1.0,0.0
2015-12-18,"Bristol, United Kingdom",within an hour,100%,97%,f,33.0,t,t,Redland,51.47543,-2.60977,Entire home/apt,2.0,1.0,1 bath,1.0,1.0,7.0,365.0,7.0,365.0,0.0,91.0,4.0,t,26.0,0.0
2021-07-03,"Cheltenham, United Kingdom",within an hour,83%,100%,f,15.0,t,t,Lawrence Hill,51.45963,-2.58406,Entire home/apt,2.0,1.0,1 bath,0.0,1.0,2.0,28.0,2.0,1125.0,11.0,342.0,94.0,t,15.0,0.0
2016-03-31,"Bristol, United Kingdom",within an hour,100%,100%,f,210.0,t,t,Central,51.45393,-2.60005,Entire home/apt,2.0,0.0,0 baths,0.0,1.0,1.0,365.0,1.0,365.0,25.0,143.0,14.0,t,148.0,3.0
2015-03-20,"Bristol, United Kingdom",within an hour,100%,100%,t,2.0,t,t,Redland,51.47619,-2.59096,Private room,2.0,1.0,1 private bath,1.0,1.0,1.0,7.0,1.0,1125.0,6.0,330.0,390.0,f,2.0,2.0
2014-05-18,"England, United Kingdom",within an hour,100%,82%,f,1.0,t,t,Cotham,51.46243,-2.60218,Entire home/apt,6.0,1.5,1.5 baths,4.0,4.0,2.0,28.0,2.0,28.0,28.0,356.0,5.0,f,1.0,0.0
2016-10-17,"Bristol, United Kingdom",within an hour,100%,100%,t,1.0,t,t,Lawrence Hill,51.45603,-2.58177,Entire home/apt,3.0,1.0,1 bath,1.0,2.0,4.0,28.0,1.0,1125.0,10.0,157.0,243.0,f,1.0,0.0
2024-04-01,"Bristol, United Kingdom",within a few hours,100%,99%,t,1.0,t,t,Easton,51.4665,-2.55507,Private room,2.0,1.0,1 shared bath,1.0,1.0,1.0,31.0,1.0,31.0,13.0,240.0,26.0,f,1.0,1.0
2024-04-23,,within an hour,80%,73%,f,5.0,t,t,Clifton Down,51.45963541817344,-2.6102181950276786,Private room,3.0,1.0,1 bath,1.0,3.0,1.0,365.0,1.0,365.0,21.0,244.0,0.0,t,5.0,5.0
2022-10-06,"Bristol, United Kingdom",,,100%,f,1.0,t,f,St George West,51.4634453,-2.5515926,Entire home/apt,4.0,1.0,1 bath,1.0,2.0,2.0,1125.0,3.0,1125.0,0.0,17.0,5.0,f,1.0,0.0
2015-09-01,"Bristol, United Kingdom",within an hour,100%,63%,f,1.0,t,t,Brislington East,51.43374761046008,-2.544233549798577,Private room,2.0,1.0,1 shared bath,1.0,2.0,1.0,365.0,1.0,365.0,8.0,158.0,1.0,f,1.0,1.0
2021-06-27,"England, United Kingdom",within a few hours,100%,100%,f,2.0,f,f,Henbury & Brentry,51.5,-2.62108,Private room,1.0,1.0,1 shared bath,1.0,1.0,3.0,1125.0,3.0,1125.0,19.0,302.0,11.0,f,2.0,1.0
2016-07-24,"Bristol, United Kingdom",,,100%,f,1.0,t,t,Ashley,51.46018,-2.58741,Private room,2.0,1.0,1 private bath,1.0,1.0,3.0,120.0,1.0,120.0,29.0,364.0,12.0,f,1.0,1.0
2013-09-26,"Bristol, United Kingdom",within an hour,100%,100%,t,1.0,t,t,Lawrence Hill,51.46129,-2.56385,Entire home/apt,2.0,1.0,1 bath,1.0,1.0,1.0,180.0,1.0,1125.0,10.0,54.0,452.87,f,1.0,0.0
2015-03-31,"England, United Kingdom",within an hour,100%,62%,,2.0,t,t,Ashley,51.46841209999999,-2.5855676,Entire home/apt,4.0,1.0,1 bath,2.0,2.0,2.0,10.0,2.0,10.0,2.0,22.0,3.0,f,1.0,0.0
2019-09-13,"Bristol, United Kingdom",within an hour,100%,100%,t,1.0,t,t,Lawrence Hill,51.45739708648525,-2.580320138098146,Entire home/apt,6.0,2.0,2 baths,3.0,3.0,1.0,1125.0,1.0,1125.0,13.0,188.0,107.0,f,1.0,0.0
2017-10-11,,within an hour,100%,96%,f,39.0,t,t,Windmill Hill,51.44368,-2.57896,Entire home/apt,4.0,1.0,1 bath,2.0,2.0,2.0,365.0,2.0,365.0,21.0,356.0,15.0,t,25.0,0.0
2022-06-30,,within an hour,100%,100%,f,54.0,t,t,Central,51.45582,-2.59483,Entire home/apt,2.0,1.0,1 bath,0.0,1.0,1.0,365.0,1.0,1.0,29.0,267.0,1.0,t,32.0,0.0
2013-10-07,"Bristol, United Kingdom",within an hour,100%,100%,f,1.0,t,t,Lawrence Hill,51.45278265765791,-2.575962663135554,Entire home/apt,4.0,1.0,1 bath,2.0,3.0,2.0,365.0,2.0,365.0,25.0,357.0,3.0,f,1.0,0.0
2022-01-18,,within an hour,100%,99%,t,9.0,t,t,Southville,51.44258,-2.60133,Private room,3.0,1.0,1 private bath,1.0,2.0,1.0,365.0,1.0,365.0,17.0,282.0,20.0,t,9.0,5.0
2016-03-31,"Bristol, United Kingdom",within an hour,100%,100%,f,210.0,t,t,Central,51.4506,-2.59656,Hotel room,2.0,1.0,1 bath,0.0,0.0,1.0,365.0,1.0,365.0,11.0,320.0,71.0,f,148.0,3.0
2025-02-06,,within an hour,100%,88%,f,1.0,t,t,Clifton,51.45728681887219,-2.612230518982661,Entire home/apt,5.0,1.0,1 bath,2.0,3.0,2.0,1125.0,2.0,365.0,26.0,357.0,2.0,t,1.0,0.0
2024-06-21,,within an hour,100%,78%,f,1.0,f,t,Frome Vale,51.48632,-2.52,Private room,1.0,1.0,1 shared bath,1.0,1.0,1.0,365.0,1.0,365.0,30.0,365.0,0.0,f,1.0,1.0
2014-06-10,"Bristol, United Kingdom",within an hour,100%,100%,t,39.0,t,f,Southmead,51.5,-2.5895968593820364,Entire home/apt,7.0,2.0,2 baths,5.0,5.0,3.0,365.0,3.0,999.0,13.0,73.0,0.0,t,20.0,0.0
2015-09-09,"Bristol, United Kingdom",,,,f,3.0,t,t,Southville,51.44261,-2.60038,Entire home/apt,4.0,1.0,1 bath,2.0,2.0,3.0,1125.0,3.0,1125.0,30.0,365.0,238.0,f,3.0,0.0
2015-10-12,"England, United Kingdom",within an hour,100%,98%,t,17.0,t,t,Central,51.460609,-2.598422,Entire home/apt,10.0,3.0,3 baths,5.0,5.0,3.0,45.0,3.0,45.0,16.0,48.0,2.0,t,15.0,0.0
2014-04-20,"Bristol, United Kingdom",within an hour,100%,83%,t,1.0,t,t,Bishopston & Ashley Down,51.48051,-2.58419,Private room,2.0,1.0,1 private bath,1.0,1.0,1.0,30.0,1.0,30.0,29.0,346.0,56.0,f,1.0,1.0
2016-03-31,"Bristol, United Kingdom",within an hour,100%,100%,f,210.0,t,t,Clifton Down,51.462551,-2.614225,Entire home/apt,2.0,1.0,1 bath,1.0,1.0,1.0,365.0,1.0,365.0,0.0,296.0,35.0,f,148.0,3.0
2016-03-31,"Bristol, United Kingdom",within an hour,100%,100%,f,210.0,t,t,Central,51.4543624,-2.5863169,Entire home/apt,2.0,1.0,1 bath,1.0,1.0,1.0,365.0,1.0,365.0,6.0,32.0,1.0,t,148.0,3.0
2019-04-20,"Bristol, United Kingdom",within an hour,100%,100%,t,1.0,t,t,Filwood,51.43195,-2.59896,Private room,2.0,1.0,1 shared bath,1.0,1.0,1.0,28.0,1.0,1125.0,2.0,14.0,152.0,f,1.0,1.0
2015-03-27,"Paris, France",within an hour,100%,94%,f,1.0,t,t,Lawrence Hill,51.45662,-2.58236,Entire home/apt,2.0,1.0,1 bath,1.0,1.0,2.0,365.0,2.0,365.0,0.0,11.0,9.0,f,1.0,0.0
2017-08-19,"Bristol, United Kingdom",within an hour,100%,0%,f,1.0,t,t,Bedminster,51.43666,-2.61393,Private room,1.0,1.5,1.5 shared baths,1.0,2.0,3.0,1125.0,3.0,1125.0,0.0,154.0,56.0,f,1.0,1.0
2016-07-13,"England, United Kingdom",within an hour,100%,94%,f,1.0,t,f,Ashley,51.46074690836489,-2.5859492000000084,Private room,2.0,1.0,1 private bath,1.0,1.0,1.0,365.0,1.0,365.0,7.0,15.0,40.0,f,1.0,1.0
2017-05-31,"Bristol, United Kingdom",within a few hours,100%,85%,t,2.0,t,t,Southmead,51.5,-2.59321,Private room,1.0,1.0,1 shared bath,1.0,1.0,2.0,15.0,2.0,15.0,25.0,175.0,13.0,f,2.0,2.0
2017-12-30,"Bristol, United Kingdom",within an hour,100%,97%,t,27.0,t,t,Ashley,51.46061,-2.58344,Entire home/apt,4.0,1.0,1 bath,1.0,2.0,4.0,1125.0,4.0,1125.0,0.0,201.0,68.0,t,21.0,0.0
2022-09-16,"Bristol, United Kingdom",,,100%,f,1.0,t,t,Avonmouth & Lawrence Weston,51.49584,-2.64611,Entire home/apt,5.0,1.0,1 bath,3.0,4.0,1.0,1125.0,7.0,1125.0,28.0,88.0,0.0,f,1.0,0.0
2016-01-05,"Bristol, United Kingdom",within a few hours,100%,,f,1.0,t,t,Brislington West,51.43899,-2.55895,Private room,2.0,1.0,1 private bath,4.0,1.0,4.0,365.0,4.0,365.0,1.0,49.0,41.0,f,1.0,1.0
2020-01-08,"Bladon, United Kingdom",,,,f,2.0,t,t,Windmill Hill,51.43977837008479,-2.578575986195792,Entire home/apt,3.0,1.0,1 bath,2.0,2.0,30.0,70.0,30.0,1125.0,0.0,63.0,0.0,t,1.0,0.0
2020-07-17,"Scottsdale, AZ",within a day,64%,13%,f,1.0,t,f,Clifton Down,51.46009280000001,-2.6146744,Entire home/apt,4.0,1.0,1 bath,2.0,2.0,1.0,365.0,1.0,365.0,0.0,187.0,0.0,f,1.0,0.0
2023-08-03,"Bristol, United Kingdom",within an hour,100%,87%,,25.0,t,t,Central,51.45778985225808,-2.597484040899712,Entire home/apt,6.0,1.0,1 bath,2.0,3.0,4.0,365.0,2.0,1125.0,20.0,64.0,8.0,t,18.0,0.0
2023-11-26,,within an hour,100%,89%,f,3.0,t,t,St George Central,51.459860508476126,-2.523020818949764,Entire home/apt,5.0,1.0,1 bath,3.0,5.0,5.0,365.0,5.0,365.0,21.0,165.0,0.0,f,1.0,0.0
2014-09-22,"Bristol, United Kingdom",within an hour,100%,100%,t,1.0,t,t,Central,51.46041,-2.59196,Entire home/apt,4.0,2.0,2 baths,2.0,2.0,7.0,365.0,2.0,1125.0,4.0,139.0,87.0,f,1.0,0.0
2015-08-05,"England, United Kingdom",within an hour,100%,84%,t,1.0,t,t,Ashley,51.46628,-2.58716,Entire home/apt,3.0,1.0,1 bath,1.0,1.0,1.0,7.0,1.0,7.0,0.0,287.0,41.0,f,1.0,0.0
2024-05-04,,within an hour,100%,100%,f,1.0,t,t,Windmill Hill,51.4440497,-2.5803703,Entire home/apt,4.0,1.5,1.5 baths,2.0,4.0,1.0,1125.0,1.0,1.0,7.0,58.0,3.0,f,1.0,0.0
2022-06-30,,within an hour,100%,100%,f,54.0,t,t,St George West,51.46064,-2.5464,Entire home/apt,4.0,1.0,1 bath,1.0,1.0,2.0,365.0,2.0,99.0,0.0,86.0,4.0,t,32.0,0.0
2011-12-05,"Bristol, United Kingdom",within an hour,100%,100%,f,1.0,t,t,Lawrence Hill,51.46347636313375,-2.572364496915071,Entire home/apt,4.0,1.0,1 bath,2.0,2.0,5.0,365.0,5.0,1125.0,0.0,17.0,2.0,f,1.0,0.0
2020-02-03,,within an hour,100%,100%,t,4.0,t,t,Clifton Down,51.47018,-2.61546,Entire home/apt,2.0,1.0,1 bath,1.0,1.0,2.0,365.0,2.0,1125.0,26.0,86.0,61.0,f,4.0,0.0
2017-10-01,"Leeds, United Kingdom",within an hour,100%,100%,f,194.0,t,t,Southville,51.44543,-2.61898,Entire home/apt,8.0,1.0,1 bath,2.0,5.0,2.0,365.0,2.0,365.0,16.0,127.0,10.0,t,22.0,0.0
2015-06-01,"Bristol, United Kingdom",within a few hours,100%,100%,f,1.0,t,t,Clifton Down,51.46423161920155,-2.6051614153442304,Private room,2.0,1.0,1 private bath,1.0,1.0,2.0,5.0,2.0,5.0,25.0,258.0,4.0,f,1.0,1.0
2015-12-18,"Bristol, United Kingdom",within an hour,100%,97%,f,33.0,t,t,Stockwood,51.42734,-2.55989,Entire home/apt,11.0,2.0,2 baths,6.0,9.0,7.0,365.0,4.0,365.0,0.0,48.0,0.0,t,26.0,0.0
2014-06-23,"London, United Kingdom",within an hour,100%,98%,t,1.0,t,t,Clifton,51.45672,-2.61545,Entire home/apt,4.0,1.0,1 bath,2.0,2.0,2.0,1125.0,2.0,1125.0,16.0,147.0,349.0,f,1.0,0.0
2024-02-22,"Bristol, United Kingdom",within an hour,100%,96%,f,4.0,t,t,Lawrence Hill,51.45288639040532,-2.5792509424091614,Entire home/apt,4.0,1.0,1 bath,2.0,3.0,3.0,365.0,2.0,1125.0,22.0,325.0,10.0,t,4.0,0.0
2023-02-21,"Clifton, United Kingdom",within an hour,100%,99%,t,3.0,t,t,Clifton,51.45283,-2.62422,Entire home/apt,2.0,1.0,1 bath,1.0,1.0,2.0,60.0,1.0,1125.0,22.0,267.0,35.0,t,2.0,0.0
2024-12-09,,within an hour,100%,100%,f,1.0,t,t,Hotwells & Harbourside,51.4508425,-2.6063308,Entire home/apt,6.0,3.0,3 baths,3.0,3.0,2.0,365.0,2.0,365.0,15.0,125.0,4.0,t,1.0,0.0
2015-04-11,"Bristol, United Kingdom",within an hour,100%,100%,f,1.0,t,t,Ashley,51.47065,-2.59091,Entire home/apt,2.0,1.0,1 bath,0.0,1.0,4.0,100.0,2.0,1125.0,28.0,88.0,192.0,t,1.0,0.0
2016-02-11,"Bristol, United Kingdom",within a few hours,100%,91%,t,1.0,t,t,Bishopsworth,51.42263,-2.6296,Entire home/apt,6.0,1.0,1 bath,3.0,0.0,1.0,365.0,1.0,365.0,2.0,34.0,36.0,f,1.0,0.0
2016-08-03,"Bristol, United Kingdom",within an hour,100%,,f,1.0,t,t,Hengrove & Whitchurch Park,51.41378,-2.58593,Private room,2.0,1.5,1.5 baths,1.0,1.0,1.0,1125.0,1.0,1125.0,0.0,77.0,17.0,f,1.0,1.0
2015-12-07,"Bristol, United Kingdom",within an hour,100%,99%,t,3.0,t,t,Westbury-on-Trym & Henleaze,51.477817701016,-2.608504593372345,Entire home/apt,2.0,1.0,1 bath,1.0,1.0,2.0,365.0,2.0,365.0,14.0,45.0,18.0,t,2.0,1.0
2016-04-25,"Leighton Buzzard, United Kingdom",within an hour,100%,87%,t,1.0,t,t,Cotham,51.4642817,-2.591925,Entire home/apt,4.0,1.0,1 bath,1.0,1.0,2.0,1125.0,2.0,1125.0,1.0,82.0,21.0,f,1.0,0.0
2015-05-03,"Bristol, United Kingdom",within an hour,100%,100%,f,3.0,t,t,St George West,51.45846,-2.5534,Private room,2.0,1.0,1 private bath,1.0,1.0,1.0,1125.0,1.0,1125.0,16.0,309.0,48.0,t,3.0,3.0
2024-02-22,"Bristol, United Kingdom",within an hour,100%,100%,t,1.0,t,t,Knowle,51.42794277050787,-2.577312514185905,Private room,1.0,1.0,1 private bath,1.0,1.0,1.0,14.0,1.0,14.0,19.0,255.0,123.0,t,1.0,1.0
2016-03-31,"Bristol, United Kingdom",within an hour,100%,100%,f,210.0,t,t,Bishopston & Ashley Down,51.4738236,-2.5855722,Entire home/apt,2.0,1.0,1 bath,1.0,1.0,1.0,365.0,1.0,365.0,0.0,200.0,27.0,t,148.0,3.0
2016-03-31,"Bristol, United Kingdom",within an hour,100%,100%,f,210.0,t,t,Hotwells & Harbourside,51.449651,-2.6152811,Entire home/apt,4.0,1.0,1 bath,2.0,2.0,1.0,365.0,1.0,365.0,18.0,329.0,22.0,t,148.0,3.0
2017-12-30,"Bristol, United Kingdom",within an hour,100%,97%,t,27.0,t,t,Ashley,51.46915,-2.59307,Entire home/apt,8.0,3.0,3 baths,4.0,4.0,1.0,1125.0,2.0,1125.0,2.0,2.0,5.0,f,21.0,0.0
2019-01-14,"Bristol, United Kingdom",within an hour,100%,100%,t,60.0,t,t,Hotwells & Harbourside,51.4520823,-2.603859,Entire home/apt,2.0,1.0,1 bath,1.0,2.0,2.0,1125.0,2.0,2.0,0.0,37.0,0.0,t,47.0,0.0
2016-04-03,"Bristol, United Kingdom",within an hour,80%,96%,f,6.0,t,t,Lockleaze,51.49465482889965,-2.5670878752228994,Private room,2.0,1.5,1.5 shared baths,1.0,1.0,1.0,365.0,1.0,1125.0,30.0,365.0,0.0,t,5.0,5.0
2013-03-21,"Bristol, United Kingdom",within an hour,100%,99%,f,14.0,t,t,Horfield,51.49437603012302,-2.593035375971818,Private room,2.0,0.5,Shared half-bath,1.0,1.0,5.0,365.0,5.0,365.0,0.0,318.0,1.0,t,11.0,7.0
2024-08-02,,within an hour,100%,96%,f,1.0,t,t,Cotham,51.4707,-2.60834,Entire home/apt,2.0,1.0,1 bath,1.0,1.0,2.0,1125.0,1.0,365.0,20.0,346.0,14.0,t,1.0,0.0
2014-05-20,"Bristol, United Kingdom",within a few hours,100%,98%,t,1.0,t,t,Lawrence Hill,51.45759963989258,-2.578339099884033,Private room,2.0,1.0,1 private bath,1.0,1.0,1.0,60.0,1.0,60.0,1.0,185.0,325.0,f,1.0,1.0
2022-04-04,"Bristol, United Kingdom",within an hour,100%,100%,f,19.0,t,t,Southville,51.44534,-2.59223,Entire home/apt,2.0,1.0,1 bath,1.0,1.0,2.0,1125.0,1.0,1125.0,20.0,49.0,8.0,t,14.0,0.0
2017-12-30,"Bristol, United Kingdom",within an hour,100%,97%,t,27.0,t,t,Clifton,51.45328,-2.62055,Entire home/apt,6.0,3.0,3 baths,3.0,3.0,2.0,365.0,2.0,365.0,16.0,85.0,17.0,f,21.0,0.0
2017-10-28,"England, United Kingdom",a few days or more,0%,0%,f,1.0,t,t,Cotham,51.46804,-2.60148,Private room,1.0,0.5,Half-bath,1.0,1.0,1.0,365.0,1.0,365.0,29.0,89.0,0.0,f,1.0,1.0
2014-02-23,,within a day,100%,49%,t,2.0,t,t,Clifton,51.45916,-2.62558,Private room,1.0,1.0,1 shared bath,1.0,1.0,1.0,1125.0,1.0,1125.0,0.0,138.0,165.0,f,2.0,2.0
2015-02-17,"Bristol, United Kingdom",within a day,100%,88%,t,2.0,t,t,St George Troopers Hill,51.45315,-2.53477,Private room,1.0,1.0,1 shared bath,1.0,1.0,1.0,30.0,1.0,30.0,0.0,76.0,35.0,f,2.0,2.0
2021-06-28,"Bristol, United Kingdom",within an hour,100%,98%,f,2.0,t,t,Brislington West,51.44050928107306,-2.554399964748426,Entire home/apt,5.0,2.0,2 baths,2.0,3.0,2.0,10.0,1.0,10.0,8.0,329.0,110.0,t,2.0,0.0
2024-02-06,"Nailsea, United Kingdom",within an hour,100%,100%,t,1.0,t,t,Bedminster,51.4398417,-2.6076674,Entire home/apt,7.0,1.5,1.5 baths,2.0,4.0,2.0,31.0,2.0,1125.0,22.0,303.0,35.0,t,1.0,0.0
2023-02-23,,a few days or more,0%,0%,f,1.0,t,t,Avonmouth & Lawrence Weston,51.49081,-2.65051,Entire home/apt,4.0,1.0,1 bath,3.0,3.0,1.0,365.0,1.0,365.0,27.0,87.0,5.0,f,1.0,0.0
2020-02-24,,within an hour,100%,100%,t,3.0,t,t,Central,51.45028,-2.59065,Entire home/apt,2.0,1.0,1 bath,1.0,1.0,2.0,365.0,2.0,365.0,25.0,309.0,16.0,f,1.0,0.0
2021-01-30,"Bristol, United Kingdom",within a day,100%,79%,t,1.0,t,t,Windmill Hill,51.44158359999999,-2.5752806,Entire home/apt,4.0,2.0,2 baths,2.0,2.0,2.0,5.0,2.0,5.0,1.0,79.0,25.0,f,1.0,0.0
2017-10-11,,within an hour,100%,96%,f,39.0,t,t,Ashley,51.46123,-2.58715,Entire home/apt,6.0,1.0,1 bath,1.0,4.0,2.0,365.0,2.0,365.0,18.0,353.0,28.0,t,25.0,0.0
2024-09-29,,within a few hours,70%,76%,f,3.0,f,t,Lawrence Hill,51.46561852635224,-2.569564306745915,Entire home/apt,3.0,1.0,1 bath,2.0,2.0,1.0,365.0,1.0,365.0,28.0,349.0,3.0,f,3.0,0.0
2016-03-31,"Bristol, United Kingdom",within an hour,100%,100%,f,210.0,t,t,Clifton Down,51.459644,-2.610894,Entire home/apt,2.0,1.0,1 bath,1.0,1.0,1.0,365.0,1.0,365.0,6.0,259.0,236.0,f,148.0,3.0
2023-08-02,,within an hour,90%,98%,t,7.0,t,t,Eastville,51.4736374356178,-2.549216710031033,Entire home/apt,6.0,2.0,2 baths,2.0,5.0,2.0,1125.0,2.0,2.0,14.0,221.0,19.0,t,3.0,0.0
2016-11-16,"Bristol, United Kingdom",within an hour,100%,100%,f,6.0,t,t,Central,51.46036,-2.5935,Entire home/apt,4.0,1.5,1.5 baths,2.0,2.0,2.0,1125.0,2.0,1125.0,4.0,227.0,7.0,t,6.0,0.0
2017-10-11,,within an hour,100%,96%,f,39.0,t,t,Clifton,51.45731,-2.61049,Entire home/apt,4.0,1.0,1 bath,1.0,2.0,2.0,365.0,2.0,365.0,30.0,324.0,19.0,t,25.0,0.0
2016-11-17,"Bristol, United Kingdom",within an hour,100%,89%,t,2.0,t,t,St George Troopers Hill,51.45429,-2.53226,Entire home/apt,9.0,2.0,2 baths,3.0,6.0,2.0,1125.0,2.0,1125.0,12.0,256.0,413.0,f,1.0,0.0
2019-10-03,"Bristol, United Kingdom",,,100%,f,1.0,t,t,St George Central,51.46406,-2.53416,Entire home/apt,2.0,1.0,1 bath,1.0,1.0,3.0,9.0,3.0,9.0,0.0,199.0,2.0,f,1.0,0.0
2022-01-22,"Bristol, United Kingdom",within an hour,100%,100%,f,6.0,t,t,Horfield,51.4966117,-2.5798895,Entire home/apt,12.0,2.0,2 baths,6.0,6.0,5.0,365.0,1.0,365.0,21.0,76.0,6.0,t,4.0,0.0
2014-04-10,"Bristol, United Kingdom",within a few hours,100%,0%,f,2.0,t,t,Knowle,51.43719,-2.57714,Private room,1.0,1.5,1.5 shared baths,1.0,1.0,5.0,28.0,5.0,28.0,30.0,365.0,0.0,f,2.0,2.0
2016-06-28,"Bristol, United Kingdom",within an hour,100%,50%,f,1.0,t,t,St George Troopers Hill,51.45766432085935,-2.527492361669492,Private room,1.0,1.0,1 shared bath,1.0,1.0,1.0,60.0,1.0,60.0,6.0,324.0,3.0,f,1.0,1.0
2015-09-29,"Bristol, United Kingdom",within a day,100%,93%,f,5.0,t,t,Ashley,51.46631,-2.58105,Entire home/apt,2.0,1.0,1 bath,0.0,1.0,3.0,1125.0,3.0,1125.0,21.0,81.0,82.0,f,5.0,0.0
2022-04-04,"Bristol, United Kingdom",within an hour,100%,100%,f,19.0,t,t,Cotham,51.465143,-2.5904907,Entire home/apt,4.0,1.0,1 bath,2.0,2.0,2.0,1125.0,2.0,1125.0,20.0,313.0,1.0,t,14.0,0.0
2014-06-27,"Bristol, United Kingdom",within an hour,100%,96%,t,2.0,t,t,Southmead,51.5,-2.60358,Entire home/apt,2.0,1.0,1 bath,1.0,1.0,4.0,90.0,4.0,1125.0,27.0,87.0,14.0,f,2.0,0.0
2017-03-21,"England, United Kingdom",within an hour,100%,98%,t,3.0,t,t,Central,51.45598,-2.59195,Entire home/apt,2.0,1.0,1 bath,1.0,1.0,2.0,30.0,1.0,1125.0,10.0,239.0,204.0,f,3.0,0.0
2015-06-20,"Bristol, United Kingdom",within a day,100%,84%,t,2.0,t,t,Central,51.452789035242894,-2.5967230747026657,Entire home/apt,2.0,1.0,1 bath,1.0,1.0,2.0,365.0,2.0,365.0,0.0,48.0,0.0,f,2.0,0.0
2022-11-30,,within an hour,100%,100%,f,14.0,t,t,Lawrence Hill,51.4564,-2.57974,Entire home/apt,4.0,1.0,1 bath,1.0,3.0,1.0,365.0,1.0,731.0,11.0,150.0,8.0,t,14.0,0.0
2016-03-31,"Bristol, United Kingdom",within an hour,100%,100%,f,210.0,t,t,Clifton Down,51.4633429,-2.6099563,Entire home/apt,2.0,1.0,1 bath,1.0,0.0,1.0,365.0,1.0,365.0,2.0,335.0,42.0,f,148.0,3.0
2022-04-04,"Bristol, United Kingdom",within an hour,100%,100%,f,19.0,t,t,Westbury-on-Trym & Henleaze,51.493938385272834,-2.6186171128292948,Entire home/apt,4.0,1.0,1 bath,2.0,2.0,2.0,365.0,2.0,365.0,23.0,113.0,0.0,t,14.0,0.0
2014-08-03,"London, United Kingdom",within an hour,100%,73%,f,9.0,t,t,Clifton,51.45442,-2.61984,Entire home/apt,7.0,2.0,2 baths,6.0,7.0,5.0,365.0,5.0,365.0,0.0,259.0,0.0,f,6.0,0.0
2018-04-18,,within a day,100%,100%,f,1.0,f,t,Westbury-on-Trym & Henleaze,51.49076,-2.60989,Entire home/apt,6.0,1.0,1 bath,3.0,3.0,2.0,10.0,1.0,10.0,7.0,9.0,11.0,f,1.0,0.0
2023-03-04,,within an hour,100%,100%,f,1.0,t,t,Cotham,51.46701,-2.59603,Entire home/apt,4.0,1.0,1 bath,2.0,2.0,2.0,1125.0,2.0,365.0,16.0,343.0,27.0,t,1.0,0.0
2019-08-19,,within an hour,100%,100%,t,5.0,t,t,Central,51.45344924926758,-2.592478036880493,Entire home/apt,2.0,1.0,1 bath,1.0,1.0,7.0,200.0,2.0,999.0,13.0,230.0,52.0,t,5.0,0.0
2013-10-15,"England, United Kingdom",,,67%,f,1.0,t,t,Stockwood,51.42755,-2.55765,Entire home/apt,6.0,3.5,3.5 baths,3.0,4.0,3.0,365.0,3.0,365.0,8.0,44.0,11.0,f,1.0,0.0
2016-06-03,"England, United Kingdom",within a day,100%,100%,f,1.0,t,t,Lawrence Hill,51.45634,-2.58033,Entire home/apt,2.0,1.0,1 bath,1.0,1.0,3.0,90.0,5.0,90.0,27.0,362.0,4.0,f,1.0,0.0
2016-05-24,"Bristol, United Kingdom",within a few hours,100%,87%,f,1.0,t,t,Brislington West,51.4395,-2.55258,Entire home/apt,4.0,1.0,1 bath,2.0,2.0,3.0,1125.0,1.0,1125.0,20.0,289.0,117.0,f,1.0,0.0
2015-04-03,,within a few hours,90%,57%,f,1.0,t,f,Hengrove & Whitchurch Park,51.4121,-2.58571,Private room,1.0,1.0,1 private bath,1.0,1.0,1.0,28.0,1.0,28.0,29.0,363.0,3.0,f,1.0,1.0
2020-03-06,"Bristol, United Kingdom",within an hour,100%,89%,f,1.0,t,t,Easton,51.463873678200514,-2.5536416735412604,Entire home/apt,6.0,2.0,2 baths,3.0,4.0,2.0,365.0,2.0,365.0,15.0,146.0,20.0,f,1.0,0.0
2017-05-15,"Bristol, United Kingdom",within an hour,100%,98%,t,2.0,t,t,St George West,51.46087,-2.54763,Entire home/apt,4.0,2.0,2 baths,2.0,2.0,7.0,16.0,3.0,16.0,6.0,81.0,2.0,f,2.0,1.0
2014-04-25,"Bristol, United Kingdom",within an hour,100%,100%,f,2.0,t,t,Windmill Hill,51.44204,-2.57109,Entire home/apt,6.0,1.0,1 bath,3.0,4.0,2.0,1125.0,2.0,1125.0,10.0,280.0,307.0,t,1.0,0.0
2015-02-26,"Newcastle upon Tyne, United Kingdom",within an hour,100%,94%,f,8.0,t,t,Easton,51.46036,-2.55642,Entire home/apt,6.0,1.0,1 bath,3.0,3.0,2.0,28.0,2.0,1125.0,17.0,333.0,9.0,t,1.0,0.0
2015-03-17,"Bristol, United Kingdom",within a few hours,100%,97%,t,1.0,t,t,Bishopsworth,51.42262,-2.61462,Private room,2.0,1.0,1 shared bath,1.0,1.0,1.0,365.0,1.0,365.0,0.0,297.0,72.0,f,1.0,1.0
2017-02-27,"England, United Kingdom",within an hour,90%,88%,t,4.0,t,t,Southville,51.44321,-2.61243,Entire home/apt,2.0,1.5,1.5 baths,1.0,1.0,2.0,30.0,2.0,30.0,28.0,166.0,41.0,f,1.0,0.0
2015-02-28,"Bristol, United Kingdom",,,,f,1.0,t,t,Horfield,51.4874188804437,-2.587411366403103,Entire home/apt,6.0,1.5,1.5 baths,3.0,0.0,2.0,14.0,2.0,14.0,0.0,231.0,6.0,f,1.0,0.0
2016-02-07,"Bristol, United Kingdom",within an hour,100%,100%,t,1.0,t,t,Ashley,51.46661,-2.57906,Entire home/apt,4.0,1.5,1.5 baths,1.0,2.0,2.0,30.0,2.0,30.0,0.0,15.0,35.0,f,1.0,0.0
2021-05-25,"Bristol, United Kingdom",within an hour,100%,95%,t,3.0,t,t,Clifton Down,51.46310159999999,-2.6112925,Entire home/apt,4.0,1.0,1 bath,1.0,2.0,2.0,1125.0,2.0,1125.0,9.0,211.0,56.0,f,2.0,0.0
2018-04-04,"England, United Kingdom",within a day,90%,81%,f,1.0,t,t,Ashley,51.47587,-2.58061,Private room,1.0,1.0,1 private bath,1.0,1.0,1.0,365.0,1.0,365.0,24.0,83.0,251.0,f,1.0,1.0
2016-04-01,"Newbury, United Kingdom",within a few hours,100%,66%,t,136.0,t,t,Central,51.45164716337265,-2.5864632657054,Entire home/apt,2.0,1.0,1 bath,1.0,1.0,7.0,365.0,7.0,365.0,29.0,179.0,0.0,f,2.0,0.0
2021-12-01,,within an hour,99%,97%,f,46.0,t,t,Central,51.4596,-2.60736,Entire home/apt,2.0,1.0,1 bath,1.0,1.0,1.0,365.0,1.0,999.0,0.0,319.0,5.0,f,30.0,0.0
2015-05-08,"Bristol, United Kingdom",within an hour,100%,96%,t,1.0,t,t,Southmead,51.4997547927735,-2.605503762285953,Private room,1.0,1.0,1 private bath,1.0,1.0,1.0,14.0,1.0,14.0,9.0,249.0,1.0,f,1.0,1.0
2023-08-03,"Bristol, United Kingdom",within an hour,100%,87%,,25.0,t,t,Eastville,51.46775,-2.54326,Entire home/apt,10.0,1.5,1.5 baths,5.0,5.0,7.0,365.0,7.0,365.0,30.0,315.0,0.0,f,18.0,0.0
2016-07-08,"Bristol, United Kingdom",within an hour,100%,46%,f,2.0,t,t,Redland,51.47305351666362,-2.6155756985324308,Private room,2.0,1.0,1 shared bath,1.0,1.0,1.0,365.0,1.0,365.0,21.0,75.0,50.0,f,2.0,1.0
2018-07-13,,within an hour,100%,100%,f,4.0,t,t,Clifton Down,51.46466,-2.61723,Entire home/apt,4.0,2.0,2 baths,2.0,2.0,1.0,1125.0,2.0,1125.0,27.0,321.0,11.0,t,4.0,0.0
2017-10-11,,within an hour,100%,96%,f,39.0,t,t,Ashley,51.46231,-2.58736,Entire home/apt,10.0,1.0,1 bath,3.0,7.0,2.0,365.0,2.0,365.0,26.0,361.0,13.0,t,25.0,0.0
2014-06-05,"Bristol, United Kingdom",within an hour,100%,97%,t,1.0,t,t,Easton,51.46245,-2.55991,Entire home/apt,2.0,1.0,1 bath,1.0,1.0,3.0,99.0,3.0,99.0,0.0,37.0,46.0,f,1.0,0.0
2012-03-14,"London, United Kingdom",within an hour,80%,43%,f,2.0,t,t,Ashley,51.47197,-2.58435,Entire home/apt,6.0,1.0,1 bath,3.0,3.0,1.0,365.0,1.0,365.0,0.0,102.0,1.0,f,2.0,1.0
2024-05-30,"Bristol, United Kingdom",within an hour,100%,73%,f,2.0,t,t,Southmead,51.49296,-2.6053,Private room,2.0,1.0,1 shared bath,1.0,1.0,1.0,365.0,1.0,365.0,29.0,102.0,5.0,f,2.0,2.0
2012-06-05,"Bristol, United Kingdom",within an hour,100%,92%,t,1.0,t,t,Easton,51.46317,-2.5569,Entire home/apt,2.0,1.0,1 bath,1.0,1.0,3.0,21.0,3.0,1125.0,6.0,134.0,18.0,f,1.0,0.0
2023-04-27,"Bristol, United Kingdom",within an hour,100%,96%,t,2.0,t,f,Brislington West,51.44653472786082,-2.5489605590701103,Private room,1.0,1.5,1.5 shared baths,1.0,1.0,1.0,8.0,1.0,8.0,7.0,93.0,107.0,f,2.0,2.0
2022-05-17,,a few days or more,0%,0%,f,1.0,t,t,Easton,51.465786,-2.55839,Entire home/apt,4.0,1.0,1 bath,2.0,2.0,6.0,1125.0,6.0,1125.0,0.0,28.0,19.0,f,1.0,0.0
2016-11-06,"Bristol, United Kingdom",within an hour,100%,98%,t,1.0,t,t,Brislington West,51.44159,-2.55642,Private room,2.0,1.0,1 shared bath,1.0,1.0,1.0,7.0,1.0,1125.0,29.0,361.0,97.0,t,1.0,1.0
2016-03-31,"Bristol, United Kingdom",within an hour,100%,100%,f,210.0,t,t,Lawrence Hill,51.4568807,-2.5816885,Entire home/apt,2.0,0.0,0 baths,,1.0,1.0,365.0,1.0,365.0,6.0,313.0,0.0,t,148.0,3.0
2023-08-03,"Bristol, United Kingdom",within an hour,100%,87%,,25.0,t,t,Knowle,51.429439,-2.5767052,Entire home/apt,6.0,1.5,1.5 baths,3.0,3.0,4.0,365.0,2.0,1125.0,21.0,81.0,4.0,t,18.0,0.0
2023-08-03,"Bristol, United Kingdom",within an hour,100%,87%,,25.0,t,t,Henbury & Brentry,51.5,-2.606844,Entire home/apt,10.0,1.5,1.5 baths,3.0,6.0,1.0,365.0,2.0,1125.0,0.0,39.0,3.0,t,18.0,0.0
2024-05-23,,within a few hours,100%,100%,t,1.0,t,t,Clifton Down,51.46556,-2.60773,Entire home/apt,7.0,3.5,3.5 baths,4.0,4.0,2.0,1125.0,2.0,365.0,0.0,210.0,16.0,t,1.0,0.0
2023-12-11,"Bristol, United Kingdom",within an hour,100%,100%,t,3.0,t,t,Clifton Down,51.45940001724217,-2.611189485319514,Entire home/apt,6.0,1.0,1 bath,1.0,4.0,1.0,1125.0,1.0,1125.0,4.0,277.0,74.0,t,3.0,0.0
2016-07-14,"England, United Kingdom",within an hour,100%,100%,t,5.0,t,t,Horfield,51.4904095,-2.5882143,Private room,1.0,1.5,1.5 shared baths,1.0,1.0,1.0,365.0,1.0,1125.0,5.0,135.0,30.0,t,5.0,4.0
2016-03-31,"Bristol, United Kingdom",within an hour,100%,100%,f,210.0,t,t,Lawrence Hill,51.4568807,-2.5816885,Entire home/apt,2.0,0.0,0 baths,,1.0,1.0,365.0,1.0,365.0,4.0,315.0,14.0,t,148.0,3.0
2015-09-28,"Bristol, United Kingdom",within an hour,100%,89%,f,1.0,t,t,St George West,51.45963,-2.55023,Entire home/apt,2.0,1.0,1 bath,1.0,1.0,6.0,75.0,6.0,75.0,0.0,25.0,33.0,f,1.0,0.0
2018-04-22,"Bristol, United Kingdom",within an hour,100%,100%,f,1.0,t,t,Central,51.45692,-2.59916,Entire home/apt,4.0,1.0,1 bath,2.0,2.0,1.0,90.0,1.0,1125.0,8.0,227.0,452.87,f,1.0,0.0
2018-02-02,"Bristol, United Kingdom",within an hour,100%,96%,t,1.0,t,t,Brislington East,51.45095,-2.53681,Entire home/apt,2.0,1.0,1 bath,0.0,1.0,1.0,5.0,1.0,5.0,11.0,201.0,279.0,f,1.0,0.0
2012-09-14,"Bristol, United Kingdom",within a few hours,91%,84%,f,1.0,t,t,Clifton,51.45611,-2.61026,Entire home/apt,4.0,3.0,3 baths,2.0,2.0,1.0,1125.0,1.0,1125.0,4.0,32.0,102.0,f,1.0,0.0
2019-12-23,"Bristol, United Kingdom",within an hour,100%,89%,f,2.0,t,t,Windmill Hill,51.43965,-2.57346,Entire home/apt,3.0,1.0,1 bath,1.0,2.0,28.0,365.0,28.0,365.0,29.0,179.0,1.0,f,2.0,0.0
2016-01-25,"Bristol, United Kingdom",within an hour,100%,100%,t,2.0,t,t,Clifton Down,51.46101077600067,-2.611442226171332,Entire home/apt,4.0,1.0,1 bath,1.0,2.0,1.0,365.0,1.0,365.0,0.0,2.0,0.0,f,2.0,0.0
2024-09-09,,within an hour,100%,97%,f,2.0,f,t,Hillfields,51.47347586077348,-2.52,Entire home/apt,4.0,1.0,1 bath,2.0,3.0,1.0,50.0,1.0,50.0,1.0,7.0,3.0,f,2.0,1.0
2014-07-22,"Bristol, United Kingdom",within a few hours,100%,57%,f,1.0,t,t,Easton,51.45921146407544,-2.5568271888855065,Entire home/apt,4.0,1.0,1 bath,2.0,2.0,3.0,40.0,1.0,40.0,27.0,71.0,14.0,f,1.0,0.0
2016-12-02,,,,,f,3.0,t,f,Brislington East,51.43682,-2.54699,Private room,1.0,1.0,1 private bath,1.0,1.0,1.0,365.0,1.0,365.0,30.0,365.0,0.0,f,1.0,1.0
2013-10-21,"Bristol, United Kingdom",within an hour,100%,95%,t,1.0,t,t,Clifton Down,51.46363,-2.61061,Entire home/apt,2.0,1.0,1 bath,1.0,1.0,3.0,165.0,3.0,165.0,6.0,139.0,64.0,f,1.0,0.0
2016-03-31,"Bristol, United Kingdom",within an hour,100%,100%,f,210.0,t,t,Central,51.4504,-2.58847,Entire home/apt,2.0,1.0,1 bath,1.0,1.0,1.0,365.0,1.0,365.0,11.0,275.0,8.0,t,148.0,3.0
2016-01-28,"Bristol, United Kingdom",within an hour,100%,97%,f,1.0,t,t,Redland,51.47691,-2.59852,Entire home/apt,2.0,1.0,1 bath,0.0,1.0,2.0,5.0,2.0,1125.0,7.0,80.0,150.0,f,1.0,0.0
2022-06-30,,within an hour,100%,100%,f,54.0,t,t,St George Central,51.45978,-2.54,Entire home/apt,4.0,1.0,1 bath,2.0,4.0,1.0,365.0,1.0,1.0,0.0,219.0,2.0,t,32.0,0.0
2017-04-13,"Bristol, United Kingdom",within an hour,99%,97%,f,100.0,t,t,Clifton,51.45655,-2.61021,Entire home/apt,4.0,1.0,1 bath,1.0,3.0,1.0,1125.0,1.0,1125.0,3.0,300.0,18.0,f,67.0,0.0
2021-11-18,,,,,f,1.0,t,t,Hillfields,51.4675805,-2.5248091,Private room,2.0,1.0,1 shared bath,1.0,1.0,2.0,14.0,2.0,14.0,30.0,365.0,3.0,f,1.0,1.0
2019-02-11,"England, United Kingdom",within an hour,100%,100%,t,1.0,t,t,Windmill Hill,51.43962,-2.57929,Private room,4.0,1.0,1 private bath,1.0,3.0,3.0,30.0,1.0,30.0,10.0,44.0,210.0,f,1.0,1.0
2016-10-13,"Bristol, United Kingdom",,,0%,f,1.0,t,t,Easton,51.46603,-2.55593,Private room,2.0,1.0,1 bath,1.0,1.0,30.0,365.0,30.0,365.0,29.0,269.0,0.0,f,1.0,1.0
2017-04-13,"Bristol, United Kingdom",within an hour,99%,97%,f,100.0,t,t,Central,51.46044,-2.60207,Entire home/apt,2.0,1.0,1 bath,1.0,1.0,1.0,365.0,2.0,365.0,20.0,343.0,0.0,f,67.0,0.0
2022-01-08,"Bristol, United Kingdom",within an hour,100%,95%,t,20.0,t,t,Central,51.46033598377427,-2.593588973333485,Entire home/apt,6.0,2.0,2 baths,3.0,3.0,4.0,365.0,2.0,999.0,11.0,346.0,4.0,t,13.0,0.0
2015-12-18,"Bristol, United Kingdom",within an hour,100%,97%,f,33.0,t,t,Stoke Bishop,51.47191,-2.63477,Entire home/apt,4.0,2.0,2 baths,2.0,3.0,7.0,365.0,3.0,1125.0,30.0,72.0,4.0,t,26.0,0.0
2016-01-11,"Bristol, United Kingdom",,,,f,1.0,t,f,St George West,51.46104,-2.55434,Entire home/apt,4.0,1.0,1 bath,2.0,2.0,3.0,25.0,3.0,25.0,0.0,27.0,0.0,f,1.0,0.0
2021-10-18,"Bristol, United Kingdom",within a day,75%,40%,f,7.0,t,t,Ashley,51.47091,-2.58448,Private room,2.0,1.0,1 private bath,1.0,1.0,2.0,365.0,2.0,365.0,30.0,365.0,13.0,f,7.0,7.0
2015-02-28,"Bristol, United Kingdom",within an hour,100%,84%,t,2.0,t,t,Lockleaze,51.48244,-2.57897,Entire home/apt,5.0,1.0,1 bath,3.0,3.0,2.0,365.0,2.0,365.0,0.0,29.0,4.0,f,2.0,1.0
2016-03-31,"Bristol, United Kingdom",within an hour,100%,100%,f,210.0,t,t,Lawrence Hill,51.4568807,-2.5816885,Entire home/apt,2.0,0.0,0 baths,,1.0,1.0,365.0,1.0,365.0,19.0,342.0,5.0,t,148.0,3.0
2021-12-01,,within an hour,99%,97%,f,46.0,t,t,Central,51.46077,-2.60829,Entire home/apt,1.0,1.0,1 bath,1.0,1.0,1.0,365.0,1.0,999.0,26.0,361.0,7.0,t,30.0,0.0
2019-12-11,"England, United Kingdom",within an hour,97%,96%,t,3.0,t,t,Lawrence Hill,51.45567,-2.57696,Entire home/apt,4.0,1.0,1 bath,2.0,2.0,2.0,365.0,1.0,1125.0,28.0,130.0,125.0,f,2.0,0.0
2021-07-03,"Cheltenham, United Kingdom",within an hour,83%,100%,f,15.0,t,t,Ashley,51.46097,-2.58608,Entire home/apt,2.0,1.5,1.5 baths,1.0,1.0,2.0,28.0,2.0,1125.0,26.0,357.0,51.0,t,15.0,0.0
2015-12-18,"Bristol, United Kingdom",within an hour,100%,97%,f,33.0,t,t,Ashley,51.46108,-2.58701,Entire home/apt,3.0,1.0,1 bath,1.0,1.0,30.0,365.0,30.0,365.0,13.0,73.0,51.0,t,26.0,0.0
2016-02-27,"Bristol, United Kingdom",,,,f,1.0,t,t,Hartcliffe & Withywood,51.40252,-2.60008,Private room,1.0,1.0,1 shared bath,1.0,1.0,1.0,365.0,1.0,365.0,29.0,269.0,0.0,f,1.0,1.0
2018-09-08,,,,0%,f,1.0,t,f,Eastville,51.47328,-2.54845,Entire home/apt,6.0,1.0,1 bath,2.0,5.0,3.0,1125.0,3.0,1125.0,30.0,180.0,10.0,f,1.0,0.0
2015-01-27,,within an hour,100%,55%,f,6.0,t,t,Avonmouth & Lawrence Weston,51.49807,-2.66324,Entire home/apt,5.0,2.5,2.5 baths,3.0,4.0,7.0,365.0,1.0,365.0,30.0,263.0,1.0,t,4.0,0.0
2023-12-20,"Ubud, Indonesia",within an hour,100%,97%,t,1.0,t,t,Brislington West,51.43914,-2.55569,Entire home/apt,6.0,1.0,1 bath,3.0,3.0,2.0,1125.0,1.0,365.0,18.0,326.0,28.0,t,1.0,0.0
2013-10-20,"Bristol, United Kingdom",within an hour,100%,98%,t,2.0,t,t,St George Central,51.46319,-2.53086,Private room,2.0,2.0,2 baths,1.0,1.0,1.0,365.0,1.0,365.0,20.0,79.0,22.0,f,1.0,1.0
2021-07-03,"Cheltenham, United Kingdom",within an hour,83%,100%,f,15.0,t,t,Ashley,51.46054,-2.58474,Entire home/apt,2.0,1.0,1 bath,1.0,1.0,2.0,60.0,2.0,1125.0,28.0,361.0,14.0,t,15.0,0.0
2022-04-22,,a few days or more,0%,0%,f,1.0,f,t,Cotham,51.46255,-2.60351,Entire home/apt,6.0,3.5,3.5 baths,3.0,3.0,1.0,365.0,1.0,365.0,26.0,352.0,0.0,f,1.0,0.0
2022-02-04,,within an hour,100%,100%,f,3.0,t,f,Horfield,51.4949747,-2.5959413,Entire home/apt,6.0,2.5,2.5 baths,3.0,3.0,2.0,180.0,2.0,365.0,28.0,354.0,35.0,t,1.0,0.0
2014-08-04,"Bristol, United Kingdom",within a day,100%,75%,t,2.0,t,t,Clifton,51.4545,-2.61204,Entire home/apt,2.0,1.0,1 bath,1.0,1.0,7.0,200.0,7.0,200.0,0.0,223.0,66.0,f,2.0,0.0
2015-12-18,"Bristol, United Kingdom",within an hour,100%,97%,f,33.0,t,t,Redland,51.47479,-2.60995,Entire home/apt,2.0,1.0,1 bath,1.0,1.0,7.0,365.0,7.0,1125.0,0.0,41.0,2.0,t,26.0,0.0
2016-03-31,"Bristol, United Kingdom",within an hour,100%,100%,f,210.0,t,t,Hotwells & Harbourside,51.449651,-2.6152811,Entire home/apt,4.0,1.0,1 bath,2.0,2.0,1.0,365.0,1.0,365.0,1.0,174.0,23.0,t,148.0,3.0
2016-03-18,"Bristol, United Kingdom",within a few hours,100%,95%,t,2.0,t,t,Ashley,51.46655,-2.58788,Entire home/apt,2.0,1.0,1 bath,1.0,1.0,2.0,365.0,2.0,365.0,5.0,230.0,32.0,f,1.0,0.0
2022-01-05,,within an hour,84%,99%,f,210.0,t,t,Central,51.4564,-2.60724,Entire home/apt,2.0,1.0,1 bath,1.0,1.0,1.0,1125.0,1.0,2.0,29.0,362.0,0.0,t,3.0,0.0
2022-06-30,,within an hour,100%,100%,f,54.0,t,t,St George West,51.460793785326864,-2.550628802474244,Entire home/apt,4.0,1.0,1 bath,1.0,2.0,1.0,90.0,1.0,1.0,0.0,99.0,0.0,t,32.0,0.0
